/*
Navicat MySQL Data Transfer

Source Server         : bbb
Source Server Version : 50621
Source Host           : localhost:3306
Source Database       : tourdb

Target Server Type    : MYSQL
Target Server Version : 50621
File Encoding         : 65001

Date: 2017-10-19 18:51:42
*/

SET FOREIGN_KEY_CHECKS=0;

-- ----------------------------
-- Table structure for activities
-- ----------------------------
DROP TABLE IF EXISTS `activities`;
CREATE TABLE `activities` (
  `activity_id` int(11) NOT NULL AUTO_INCREMENT,
  `activity_ten` varchar(255) NOT NULL,
  `activity_mota` text NOT NULL,
  `activity_trangthai` varchar(255) DEFAULT NULL,
  `activity_hinhanh` varchar(255) NOT NULL,
  PRIMARY KEY (`activity_id`)
) ENGINE=InnoDB AUTO_INCREMENT=118 DEFAULT CHARSET=utf8;

-- ----------------------------
-- Records of activities
-- ----------------------------
INSERT INTO `activities` VALUES ('1', 'Đàn ca tài tử', 'Là một loại hình nghệ thuật của đàn và ca, do những người bình dân, thanh niên nam nữ nông thôn Nam Bộ hát ca sau những giờ lao động', '1', '');
INSERT INTO `activities` VALUES ('2', 'Tát mương bắt cá', 'Ai cũng xuống mương bắt cá nên dù nước ngang đầu gối, những chú cá lóc, cá trê béo tròn cũng không thoát khỏi những bàn tay \"săn mồi\", khiến tiếng cười vang khắp vườn.', '1', '');
INSERT INTO `activities` VALUES ('3', 'Câu cá giăng lưới giải trí', 'Hiện nay, đa số khách du lịch trong và ngoài nước rất yêu thích cảnh quan thiên nhiên, khám phá và trải nghiệm các hoạt động trong cuộc sống dân dã. Vì vậy, câu cá giải trí trở thành một trong những dịch vụ hút khách.', '1', '');
INSERT INTO `activities` VALUES ('4', 'Tham quan vườn trái cây', 'Bạn sẽ được đi vào vườn trái cây để tham quan, được tự tay lựa chọn những quả chín và thưởng thức ngay tại vườn.', '1', '');
INSERT INTO `activities` VALUES ('5', 'Bơi xuồng trên sông', 'Bạn sẽ được tự tay chèo thuyền, tự mình trải nghiệm cái hoạt động rất đỗi bình dân của người dân Nam Bộ.', '1', '');
INSERT INTO `activities` VALUES ('6', 'Đu dây thừng qua sông', 'Là một trải nghiệm không thể thiếu khi du lịch Bến Tre', '1', '');
INSERT INTO `activities` VALUES ('7', 'Tham quan cơ sở làm kẹo dừa', 'Hiện nay, kẹo dừa Bến tre là một đặc sản nổi tiếng của cả nước, mang đậm nét văn hóa của xứ sở dừa.', '1', '');
INSERT INTO `activities` VALUES ('8', 'Tắm biển', 'Dù không mang vẻ đẹp của những bài biển đầy cát trắng nhưng biển cồn Bửng của xứ dừa vẫn là điểm đến của nhiều trái tim yêu thích sự bình yên, dân dã của vùng đất mới.', '1', '');
INSERT INTO `activities` VALUES ('9', 'Chạy xe đạp trên cầu hẹp', 'Du khách từ nhiều nơi thích thú đổ về các khu du lịch sinh thai ở Bến Tre để trải nghiệm trò đạp xe qua cầu rộng 20cm được ví như \"cầu khỉ\" đầy mạo hiểm.', '1', '');
INSERT INTO `activities` VALUES ('10', 'Bóng nước', 'Với những quả bóng đầy màu sắc được bơm căng hơi, người chơi sẽ chui vào đó rồi thả mình bồng bềnh trên mặt nước.', '1', '');
INSERT INTO `activities` VALUES ('11', 'Trượt máng ở Núi Bà', 'Hệ thống máng trượt khép kín ở núi Bà sẽ mang đến cho du khách những trải nghiệm khác nhau về ngọn núi này.', '1', '');
INSERT INTO `activities` VALUES ('12', 'Cắm trại', '', '1', '');
INSERT INTO `activities` VALUES ('13', 'Leo núi', '', '1', '');
INSERT INTO `activities` VALUES ('14', 'Trải nghiệm các trò chơi trên nước', 'Bạn có thể tham gia vào hoạt động trải nghiệm của người dân là theo thuyền ra hồ đánh bắt cá hoặc tham gia các trò chơi trên nước như thuyền buồm, xuồng máy tốc độ cao.', '1', '');
INSERT INTO `activities` VALUES ('15', 'Hành hương', '', '1', '');
INSERT INTO `activities` VALUES ('16', 'Leo Phanxipan', 'Chinh phục nóc nhà Đông Dương là ước mơ của rất nhiều người trẻ. Nếu thích thử thách và chiến thắng bản thân mình thì còn ngại ngần gì nữa mà không lên đường. ', '1', '');
INSERT INTO `activities` VALUES ('17', 'Ngắm những thửa ruộng bậc thang kỳ vĩ nhất thế giới', 'Ruộng bậc thang ở Sa Pa được vinh danh là một trong những thửa ruộng bậc thang kì vĩ nhất thế giới. Thiên nhiên không chỉ ban tặng cho người dân ở vùng đất này cảnh quan và khí hậu lý tưởng. ', '1', '');
INSERT INTO `activities` VALUES ('18', 'Leo Hàm Rồng, ngắm thị trấn Sa Pa từ trên cao', 'Quan sát thị trấn từ chòi cao 1800m trên đỉnh Hàm Rồng là một trải nghiệm thú vị mà bất cứ ai đến Sa Pa cũng nên thử. Thị trấn ở một góc nhìn khác.', '1', '');
INSERT INTO `activities` VALUES ('19', 'Ngắm bình minh, hoàng hôn Sa Pa', 'Những cơn gió sáng sớm se lạnh sẽ làm bạn khẽ rùng mình. Ôm trong tay ly café ấm, đĩa trứng ốp la bên cạnh, nhìn ra ô sổ tại một khách sạn có góc nhìn đẹp. Bạn sẽ gặp một Sa Pa nhẹ nhàng trong sương sớm.', '1', '');
INSERT INTO `activities` VALUES ('20', 'Đi bộ, sống chậm ở Sa Pa', 'Du lịch đi bộ ở Sa Pa sẽ mang lại cho bạn những trải nghiệm không thể quên. Sapa là một trong những địa điểm du lịch đi bộ dài nhất trên thế giới.', '1', '');
INSERT INTO `activities` VALUES ('21', 'Ngủ homestay tại nhà một người dân tộc thiểu số', 'Đến Sa Pa, ngủ homestay trong nhà của một người dân tộc thiểu số. Ăn những món ăn dân giã đặc trưng, mới lạ. Thức giậy trong bản làng xa trung tâm thị trấn sẽ là một trải nghiệm tuyệt vời mà bạn không thể quên được khi đến với mảnh đất này.', '1', '');
INSERT INTO `activities` VALUES ('22', 'Tới thác Bạc và thác Tình Yêu', 'Đến thăm hai con thác này bạn sẽ không chỉ thấy sảng khoải khi tận hướng hơi nước mát lạnh. Mà còn được nghe câu chuyện truyền thuyết về thác Tình Yêu, nơi nàng tiên nữ thứ bảy nhà trời gặp chàng tiều phu. ', '1', '');
INSERT INTO `activities` VALUES ('23', 'Ngắm cảnh quan hùng vỹ nơi đỉnh Ô Quy Hồ', 'Cùng nằm trên đường đi Lai Châu, qua thác Bạc và thác Tình Yêu bạn sẽ được ghé thăm đỉnh đèo Ô Qui Hồ. Một trong tứ đại đèo của núi rừng phía Bắc. Đứng trên đỉnh đèo bạn sẽ nhìn thấy những con đường uống lượn nối liền hai tỉnh Lào Cai và Lai Châu. Cạnh đó', '1', '');
INSERT INTO `activities` VALUES ('24', 'Thưởng thức đặc sản Sa Pa', 'Sẽ thật đáng tiếc nếu bạn bỏ lỡ những món đặc sản hấp dẫn như: mầm đá, cá hồi –cá suối, lợn bản… cùng những hàng quán đồ nướng thơm phức vào ban đêm ở trung tâm thị trấn.', '1', '');
INSERT INTO `activities` VALUES ('25', 'Khám phá một Sa Pa không khách du lịch', 'Nếu leo Fansipan, đi bộ quanh trung tâm thị trấn và các bản làng du lịch không đem lại cho bạn cảm giác mới lạ khi đến Sa Pa.', '1', '');
INSERT INTO `activities` VALUES ('26', 'Thả diều ở Mũi Né', 'Thả diều tại Mũi Né là hoạt động được nhiều người lựa chọn, tại đây du khách có thể mượn hoặc thuê diều nhiều hình dạng khác nhau để thả, có từng loại cho người lớn hoặc trẻ nhỏ.', '1', '');
INSERT INTO `activities` VALUES ('27', 'Tham quan công viên tượng cát', 'Nổi tiếng với những bãi cát ngút ngàn nên khi du lịch Phan Thiết đừng quên ghé thăm công viên tượng cát Forgotten Land để chiêm ngưỡng những tác phẩm điêu khắc từ cát và nước của các nghệ sĩ điêu khắc đến từ 12 quốc gia.', '1', '');
INSERT INTO `activities` VALUES ('28', 'Câu mực đêm', 'Những món ăn từ mực tại Phan Thiết cũng là ấn tượng khó quên trong lòng du khách vì vậy hoạt động câu mực đêm là một trải nghiệm không thể thiếu trong hành trình khám phá vùng đất này.', '1', '');
INSERT INTO `activities` VALUES ('29', 'Đua xe địa hình', 'Khu đồi cát là địa điểm lý tưởng để trải nghiệm đua môtô địa hình 4 bánh, vượt qua nhiều con dốc cát. Nơi đây thu hút đông khách du lịch, đặc biệt là những người trẻ mê khám phá, mạo hiểm.', '1', '');
INSERT INTO `activities` VALUES ('30', 'Đi chợ làng chài', 'Bạn cần thức dậy sớm để đi chợ vì thuyền hải sản của ngư dân về lúc 4, 5h sáng. Cá, mực, tôm, cua… tươi rói được bày bán ngay tại bãi biển là điểm thu hút du khách của các chợ làng chài Mũi Né, Phú Thủy.', '1', '');
INSERT INTO `activities` VALUES ('31', 'Trượt zipline và chinh phục ngọn cây với trò highwire', 'Bằng cách treo người trên những sợi cáp dài và trượt dài từ đỉnh núi xuống chân núi, bạn sẽ trải qua cảm giác cực kỳ thú vị khi nhìn ngắm khung cảnh từ trên cao vô cùng hấp dẫn.', '1', '');
INSERT INTO `activities` VALUES ('32', 'Tắm suối khoáng nóng', ' Nguồn suối khoáng đặc biệt ở chỗ nhiệt độ nóng từ 30 độ và lên tới 60 độ C khi ở càng gần mạch nguồn. Bên cạnh đó, cũng có những trò chơi như ống trượt hay máng trượt tại khu công viên nước được các bạn trẻ thích thú.', '1', '');
INSERT INTO `activities` VALUES ('33', 'Nghe ca Huế trên sông Hương', 'Ngồi trên thuyền khoảng 1 tiếng đồng hồ, nghe hát mộc, không míc, thả cái đèn hoa đăng nho nhỏ trên dòng Hương làm cho buổi tối ở Huế thêm thú vị.', '1', '');
INSERT INTO `activities` VALUES ('34', 'Thăm Đại Nội, lăng tẩm', 'Thăm Đại Nội và lăng tẩm dường như là một phần không thể thiếu khi đến du lịch Huế, bởi lẽ, những dấu tích của một triều đại lâu đời trong lịch sử Việt Nam được thể hiện rõ ràng nhất trong chính đền đài lăng tẩm tại mảnh đất này.', '1', '');
INSERT INTO `activities` VALUES ('35', 'Khám phá ẩm thực Huế', 'Có hàng chục loại bánh ngon lành mà bạn nên thử, nào là bánh khoái giòn giòn vàng ươm như chiếc bánh xèo nho nhỏ, bánh bèo chén mỏng nhẹ trên khay với tôm chấy và tóp mỡ, bánh lọc xinh xinh nổi bật với màu cam đỏ của con tôm và mỡ trưng, hay bánh nậm mỏng', '1', '');
INSERT INTO `activities` VALUES ('36', 'Bà Nà Hills Fantasy Park', 'Dựa theo cuốn tiểu thuyết “Hành trình vào trung tâm trái đất” và “Hai vạn dăm dưới biển” của nhà văn người Pháp Jules Verne, Bà Nà Hills Mountain Resort đã cho ra đời khu vui chơi giải trí trong nhà với diện tích 21.000m2 mang đă', '1', '');
INSERT INTO `activities` VALUES ('37', 'Tham quan Bão tàng Sáp', 'Khu trưng bày tượng sáp Bà Nà Hills - Một trong những bảo tàng tượng sáp lớn trên thế giới cũng là khu trưng bày lớn nhất và duy nhất tại Việt Nam, là địa điểm tham quan thú vị không thể bỏ qua khi du khách đến với Khu Du Lịch Bà Nà Hills Mountain Resort.', '1', '');
INSERT INTO `activities` VALUES ('38', 'Trải nghiệm Cáp treo Bà Nà-Núi Chúa', 'Toàn bộ tuyến cáp treo bao gồm 22 trụ, 94 cabin, công suất 1500 khách/giờ, vận tốc trung bình 6m/s. Hiện nay Cáp treo Bà Nà đã đạt 4 kỉ lục được thế giới công nhận: kỉ lục về tuyến cáo treo một dây dài nhất, cáp treo có độ chênh lớn nhất, cáp treo có tổng', '1', '');
INSERT INTO `activities` VALUES ('39', 'Chơi Tàu hỏa leo núi', 'Trước đây, khi muốn tham quan vườn hoa Le Jardin D’Amour, hầm rượu Debay hay vườn Tịnh Tâm, quý khách phải phải xếp hàng, tốn khá nhiều thời gian. Tuy nhiên, với dịch vụ  “Tàu hỏa leo núi” hiện tại thì vấn đề này đã được khắc phục hoàn toàn. Không chỉ tiế', '1', '');
INSERT INTO `activities` VALUES ('40', 'Khu xe trượt ống', 'Bạn là người đam mê tốc độ và muốn tìm cảm giác mạnh trên cao? Hãy thử điều khiển xe trượt ống len lỏi qua những cung đường xoắn ốc đầy thách thức. Được thiết kế an toàn tuyệt đối cùng 2 vòng xoáy kép duy nhất tại Việt Nam, trò chơi này là lựa chọn hàng đ', '1', '');
INSERT INTO `activities` VALUES ('41', 'Tham quan Hầm rượu', 'Tọa lạc ngay trước tượng đức Phật Thích Ca Mâu Ni, được xây dựng vào năm 1923, hầm rượu cổ vẫn được bảo quản trong điền kiện rất tốt và trở thành điểm đến không thể bỏ qua của mọi du khách khi đến với Bà Nà. Nơi đây cất giữ các loại rượu ngon và hảo hạng ', '1', '');
INSERT INTO `activities` VALUES ('42', 'Vườn hoa LE JARDIN D’AMOUR\n', 'Được mở cửa từ tháng tư năm 2014, Vườn Hoa Tình Yêu điểm tô thêm vào cảnh sắc thiên nhiên tuyệt vời của khu du lịch Bà Nà, mang đến những giây phút bình yên và lãng mạn trong khung cảnh thiên nhiên đẹp tựa trong tranh.\n\nVới tổng cộng 7 héc-ta bao gồm Quản', '1', '');
INSERT INTO `activities` VALUES ('43', 'Tham quan Khu du lịch Tâm linh', 'Ở Bà Nà Hill, bạn có thể tìm thấy những biểu tượng mang tính tâm linh như chùa chiền, đền đài hay tượng các đức Phật. Chắc hẳn sẽ là điểm dừng chân cho những ai mong cầu bình an và sức khỏe cho gia đình.', '1', '');
INSERT INTO `activities` VALUES ('44', 'Tham quan Khu làng ẩm thực', 'Mang đến bạn các lựa chọn ẩm thực phong phú và độc đáo với nhiều nhà hàng khác nhau và các loại thực đơn chọn lọc – thực đơn gọi món, thực đơn nướng, thức ăn nhanh – sẽ chắc chắn làm hài lòng bạn.\n\nHầu hết các nhà hàng nằm tại Quảng Trường Du Dôme, ngay p', '1', '');
INSERT INTO `activities` VALUES ('45', 'Tắm biển tại các bãi tắm', 'Nếu ai du lịch đến Đà Nẵng đều muốn một lần tắm biển trên bãi biển Mỹ Khê. Vài các buổi chiều mùa hè tại bãi biển thường tập trung rất nhiều người hóng mát và tắm biển. Có 3 khu vực chính bãi tắm phục vụ du khách tại biển Mỹ Khê.\nNgay ngã ba đường Phạm Vă', '1', '');
INSERT INTO `activities` VALUES ('46', 'Chơi dù lượn', '', '1', '');
INSERT INTO `activities` VALUES ('47', 'Ngắm sông về đêm', '', '1', '');
INSERT INTO `activities` VALUES ('48', 'Ăn uống vui chơi khu vực ven sông', '', '1', '');
INSERT INTO `activities` VALUES ('49', 'Xem động vật hoang dã ban đêm', 'Tuỳ thuộc vào điều kiện thời tiết, Vườn quốc gia có thể tổ chức chương trình xem động vật hoang dã ban đêm, thực hiện chương trình này du khách sẽ có cơ hội được nhìn thấy một số loài động vật hoang dã như: Sóc đen, Sóc bay, Hoẵng, Culi và một số loài thú', '1', '');
INSERT INTO `activities` VALUES ('50', 'Xem chim', 'Cúc Phương là một trong những điểm đa dạng nhất về khu hệ chim ở miền Bắc Việt Nam, với 308 loài đã được phát hiện và thống kê, trong đó có nhiều loài quý hiếm như: Gõ kiến đầu đỏ, Gà lôi trắng, Niệc nâu, Đuôi cụt bụng vằn…, đặc biệt có nhiều là loài đặc ', '1', '');
INSERT INTO `activities` VALUES ('51', 'Đạp xe trong rừng\n', 'Một trong những hình thức khám phá bí ẩn của thiên nhiên Cúc Phương đó là đạp xe đạp trong rừng. Đạp xe trong rừng sẽ mang lại cho du khách không chỉ những cảm giác yên tĩnh, cảm nhận thực sự về thiên nhiên mà còn giúp cho du khách có được những cơ hội để', '1', '');
INSERT INTO `activities` VALUES ('52', 'Quan sát các loại bò sát, lưỡng cư, côn trùng', 'Cúc Phương là điểm đa dạng về bò sát, lưỡng cư và côn trùng. Hiện tại Vườn quốc gia đã điều tra và thống kê được 110 loài bò sát và lưỡng cư, 1899 loài côn trùng, trong đó có nhiều loài là loài đặc hữu của Cúc Phương và Việt Nam. Một số loài dễ bắt gặp và', '1', '');
INSERT INTO `activities` VALUES ('53', 'Thăm các điểm đa dạng sinh học\n', 'Hiện tại Cúc Phương đã thống kê được 43 điểm đa dạng sinh học, đây là kết quả từ sự hợp tác nghiên cứu giữa Vườn quốc gia Cúc Phương và nhóm hợp tác nghiên cứu đa dạng sinh học quốc tế (ICBG), thăm các điểm đa dạng sinh học này du khách sẽ có nhiều cơ hội', '1', '');
INSERT INTO `activities` VALUES ('54', 'Chương trình văn nghệ dân tộc\n', 'Đến với Cúc Phương, ngoài cơ hội chiêm ngưỡng những vẻ đẹp mà tạo hoá ban tặng, du khách còn được thưởng thức những điệu múa, những bài hát truyền thống của dân tộc Mường và các dân tộc vùng cao, những chàng trai, cô gái Mường trong trang phục truyền thốn', '1', '');
INSERT INTO `activities` VALUES ('55', 'bơi thuyền Kayak', 'Nghỉ lại tại Cúc Phương, du khách có thể tham gia nhiều hoạt động giải trí, thư giãn. Chèo thuyền kayak trên hồ Mạc và hồ Yên Quang là một trong những hoạt động hấp dẫn được nhiều du khách ưa thích.', '1', '');
INSERT INTO `activities` VALUES ('56', 'chèo thuyền ngắm cảnh', '', '1', '');
INSERT INTO `activities` VALUES ('57', 'Tham quan khu chùa Bái Đính mới', 'Trong những ngày lễ hội, chùa Bái Đính thường rất đông khách và nhộn nhịp. Một số điểm tham quan chính gồm cổng Tam Quan, tháp chuông, các điện Quan Âm, Pháp Chủ, Tam Thế. Trong đó:\n\nCổng Tam quan: Nơi đây được bố trí hai tượng Hộ pháp (ông thiện và ác) b', '1', '');
INSERT INTO `activities` VALUES ('58', 'Tham quan khu chùa Bái Đính cổ', 'Cách điện Tam Thế của khu chùa mới khoảng 800 m về phía nam, chùa Bái Đính cổ nằm gần đỉnh một rừng núi khá yên tĩnh, gồm một nhà tiền đường ở giữa. Bên phải là hang sáng thờ Phật, sau đó tới đền thờ thần Cao Sơn ở sát cuối cửa sau. Bên trái là đền thờ th', '1', '');
INSERT INTO `activities` VALUES ('59', 'Thưởng thức món ăn', 'Bạn có thể dừng chân nghỉ trưa và dùng bữa trong một nhà hàng ngay tại khuôn viên chùa Bái Đính. Các món nơi đây đa dạng gồm bánh bao, cháo đậu xanh, đùi gà, phở bò, cơm… nhưng nguyên liệu chay hoàn toàn. Giá cả chỉ dao động trong khoảng 5.000-25.000 đồng', '1', '');
INSERT INTO `activities` VALUES ('60', 'Ngồi xích lô\n', 'Từng là phương tiện đi lại phổ biến trong thế kỷ trước, hiện xích lô chỉ còn là nét văn hóa truyền thống Hà Nội và đa phần phục vụ du khách quốc tế. Trên những con phố thủ đô, bóng dáng loại phương tiện này cũng không xuất hiện nhiều. Với cuộc sống hối hả', '1', '');
INSERT INTO `activities` VALUES ('61', 'uống bia phố Tạ Hiện buổi tối\n', 'Người Hà Nội mê bia và cũng dành một tình cảm không nhỏ cho bia vỉa hè. Nhưng văn hóa uống bia đất Hà thành đặc biệt ở chỗ có hẳn một “phố bia” nổi tiếng- Tạ Hiện ', '1', '');
INSERT INTO `activities` VALUES ('62', 'Thưởng thức đặc sản Hà Nội', '', '1', '');
INSERT INTO `activities` VALUES ('63', 'Ngắm cảnh Hồ Tây hoàng hôn xuống', '', '1', '');
INSERT INTO `activities` VALUES ('64', 'Đi chơi buổi tối trong chuyến du lịch Sài Gòn\n\n', 'QUÁN BAR\nGIẢI TRÍ: XEM PHIM, XEM KICH', '1', '');
INSERT INTO `activities` VALUES ('65', 'Mua sắm Sài Gòn:\nChợ Bến Thành\nSaigon Square 1&2, Taka Plaza', 'Đây là địa chỉ mua sắm ưa thích của rất nhiều nữ công dân Sài Gòn. Với thế mạnh về quần áo, giày dép, túi xách, hàng bình dân và trung cấp, Sài Gòn Square thường xuyên tấp nập khách hàng, đặc biệt vào cuối tuần.\nCHỢ BÌNH TÂY\nDIAMOND PLAZA, PARKSON, VINCOM', '1', '');
INSERT INTO `activities` VALUES ('66', 'Tham quan cực Nam tổ quốc', '', '1', '');
INSERT INTO `activities` VALUES ('67', 'Chợ đêm Cà Mau', '', '1', '');
INSERT INTO `activities` VALUES ('68', 'Tham quan, ăn uống, mua sắm', 'Chợ Cái Răng thường họp khá sớm, thường từ lúc mờ sáng và đến khoảng 8, 9 giờ thì vãn. Những loại hàng hóa được bày bán trên ghe, thường thì mỗi ghe sẽ chuyên bán một loại mặt hàng. Du khách có thể mua các loại trái cây để thưởng thức hoặc làm quà. Du khá', '1', '');
INSERT INTO `activities` VALUES ('69', 'Đi bộ dọc bến Ninh Kiều', 'từ công viên bến Ninh Kiều du khách có thể nhìn thấy cầu Cần Thơ bề thế, nhìn sang là Xóm Chài mộc mạc và một dải cù lao xanh mướt. Nằm cạnh công viên là khu Chợ Nhà Lồng cổ Cần Thơ; và cảng Cần Thơ hiện đại.', '1', '');
INSERT INTO `activities` VALUES ('70', 'Tắm biển', 'Tại đây có các trò chơi dưới nước hấp dẫn như: moto nước, chèo thuyền kayak, phao chuối…đặc biệt thuê cao tốc chạy dọc bãi biển được nhiều du khách lựa chọn khi đến đây. Buổi chiều, nhiều phụ huynh đưa con em đến để tập bơi trong môi trường tự nhiên, vừa ', '1', '');
INSERT INTO `activities` VALUES ('71', 'Cúng, cầu nguyện', 'Đến thiền viện Trúc Lâm Phương Nam thưởng ngoạn khung cảnh và cầu an sẽ là chuyến hành hương đáng nhớ của bạn trong những ngày đầu năm mới. Bởi lẽ, các giá trị văn hóa, tâm linh thấm đẫm trong từng góc nhỏ của thiền viện chắc chắn sẽ mang lại cho du khách', '1', '');
INSERT INTO `activities` VALUES ('72', 'Xem và chơi chơi 1 vài trò chơi', 'các hoạt động như đua chó, đua heo, một ngày làm điền chủ, tát mương bắt cá, bơi thuyền, câu cá, tham quan làng nghề truyền thống, nghe đàn ca tài tử, xiếc khỉ…', '1', '');
INSERT INTO `activities` VALUES ('73', 'Tắm biển, ngắm hoàng hôn', 'Vào buổi bình minh và hoàng hôn,\n mặt trời đỏ rực như tan vào nước biển mênh mông. Bãi Trước như một nửa vành trăng tựa lưng vào đất liền, hai đầu là hai ngọn núi Tương Kỳ và Tao Phùng. Thiên nhiên sơn thuỷ hửu tình đã tạo cho Bãi Trước cảnh thơ mộng là b', '1', '');
INSERT INTO `activities` VALUES ('74', 'Tham quan, chiêm bái', 'Thích Ca Phật đài là một danh lam thắng cảnh nổi tiếng bậc nhất ở Vũng Tàu và miền Nam. Hằng năm, nơi đây tiếp đón cả triệu lượt du khách đến tham quan, chiêm bái.', '1', '');
INSERT INTO `activities` VALUES ('75', ' cáp treo Vũng Tàu', 'Là hệ thống Cáp Treo đầu tiên của tỉnh Bà Rịa - Vũng Tàu, được nhập từ châu Âu với công suất lớn nhất Việt Nam hiện nay, 2.000 người/giờ. Cáp Treo có tổng chiều dài hơn 500m, đưa du khách từ Nhà ga Cáp Treo số 1 lên đỉnh Núi Lớn, có độ cao 210 mét so với ', '1', '');
INSERT INTO `activities` VALUES ('76', 'Thăm các làng chài trên \nVịnh', 'Rời xa những ánh điện lung linh, xa hoa của các trung tâm thành phố, rời bỏ khỏi cuộc sống xô bồ của chốn thành thị. Các làng chài ven biển ở Hạ Long thật yên bình, trong lành, là điểm đến, điểm dừng chân lý thú cho các du khách. Điểm đến cho hoạt động tr', '1', '');
INSERT INTO `activities` VALUES ('77', 'Khám phá những hang \nđộng tuyệt đẹp', 'Vịnh Hạ Long được nhiều du\n khách ví như bức tranh thủy mặc của thiên nhiên, được tạo hóa ban cho một vẻ đẹp hoàn hảo. Và ở bức tranh thủy mặc đó, ngoài “nước và đá” như nhiều người thường nói, thì nơi đây còn nổi tiếng với những hang động đẹp và độc đáo.', '1', '');
INSERT INTO `activities` VALUES ('78', 'Thử sức với bộ môn leo núi', 'Không chỉ hấp dẫn bởi vẻ \nđẹp non nước hữu tình, biển trời thơ mộng, Vịnh Hạ Long với địa hình đa dạng và hiểm trở còn là một thách thức đối với những du khách yêu thích leo núi. Nếu bạn là một tín đồ của môn thể thao mạo hiểm này, chắc hẳn những mỏm đá g', '1', '');
INSERT INTO `activities` VALUES ('79', 'Ngắm Vịnh Hạ Long \ntừ thủy phi cơ', 'Nếu bạn đã từng trải nghiệm \nthưởng ngoạn khung cảnh Vịnh Hạ Long trên những chuyến du thuyền mà vẫn chưa thỏa mãn, vì chưa ngắm được những góc nhìn đẹp về Vịnh Hạ Long như trên phim ảnh từng quảng cáo thì không cách gì lý tưởng hơn là ngắm cảnh Vịnh Hạ L', '1', '');
INSERT INTO `activities` VALUES ('80', 'Ngủ đêm trên du thuyền', 'Tàu du lịch trên vịnh như một khách sạn thu nhỏ, cũng có phòng riêng, với chăn nệm sạch sẽ, điều hòa, có phòng tắm riêng. Thật thú vị khi bạn vừa có thể thư giãn ngay trong phòng riêng và mở cửa sổ ra bạn sẽ thấy nhìn những dãy núi, nước non hùng vĩ, nhữn', '1', '');
INSERT INTO `activities` VALUES ('81', 'Chèo thuyền Kayak', 'Nếu đi du lịch Hạ Long mà bạn không trải nghiệm qua các hành trình khám phá vịnh bằng thuyền Kayak thì quả là điều đáng hối tiếc. Khi ngồi trên chiếc thuyền Kayak bé nhỏ vừa khua mái chèo trên làn nước xanh, vừa ngắm cảnh thiên nhiên hút hồn, thật là điều', '1', '');
INSERT INTO `activities` VALUES ('82', 'Công viên Rồng (Dragon\n Park) & Công viên nước Typhoon (Typhoon Water Park)', 'nằm trong Tổ hợp Vui chơi giải trí Sun World Halong Park, là công viên giải trí đẳng cấp quốc tế với nhiều trò chơi mới lạ chưa từng có tại Việt Nam. Một thế giới những trò chơi phiêu lưu mạo hiểm được mở ra như Phi Long thần tốc, Tê Giác cuồng nộ, Theo d', '1', '');
INSERT INTO `activities` VALUES ('83', 'Cáp treo Nữ Hoàng', 'Hành trình nối từ ga Đại Dương đến ga Mặt Trời bằng cáp treo Nữ Hoàng là trải nghiệm không thể bỏ lỡ tại Sun World Hạ Long Park. Đây  là con đường duy nhất kết nối tổ hợp vui chơi giải trí ven biển với đỉnh Ba Đèo. Hơn nữa, du khách còn được chiêm ngưỡng ', '1', '');
INSERT INTO `activities` VALUES ('84', 'Vòng quay Mặt Trời', 'Ga đến của cáp treo là trung tâm vui chơi giải trí, điểm nhấn là vòng quay mặt trời khổng lồ trên đỉnh đồi Ba Đèo.\n\nSau khi lên tới đỉnh đồi Ba Đèo, hành khách có thể phóng tầm mắt nhìn trọn vẹn cầu Bãi Cháy, cảng Cái Lân, Hòn Gai và thành phố Hạ Long phí', '1', '');
INSERT INTO `activities` VALUES ('85', 'Tham quan Vinpearl\n Safari', 'Vinpearl Safari là mô hình vườn thú mở lớn nhất Việt Nam với diện tích khoảng 500 hecta, quy tụ khoảng 130 loài với hơn 2.200 cá thể động vật quý hiếm. Vinpearl Safari được chia gồm hai phân khu chính: khu vườn thú mở (open zoo) dành cho khách tham quan g', '1', '');
INSERT INTO `activities` VALUES ('86', 'Khu vui chơi giải trí \nVinpearl Phú Quốc', 'Được xây dựng trên tổng\n diện tích lên đến 170.000m², khu vui chơi giải trí Vinpearl Phú Quốc bao gồm nhiều địa điểm vui chơi hấp dẫn như: Công viên nước, Thủy Cung, Khu vui chơi ngoài trời, Rạp chiếu phim, Phố ẩm thực và mua sắm, Lâu đài cổ tích… Ngoài r', '1', '');
INSERT INTO `activities` VALUES ('87', 'Khám phá chợ đêm\n Dinh Cậu', 'Chợ đêm Dinh Cậu là khu chợ sầm uất trên đường Võ Thị Sáu, bắt đầu từ đường Bạch Đằng đến ngã ba Trần Hưng Đạo, kéo dài trên 200m. Chợ họp gần bãi biển, trung tâm thị trấn Dương Đông, cách Dinh Cậu chừng 100m. Chợ nhóm họp từ 17 giờ đến 21-22 giờ. Toàn kh', '1', '');
INSERT INTO `activities` VALUES ('88', 'Lặn biển ngắm san hô', 'Hệ thống sinh thái biển đa \ndạng thuộc quần đảo An Thới phía Nam hay hòn Móng Tay, hòn Đồi Mồi và hòn Thầy Bói phía Bắc đảo Phú Quốc là những nơi lý tưởng để du khách khám phá thế giới đại dương, đặc biệt hơn cả là các dải san hô nơi đây đứng đầu bảng tại', '1', '');
INSERT INTO `activities` VALUES ('89', 'Câu cá khám phá đảo\n hoang', 'Tour này sẽ đưa bạn đến với một hòn đảo hay bờ biển nhiều loài cá như cá mú, cá tràm, cá lù, cá đổng. Chiến lợi phẩm là cá câu đươc sẽ được phục vụ ngay trên tàu. Vừa câu cá, nhóm bạn vừa có thể tổ chức cắm trại, dã ngoại và khám phá thêm những vùng đất x', '1', '');
INSERT INTO `activities` VALUES ('90', 'Khám phá rừng nguyê\nn sinh', 'Nếu bạn là người ưa thích mạo hiểm thì đây chính là chọn lựa dành cho bạn. Bạn có thể đặt tour khám phá Bắc đảo hoặc đi Khu bảo tồn sinh thái suối Đá Ngọn hoặc Khu bảo tồn sinh thái Gành Dầu. Một số du khách ưa mạo hiểm tự mình khám phá rừmg nguyên sinh h', '1', '');
INSERT INTO `activities` VALUES ('91', 'Câu mực đêm', 'Khi màn đêm buông xuống là lúc để trải nghiệm những giây phút vừa thư giãn thú vị cùng các ngư dân với hoạt động câu mực đêm. Sẽ không gì bằng khi chính tay bạn câu được những con mực đang săn mồi dưới biển hay vớt được những chú cá kiếm, cá xanh xương đa', '1', '');
INSERT INTO `activities` VALUES ('92', 'Tắm biển, bật nhạc nằm chill trên bãi cát ', 'Đến Nam Du, tất nhiên việc\n đầu tiên bạn nghĩ đến sẽ là tắm biển, bởi trời ơi, làm sao bạn có thể cưỡng lại trước cảnh bãi cát trắng, nước trong vắt xanh như ngọc mà Nam Du bày ra trước mặt được cơ chứ?\n\nỞ đây, bạn có thể ghé nhiều bãi khác nhau để tắm bi', '1', '');
INSERT INTO `activities` VALUES ('93', 'Ngắm hoàng hôn', 'Chẳng ai ghé thăm biển đảo mà lại bỏ về khi chưa ngắm hoàng hôn, thật đấy! Có thể mỗi người lại có một lý do, một dự định riêng khi ngắm hoàng hôn ở biển, nhưng đến Nam Du rồi, dù bạn chẳng có lý do hay dự định gì thì bạn cũng chẳng thể rời mắt được cảnh ', '1', '');
INSERT INTO `activities` VALUES ('94', ' Lặn ngắm san hô', 'Từ hòn Mấu ghé qua hòn Dầu\n rất gần, vậy nên nếu bạn đang đi thăm hòn Mấu, hãy nhắn thuyền đưa ra hòn Dầu chơi. Hòn Dầu nức tiếng với những rặng san hô dày và tuyệt đẹp, vậy nên bạn nhất quyết không được quên kính bơi và đồ bơi để lặn ngắm san hô đâu đấy.', '1', '');
INSERT INTO `activities` VALUES ('95', ' Ghé thăm làng chài \n', 'Ở Nam Du, du lịch mới chỉ bắt đầu\n nhen nhóm, vậy nên bạn sẽ chẳng tìm được một dịch vụ sang chảnh, hoành tráng được trang bị tận răng đâu. Nhưng vậy lại hay, bởi bạn sẽ được những người dân bản địa đưa đi thăm thú, nhìn ngắm những vẻ đẹp, những lát cắt c', '1', '');
INSERT INTO `activities` VALUES ('96', 'Cắm trại bên bờ biển ', 'Nam Du rất hợp để đi theo nhóm, \nvậy nên nếu bạn ưa phiêu lưu, yêu cuộc sống hoang sơ thì đừng bỏ qua cơ hội cắm trại ở nơi này. Nam Du có rất nhiều điểm cắm trại được, và rất đẹp. Cứ nghĩ đến cảnh đêm nằm nghe sóng vỗ rì rào, rồi sáng mở mắt thấy bình mi', '1', '');
INSERT INTO `activities` VALUES ('97', ' Nhất định phải ăn \ncá xương xanh, cháo mực', 'Đừng đến Nam Du nếu bạn không\n biết ăn hải sản, hoặc bị dị ứng. Đùa thôi, nhưng sự thật là, hải sản ở Nam Du ngon đến nỗi, bạn chỉ ước giá như ngày nào mình cũng được ních thoả thích một bụng đầy. Hải sản tươi vừa mới đánh bắt, những con nhum còn thơm mùi', '1', '');
INSERT INTO `activities` VALUES ('98', 'Lên hải đăng ngắm cảnh', 'Là một hòn đảo đẹp và còn nhiều\n nét hoang sơ, vậy nên sẽ rất tuyệt nếu bạn ngắm được toàn cảnh từ trên hải đăng. Hải đăng ở đây tui không quá hoành tráng, thế nhưng lại là nơi ngắm đảo đẹp nhất, có thể giúp bạn dễ dàng bao quát khung cảnh toàn bộ hòn đảo', '1', '');
INSERT INTO `activities` VALUES ('99', 'thuê xe máy đi thăm \nThạch Động, Núi Đá Dựng, Khu du lịch Mũi Nai.', 'Tại đây bạn có thể thuê chỗ ngồi \nbên bờ biển tắm biển, ngắm sóng vỗ, đón gió biển, thưởng thức các món hải sản.\nTiếp tục hành trình Mũi Đèn, rồi đến Chùa Hang, bạn sẽ mất khá nhiều thời gian ở đây bởi phong cảnh đẹp sẽ níu giữ chân bạn. Sau khi thăm quan', '1', '');
INSERT INTO `activities` VALUES ('100', 'Đi dạo và mua sắm chợ đêm Hà Tiên', 'Buổi tối có thể đi dạo thị trấn, vào\n Chợ đêm chơi (Chợ đêm Hà Tiên nằm gần khu vực cầu phao cũ, nay là bến tàu du lịch. Chợ bày bán các đồ lưu niệm, các loại đặc sản phụ vụ nhu cầu của du khách.)', '1', '');
INSERT INTO `activities` VALUES ('101', 'Tắm biển, câu mực,\ncá ban đêm và lặn biển bắt sò, ghẹ, ốc…', 'Trên đảo có bãi biển cát trắng rất\n đẹp trải dài mấy trăm mét, bạn có thể tắm biển thoải mái, chơi các trò chơi trên bãi các tự túc, hoặc thuê kính lặn biển đi ngắm san hô gần bờ, mò cua bắt ốc quanh các gành đá có rất nhiều.\nMột trong những hoạt động khô', '1', '');
INSERT INTO `activities` VALUES ('102', 'Bắt hào', 'lặn xuống biển cạy hào \nbám ở ghềnh đá để thưởng thức.', '1', '');
INSERT INTO `activities` VALUES ('103', ' Tham quan khu đô thị lấn \nbiển', 'đi dạo hóng gió biển, uống cafe, \ndạo đường Tôn Đức Thắng ', '1', '');
INSERT INTO `activities` VALUES ('104', 'Tham quan đình Nguyễn\n Trung Trực', 'Đến đây du khách không chỉ tham quan, mà còn cầu an cho mọi điều tốt lành sẽ đến, cầu cho mưa thuận gió hòa, vụ mùa bội thu,.. ', '1', '');
INSERT INTO `activities` VALUES ('105', 'Đi thuyền thăm quan các đảo', 'Do quần đảo Bà Lụa có rất nhiều \nđảo nhỏ khác, dịch vụ du lịch không phải đảo nào cũng có, nếu muốn tham quan hết cũng hết sức khó khăn vì vậy bạn nên chọn một vài quần đảo đẹp để đi. Ba Hòn Đầm (Hòn Đước, hòn Đàm Dương, hòn Giếng) là những hòn đảo đẹp đư', '1', '');
INSERT INTO `activities` VALUES ('106', 'Cắm trại trên biển', 'Sẽ thật đáng tiếc nếu bạn không\n cắm trại ở biển 1 đêm, trải nghiệm cảm giác nằm nghe tiếng sóng vỗ ngay bên tai mình hay cảm giác bị đánh thức bởi những tia nắng mặt trời sớm mai len qua các lều trại. Buổi tối các nhóm có thể quây quần bên đống lửa trại,', '1', '');
INSERT INTO `activities` VALUES ('107', 'Thử làm ngư dân trên đảo', 'Hải sản trên đảo khá phong phú, chẳng cần tàu thuyền, chẳng cần ra ngoài khơi xa bạn cũng có thể kiếm cho mình một ít hải sản ngay tại các bãi biển, trên các ghềnh đá. Cua, ốc, hàu… là loại hải sản dễ tìm thấy và dễ bắt nhất, hãy thử cảm giác của một ngư ', '1', '');
INSERT INTO `activities` VALUES ('108', 'Ngắm hoàng hôn và bình \nminh trên đảo', 'Hoàng hôn và bình minh trên đảo Bà Lụa có lẽ là thời khắc đẹp nhất của thiên nhiên. Bạn sẽ không khỏi ngạc nhiên thích thú khi mặt trời mọc và lặn xuống biển với ráng hồng tuyệt đẹp, xa xa một vài chiếc thuyền nghe đang lên trên biển. Không khí trở nên tĩ', '1', '');
INSERT INTO `activities` VALUES ('109', 'Câu cá', 'Hồ Hoa mai một địa điểm ưa thích \ncủa các tín đồ  câu cá. Vì ở đây khu câu cá phục vụ nhu cầu giải trí của du khách. Chỉ mất khoảng 40.000đồng/vé/người/ngày cộng với 30.000 đồng thuê một chiếc xuồng 3 lá  là bạn có thể thỏa thích câu cá, với số lượng cá k', '1', '');
INSERT INTO `activities` VALUES ('110', 'Đu dây vượt thác Datanla', 'Những ai yêu thích mạo hiểm và muốn thử thách tinh thần thép của bản thân thì chắc chắn sẽ rất thích thú với trải nghiệm này. Với địa điểm là thác Datanla, một trong những dòng thác hùng vĩ, vách đá cheo leo và đẹp nhất của Đà Lạt, bạn sẽ cảm nhận rõ được', '1', '');
INSERT INTO `activities` VALUES ('111', 'Tham gia máng trượt thác', 'Với chiều dài là 1.650m chạy uốn \nlượn qua những dòng suối ở giữa khu rừng nguyên sinh để đến thác Đasara bốn tầng nằm dưới chân thác Dambri hùng vĩ, hệ thống máng trượt này được đầu tư hoành tráng và xây dựng nên nhằm thỏa mãn nhu cầu thám hiểm vẻ đẹp củ', '1', '');
INSERT INTO `activities` VALUES ('112', 'Chinh phục đỉnh Langbiang \nhuyền thoại', 'LangBiang được xem như nóc nhà\n Đà Lạt và là nơi tôn thờ tình yêu vĩnh cửu giữa chàng K’lang và nàng H’biang xinh đẹp. Núi LangBiang nằm trong khu vực bảo tồn LangBiang có diện tích 275.439 ha, được UNESCO công nhận là Khu dự trữ sinh quyển thế giới. Có 2', '1', '');
INSERT INTO `activities` VALUES ('113', 'Uống cà phê, sữa đậu nành\n nóng ở Đà Lạt', 'Hãy thử tưởng tượng xem, trong \ncái trong khí se lạnh của buổi sớm tinh mơ hay trời chập tối mà được thưởng thức những ly cà phê hay sữa đậu nóng ấm thì cảm giác tuyệt vời như thế nào. Ngoài ra, Đà Lạt còn là xứ sở của cà phê nên không khó để bạn tìm thấy', '1', '');
INSERT INTO `activities` VALUES ('114', 'Khám phá ẩm thực Đà Lạt tại\n chợ đêm', 'Vốn không chỉ nổi tiếng với các\n món nướng và lẩu mà tại chợ Đà Lạt còn tập trung vô số những món ăn ngon và hấp dẫn khác từ khắp các vùng miền. Điểm chung ở đây chính là các món ăn đều theo phương châm “nhanh – rẻ – ngon” nên sẽ thỏa mãn được bất kỳ nhu ', '1', '');
INSERT INTO `activities` VALUES ('115', 'Vượt cầu thang bộ hàng trăm\n mét để tham quan', 'Để tham quan hết các tầng thác ở \nDatanla bằng việc đi bộ qua những cung bậc thang được xây bằng xi măng, phủ đầy rêu xanh trơn trượt, quả thật là một thách thức không nhỏ. Nó đòi hỏi bạn phải có sức khỏe, yêu thích khám phá mới lặn lội, vượt hàng trăm mé', '1', '');
INSERT INTO `activities` VALUES ('116', 'Đi cáp treo ngắm thác và rừng xanh trên cao', 'Cáp treo đi xuyên qua rừng, thác,\n núi cao, và những vách đá... mang lại cho du khách nhiều ấn tượng bất ngờ khi được chiêm ngưỡng vẻ đẹp non nước của vùng đất này từ trên cao.', '1', '');
INSERT INTO `activities` VALUES ('117', 'Trượt thác', 'Trải nghiệm trượt thác hoặc chèo\n thuyền qua các ghềnh thác thu hút không chỉ khách địa phương, trong nước mà còn cả các bạn quốc tế. Tuy có phần nguy hiểm, hoạt động này mang lại cho bạn cảm giác sảng khoái, khỏe khoắn và nhất là được thưởng thức những t', '1', '');

-- ----------------------------
-- Table structure for activityimages
-- ----------------------------
DROP TABLE IF EXISTS `activityimages`;
CREATE TABLE `activityimages` (
  `activityimage_id` int(11) NOT NULL AUTO_INCREMENT,
  `activityimage_hinhanh` varchar(255) CHARACTER SET latin1 DEFAULT NULL,
  `activity_id` int(11) DEFAULT NULL,
  PRIMARY KEY (`activityimage_id`),
  KEY `image_activity` (`activity_id`),
  CONSTRAINT `image_activity` FOREIGN KEY (`activity_id`) REFERENCES `activities` (`activity_id`)
) ENGINE=InnoDB DEFAULT CHARSET=utf8;

-- ----------------------------
-- Records of activityimages
-- ----------------------------

-- ----------------------------
-- Table structure for blogimages
-- ----------------------------
DROP TABLE IF EXISTS `blogimages`;
CREATE TABLE `blogimages` (
  `blogimage_id` int(11) NOT NULL AUTO_INCREMENT,
  `blogimage_hinhanh` varchar(256) CHARACTER SET latin1 DEFAULT NULL,
  `blogimage_trangthai` tinyint(1) NOT NULL,
  `blog_id` int(11) DEFAULT NULL,
  PRIMARY KEY (`blogimage_id`),
  KEY `blog_fk` (`blog_id`),
  CONSTRAINT `blog_fk` FOREIGN KEY (`blog_id`) REFERENCES `blogs` (`blog_id`)
) ENGINE=InnoDB AUTO_INCREMENT=17 DEFAULT CHARSET=utf8;

-- ----------------------------
-- Records of blogimages
-- ----------------------------
INSERT INTO `blogimages` VALUES ('1', 'blog2.jpg', '1', '1');
INSERT INTO `blogimages` VALUES ('2', 'blog3.jpg', '1', '1');
INSERT INTO `blogimages` VALUES ('3', 'blog4.jpg', '1', '1');
INSERT INTO `blogimages` VALUES ('4', 'blog5.jpg', '1', '2');
INSERT INTO `blogimages` VALUES ('5', 'blog6.jpg', '0', '3');
INSERT INTO `blogimages` VALUES ('6', 'blog7.jpg', '0', '3');
INSERT INTO `blogimages` VALUES ('7', 'blog8.jpg', '1', '4');
INSERT INTO `blogimages` VALUES ('9', 'blog9.jpg', '1', '4');
INSERT INTO `blogimages` VALUES ('10', 'blog10.jpg', '0', '5');
INSERT INTO `blogimages` VALUES ('11', 'blog11.jpg', '0', '6');
INSERT INTO `blogimages` VALUES ('12', 'blog12.jpg', '1', '7');
INSERT INTO `blogimages` VALUES ('13', 'blog13.jpg', '0', '7');
INSERT INTO `blogimages` VALUES ('14', 'blog14.jpg', '0', '8');
INSERT INTO `blogimages` VALUES ('15', 'blog15.jpg', '1', '8');
INSERT INTO `blogimages` VALUES ('16', 'blog16.jpg', '0', '9');

-- ----------------------------
-- Table structure for blogs
-- ----------------------------
DROP TABLE IF EXISTS `blogs`;
CREATE TABLE `blogs` (
  `blog_id` int(11) NOT NULL AUTO_INCREMENT,
  `blog_tomtat` varchar(255) NOT NULL,
  `blog_tieude` varchar(255) NOT NULL,
  `blog_noidung` varchar(2000) NOT NULL,
  `blog_hinhanh` varchar(255) CHARACTER SET latin1 NOT NULL,
  `blog_trangthai` tinyint(1) NOT NULL,
  `user_id` int(11) DEFAULT NULL,
  PRIMARY KEY (`blog_id`),
  KEY `blog_account_fkn` (`user_id`),
  CONSTRAINT `blogfk` FOREIGN KEY (`user_id`) REFERENCES `users` (`user_id`)
) ENGINE=InnoDB AUTO_INCREMENT=10 DEFAULT CHARSET=utf8;

-- ----------------------------
-- Records of blogs
-- ----------------------------
INSERT INTO `blogs` VALUES ('1', 'Doloremque laudantium, totam rem. Aperiam, eaque ipsa quae ab illo inventore veritatis et quasi architecto', 'GALLERY POST FORMAT 1', 'Doloremque laudantium, totam rem. Aperiam, eaque ipsa quae ab illo inventore veritatis et quasi architecto beatae vitae dicta Doloremque laudantium, totam rem. Aperiam, eaque ipsa quae ab illo inventore veritatis et quasi architecto beatae vitae dicta Doloremque laudantium, totam rem. Aperiam, eaque ipsa quae ab illo inventore veritatis et quasi architecto beatae vitae dicta Doloremque laudantium, totam rem. Aperiam, eaque ipsa quae ab illo inventore veritatis et quasi architecto beatae vitae dicta Doloremque laudantium, totam rem. Aperiam, eaque ipsa quae ab illo inventore veritatis et quasi architecto beatae vitae dicta Doloremque laudantium, totam rem. Aperiam, eaque ipsa quae ab illo inventore veritatis et quasi architecto beatae vitae dicta Doloremque laudantium, totam rem. Aperiam, eaque ipsa quae ab illo inventore veritatis et quasi architecto beatae vitae dicta Doloremque laudantium, totam rem. Aperiam, eaque ipsa quae ab illo inventore veritatis et quasi architecto beatae vitae dicta Doloremque laudantium, totam rem. Aperiam, eaque ipsa quae ab illo inventore veritatis et quasi architecto beatae vitae dicta Doloremque laudantium, totam rem. Aperiam, eaque ipsa quae ab illo inventore veritatis et quasi architecto beatae vitae dicta Doloremque laudantium, totam rem. Aperiam, eaque ipsa quae ab illo inventore veritatis et quasi architecto beatae vitae dicta Doloremque laudantium, totam rem. Aperiam, eaque ipsa quae ab illo inventore veritatis et quasi architecto beatae vitae dicta Doloremque laudantium, totam rem. Aperiam, eaque ipsa quae ab illo inventore veritatis et quasi architecto beatae vitae dicta Doloremque laudantium, totam rem. Aperiam, eaque ipsa quae ab illo inventore veritatis et quasi architecto beatae vitae dicta Doloremque laudantium, totam rem. Aperiam, eaque ipsa quae ab illo inventore veritatis et quasi architecto beatae vitae dicta   ', 'blog9.jpg', '0', null);
INSERT INTO `blogs` VALUES ('2', 'Doloremque laudantium, totam rem. Aperiam, eaque ipsa quae ab illo inventore veritatis et quasi architecto', 'GALLERY POST FORMAT 2', 'Doloremque laudantium, totam rem. Aperiam, eaque ipsa quae ab illo inventore veritatis et quasi architecto beatae vitae dicta Doloremque laudantium, totam rem. Aperiam, eaque ipsa quae ab illo inventore veritatis et quasi architecto beatae vitae dicta Doloremque laudantium, totam rem. Aperiam, eaque ipsa quae ab illo inventore veritatis et quasi architecto beatae vitae dicta Doloremque laudantium, totam rem. Aperiam, eaque ipsa quae ab illo inventore veritatis et quasi architecto beatae vitae dicta Doloremque laudantium, totam rem. Aperiam, eaque ipsa quae ab illo inventore veritatis et quasi architecto beatae vitae dicta Doloremque laudantium, totam rem. Aperiam, eaque ipsa quae ab illo inventore veritatis et quasi architecto beatae vitae dicta Doloremque laudantium, totam rem. Aperiam, eaque ipsa quae ab illo inventore veritatis et quasi architecto beatae vitae dicta Doloremque laudantium, totam rem. Aperiam, eaque ipsa quae ab illo inventore veritatis et quasi architecto beatae vitae dicta Doloremque laudantium, totam rem. Aperiam, eaque ipsa quae ab illo inventore veritatis et quasi architecto beatae vitae dicta Doloremque laudantium, totam rem. Aperiam, eaque ipsa quae ab illo inventore veritatis et quasi architecto beatae vitae dicta Doloremque laudantium, totam rem. Aperiam, eaque ipsa quae ab illo inventore veritatis et quasi architecto beatae vitae dicta Doloremque laudantium, totam rem. Aperiam, eaque ipsa quae ab illo inventore veritatis et quasi architecto beatae vitae dicta Doloremque laudantium, totam rem. Aperiam, eaque ipsa quae ab illo inventore veritatis et quasi architecto beatae vitae dicta Doloremque laudantium, totam rem. Aperiam, eaque ipsa quae ab illo inventore veritatis et quasi architecto beatae vitae dicta Doloremque laudantium, totam rem. Aperiam, eaque ipsa quae ab illo inventore veritatis et quasi architecto beatae vitae dicta   ', 'blog2.jpg', '0', null);
INSERT INTO `blogs` VALUES ('3', 'Doloremque laudantium, totam rem. Aperiam, eaque ipsa quae ab illo inventore veritatis et quasi architecto', 'GALLERY POST FORMAT 3', 'Doloremque laudantium, totam rem. Aperiam, eaque ipsa quae ab illo inventore veritatis et quasi architecto beatae vitae dicta Doloremque laudantium, totam rem. Aperiam, eaque ipsa quae ab illo inventore veritatis et quasi architecto beatae vitae dicta Doloremque laudantium, totam rem. Aperiam, eaque ipsa quae ab illo inventore veritatis et quasi architecto beatae vitae dicta Doloremque laudantium, totam rem. Aperiam, eaque ipsa quae ab illo inventore veritatis et quasi architecto beatae vitae dicta Doloremque laudantium, totam rem. Aperiam, eaque ipsa quae ab illo inventore veritatis et quasi architecto beatae vitae dicta Doloremque laudantium, totam rem. Aperiam, eaque ipsa quae ab illo inventore veritatis et quasi architecto beatae vitae dicta Doloremque laudantium, totam rem. Aperiam, eaque ipsa quae ab illo inventore veritatis et quasi architecto beatae vitae dicta Doloremque laudantium, totam rem. Aperiam, eaque ipsa quae ab illo inventore veritatis et quasi architecto beatae vitae dicta Doloremque laudantium, totam rem. Aperiam, eaque ipsa quae ab illo inventore veritatis et quasi architecto beatae vitae dicta Doloremque laudantium, totam rem. Aperiam, eaque ipsa quae ab illo inventore veritatis et quasi architecto beatae vitae dicta Doloremque laudantium, totam rem. Aperiam, eaque ipsa quae ab illo inventore veritatis et quasi architecto beatae vitae dicta Doloremque laudantium, totam rem. Aperiam, eaque ipsa quae ab illo inventore veritatis et quasi architecto beatae vitae dicta Doloremque laudantium, totam rem. Aperiam, eaque ipsa quae ab illo inventore veritatis et quasi architecto beatae vitae dicta Doloremque laudantium, totam rem. Aperiam, eaque ipsa quae ab illo inventore veritatis et quasi architecto beatae vitae dicta Doloremque laudantium, totam rem. Aperiam, eaque ipsa quae ab illo inventore veritatis et quasi architecto beatae vitae dicta   ', 'blog5.jpg', '0', null);
INSERT INTO `blogs` VALUES ('4', 'Doloremque laudantium, totam rem. Aperiam, eaque ipsa quae ab illo inventore veritatis et quasi architecto', 'GALLERY POST FORMAT 4', 'Doloremque laudantium, totam rem. Aperiam, eaque ipsa quae ab illo inventore veritatis et quasi architecto beatae vitae dicta Doloremque laudantium, totam rem. Aperiam, eaque ipsa quae ab illo inventore veritatis et quasi architecto beatae vitae dicta Doloremque laudantium, totam rem. Aperiam, eaque ipsa quae ab illo inventore veritatis et quasi architecto beatae vitae dicta Doloremque laudantium, totam rem. Aperiam, eaque ipsa quae ab illo inventore veritatis et quasi architecto beatae vitae dicta Doloremque laudantium, totam rem. Aperiam, eaque ipsa quae ab illo inventore veritatis et quasi architecto beatae vitae dicta Doloremque laudantium, totam rem. Aperiam, eaque ipsa quae ab illo inventore veritatis et quasi architecto beatae vitae dicta Doloremque laudantium, totam rem. Aperiam, eaque ipsa quae ab illo inventore veritatis et quasi architecto beatae vitae dicta Doloremque laudantium, totam rem. Aperiam, eaque ipsa quae ab illo inventore veritatis et quasi architecto beatae vitae dicta Doloremque laudantium, totam rem. Aperiam, eaque ipsa quae ab illo inventore veritatis et quasi architecto beatae vitae dicta Doloremque laudantium, totam rem. Aperiam, eaque ipsa quae ab illo inventore veritatis et quasi architecto beatae vitae dicta Doloremque laudantium, totam rem. Aperiam, eaque ipsa quae ab illo inventore veritatis et quasi architecto beatae vitae dicta Doloremque laudantium, totam rem. Aperiam, eaque ipsa quae ab illo inventore veritatis et quasi architecto beatae vitae dicta Doloremque laudantium, totam rem. Aperiam, eaque ipsa quae ab illo inventore veritatis et quasi architecto beatae vitae dicta Doloremque laudantium, totam rem. Aperiam, eaque ipsa quae ab illo inventore veritatis et quasi architecto beatae vitae dicta Doloremque laudantium, totam rem. Aperiam, eaque ipsa quae ab illo inventore veritatis et quasi architecto beatae vitae dicta   ', 'blog1.jpg', '0', null);
INSERT INTO `blogs` VALUES ('5', 'Doloremque laudantium, totam rem. Aperiam, eaque ipsa quae ab illo inventore veritatis et quasi architecto', 'GALLERY POST FORMAT 5', 'Doloremque laudantium, totam rem. Aperiam, eaque ipsa quae ab illo inventore veritatis et quasi architecto beatae vitae dicta Doloremque laudantium, totam rem. Aperiam, eaque ipsa quae ab illo inventore veritatis et quasi architecto beatae vitae dicta Doloremque laudantium, totam rem. Aperiam, eaque ipsa quae ab illo inventore veritatis et quasi architecto beatae vitae dicta Doloremque laudantium, totam rem. Aperiam, eaque ipsa quae ab illo inventore veritatis et quasi architecto beatae vitae dicta Doloremque laudantium, totam rem. Aperiam, eaque ipsa quae ab illo inventore veritatis et quasi architecto beatae vitae dicta Doloremque laudantium, totam rem. Aperiam, eaque ipsa quae ab illo inventore veritatis et quasi architecto beatae vitae dicta Doloremque laudantium, totam rem. Aperiam, eaque ipsa quae ab illo inventore veritatis et quasi architecto beatae vitae dicta Doloremque laudantium, totam rem. Aperiam, eaque ipsa quae ab illo inventore veritatis et quasi architecto beatae vitae dicta Doloremque laudantium, totam rem. Aperiam, eaque ipsa quae ab illo inventore veritatis et quasi architecto beatae vitae dicta Doloremque laudantium, totam rem. Aperiam, eaque ipsa quae ab illo inventore veritatis et quasi architecto beatae vitae dicta Doloremque laudantium, totam rem. Aperiam, eaque ipsa quae ab illo inventore veritatis et quasi architecto beatae vitae dicta Doloremque laudantium, totam rem. Aperiam, eaque ipsa quae ab illo inventore veritatis et quasi architecto beatae vitae dicta Doloremque laudantium, totam rem. Aperiam, eaque ipsa quae ab illo inventore veritatis et quasi architecto beatae vitae dicta Doloremque laudantium, totam rem. Aperiam, eaque ipsa quae ab illo inventore veritatis et quasi architecto beatae vitae dicta Doloremque laudantium, totam rem. Aperiam, eaque ipsa quae ab illo inventore veritatis et quasi architecto beatae vitae dicta   ', 'blog4.jpg', '1', null);
INSERT INTO `blogs` VALUES ('6', 'Doloremque laudantium, totam rem. Aperiam, eaque ipsa quae ab illo inventore veritatis et quasi architecto', 'GALLERY POST FORMAT 6', 'Doloremque laudantium, totam rem. Aperiam, eaque ipsa quae ab illo inventore veritatis et quasi architecto beatae vitae dicta Doloremque laudantium, totam rem. Aperiam, eaque ipsa quae ab illo inventore veritatis et quasi architecto beatae vitae dicta Doloremque laudantium, totam rem. Aperiam, eaque ipsa quae ab illo inventore veritatis et quasi architecto beatae vitae dicta Doloremque laudantium, totam rem. Aperiam, eaque ipsa quae ab illo inventore veritatis et quasi architecto beatae vitae dicta Doloremque laudantium, totam rem. Aperiam, eaque ipsa quae ab illo inventore veritatis et quasi architecto beatae vitae dicta Doloremque laudantium, totam rem. Aperiam, eaque ipsa quae ab illo inventore veritatis et quasi architecto beatae vitae dicta Doloremque laudantium, totam rem. Aperiam, eaque ipsa quae ab illo inventore veritatis et quasi architecto beatae vitae dicta Doloremque laudantium, totam rem. Aperiam, eaque ipsa quae ab illo inventore veritatis et quasi architecto beatae vitae dicta Doloremque laudantium, totam rem. Aperiam, eaque ipsa quae ab illo inventore veritatis et quasi architecto beatae vitae dicta Doloremque laudantium, totam rem. Aperiam, eaque ipsa quae ab illo inventore veritatis et quasi architecto beatae vitae dicta Doloremque laudantium, totam rem. Aperiam, eaque ipsa quae ab illo inventore veritatis et quasi architecto beatae vitae dicta Doloremque laudantium, totam rem. Aperiam, eaque ipsa quae ab illo inventore veritatis et quasi architecto beatae vitae dicta Doloremque laudantium, totam rem. Aperiam, eaque ipsa quae ab illo inventore veritatis et quasi architecto beatae vitae dicta Doloremque laudantium, totam rem. Aperiam, eaque ipsa quae ab illo inventore veritatis et quasi architecto beatae vitae dicta Doloremque laudantium, totam rem. Aperiam, eaque ipsa quae ab illo inventore veritatis et quasi architecto beatae vitae dicta   ', 'blog7.jpg', '1', null);
INSERT INTO `blogs` VALUES ('7', 'Doloremque laudantium, totam rem. Aperiam, eaque ipsa quae ab illo inventore veritatis et quasi architecto', 'GALLERY POST FORMAT 7', 'Doloremque laudantium, totam rem. Aperiam, eaque ipsa quae ab illo inventore veritatis et quasi architecto beatae vitae dicta Doloremque laudantium, totam rem. Aperiam, eaque ipsa quae ab illo inventore veritatis et quasi architecto beatae vitae dicta Doloremque laudantium, totam rem. Aperiam, eaque ipsa quae ab illo inventore veritatis et quasi architecto beatae vitae dicta Doloremque laudantium, totam rem. Aperiam, eaque ipsa quae ab illo inventore veritatis et quasi architecto beatae vitae dicta Doloremque laudantium, totam rem. Aperiam, eaque ipsa quae ab illo inventore veritatis et quasi architecto beatae vitae dicta Doloremque laudantium, totam rem. Aperiam, eaque ipsa quae ab illo inventore veritatis et quasi architecto beatae vitae dicta Doloremque laudantium, totam rem. Aperiam, eaque ipsa quae ab illo inventore veritatis et quasi architecto beatae vitae dicta Doloremque laudantium, totam rem. Aperiam, eaque ipsa quae ab illo inventore veritatis et quasi architecto beatae vitae dicta Doloremque laudantium, totam rem. Aperiam, eaque ipsa quae ab illo inventore veritatis et quasi architecto beatae vitae dicta Doloremque laudantium, totam rem. Aperiam, eaque ipsa quae ab illo inventore veritatis et quasi architecto beatae vitae dicta Doloremque laudantium, totam rem. Aperiam, eaque ipsa quae ab illo inventore veritatis et quasi architecto beatae vitae dicta Doloremque laudantium, totam rem. Aperiam, eaque ipsa quae ab illo inventore veritatis et quasi architecto beatae vitae dicta Doloremque laudantium, totam rem. Aperiam, eaque ipsa quae ab illo inventore veritatis et quasi architecto beatae vitae dicta Doloremque laudantium, totam rem. Aperiam, eaque ipsa quae ab illo inventore veritatis et quasi architecto beatae vitae dicta Doloremque laudantium, totam rem. Aperiam, eaque ipsa quae ab illo inventore veritatis et quasi architecto beatae vitae dicta   ', 'blog6.jpg', '0', null);
INSERT INTO `blogs` VALUES ('8', 'Doloremque laudantium, totam rem. Aperiam, eaque ipsa quae ab illo inventore veritatis et quasi architecto', 'GALLERY POST FORMAT 8', 'Doloremque laudantium, totam rem. Aperiam, eaque ipsa quae ab illo inventore veritatis et quasi architecto beatae vitae dicta Doloremque laudantium, totam rem. Aperiam, eaque ipsa quae ab illo inventore veritatis et quasi architecto beatae vitae dicta Doloremque laudantium, totam rem. Aperiam, eaque ipsa quae ab illo inventore veritatis et quasi architecto beatae vitae dicta Doloremque laudantium, totam rem. Aperiam, eaque ipsa quae ab illo inventore veritatis et quasi architecto beatae vitae dicta Doloremque laudantium, totam rem. Aperiam, eaque ipsa quae ab illo inventore veritatis et quasi architecto beatae vitae dicta Doloremque laudantium, totam rem. Aperiam, eaque ipsa quae ab illo inventore veritatis et quasi architecto beatae vitae dicta Doloremque laudantium, totam rem. Aperiam, eaque ipsa quae ab illo inventore veritatis et quasi architecto beatae vitae dicta Doloremque laudantium, totam rem. Aperiam, eaque ipsa quae ab illo inventore veritatis et quasi architecto beatae vitae dicta Doloremque laudantium, totam rem. Aperiam, eaque ipsa quae ab illo inventore veritatis et quasi architecto beatae vitae dicta Doloremque laudantium, totam rem. Aperiam, eaque ipsa quae ab illo inventore veritatis et quasi architecto beatae vitae dicta Doloremque laudantium, totam rem. Aperiam, eaque ipsa quae ab illo inventore veritatis et quasi architecto beatae vitae dicta Doloremque laudantium, totam rem. Aperiam, eaque ipsa quae ab illo inventore veritatis et quasi architecto beatae vitae dicta Doloremque laudantium, totam rem. Aperiam, eaque ipsa quae ab illo inventore veritatis et quasi architecto beatae vitae dicta Doloremque laudantium, totam rem. Aperiam, eaque ipsa quae ab illo inventore veritatis et quasi architecto beatae vitae dicta Doloremque laudantium, totam rem. Aperiam, eaque ipsa quae ab illo inventore veritatis et quasi architecto beatae vitae dicta   ', 'blog3.jpg', '0', null);
INSERT INTO `blogs` VALUES ('9', 'Doloremque laudantium, totam rem. Aperiam, eaque ipsa quae ab illo inventore veritatis et quasi architecto', 'GALLERY POST FORMAT 9', 'Doloremque laudantium, totam rem. Aperiam, eaque ipsa quae ab illo inventore veritatis et quasi architecto beatae vitae dicta Doloremque laudantium, totam rem. Aperiam, eaque ipsa quae ab illo inventore veritatis et quasi architecto beatae vitae dicta Doloremque laudantium, totam rem. Aperiam, eaque ipsa quae ab illo inventore veritatis et quasi architecto beatae vitae dicta Doloremque laudantium, totam rem. Aperiam, eaque ipsa quae ab illo inventore veritatis et quasi architecto beatae vitae dicta Doloremque laudantium, totam rem. Aperiam, eaque ipsa quae ab illo inventore veritatis et quasi architecto beatae vitae dicta Doloremque laudantium, totam rem. Aperiam, eaque ipsa quae ab illo inventore veritatis et quasi architecto beatae vitae dicta Doloremque laudantium, totam rem. Aperiam, eaque ipsa quae ab illo inventore veritatis et quasi architecto beatae vitae dicta Doloremque laudantium, totam rem. Aperiam, eaque ipsa quae ab illo inventore veritatis et quasi architecto beatae vitae dicta Doloremque laudantium, totam rem. Aperiam, eaque ipsa quae ab illo inventore veritatis et quasi architecto beatae vitae dicta Doloremque laudantium, totam rem. Aperiam, eaque ipsa quae ab illo inventore veritatis et quasi architecto beatae vitae dicta Doloremque laudantium, totam rem. Aperiam, eaque ipsa quae ab illo inventore veritatis et quasi architecto beatae vitae dicta Doloremque laudantium, totam rem. Aperiam, eaque ipsa quae ab illo inventore veritatis et quasi architecto beatae vitae dicta Doloremque laudantium, totam rem. Aperiam, eaque ipsa quae ab illo inventore veritatis et quasi architecto beatae vitae dicta Doloremque laudantium, totam rem. Aperiam, eaque ipsa quae ab illo inventore veritatis et quasi architecto beatae vitae dicta Doloremque laudantium, totam rem. Aperiam, eaque ipsa quae ab illo inventore veritatis et quasi architecto beatae vitae dicta   ', 'blog8.jpg', '1', null);

-- ----------------------------
-- Table structure for comments
-- ----------------------------
DROP TABLE IF EXISTS `comments`;
CREATE TABLE `comments` (
  `comment_id` int(11) NOT NULL AUTO_INCREMENT,
  `comment_noidung` text NOT NULL,
  `comment_tgtao` varchar(255) NOT NULL DEFAULT '0000-00-00 00:00:00',
  `comment_trangthaiduyet` tinyint(1) NOT NULL,
  `comment_trangthai` tinyint(1) NOT NULL,
  `user_id` int(11) DEFAULT NULL,
  `hotel_id` int(11) DEFAULT NULL,
  `restaurant_id` int(11) DEFAULT NULL,
  PRIMARY KEY (`comment_id`),
  KEY `accountfkn` (`user_id`),
  KEY `commentfk2` (`hotel_id`),
  KEY `res_com` (`restaurant_id`),
  CONSTRAINT `commentfk` FOREIGN KEY (`user_id`) REFERENCES `users` (`user_id`),
  CONSTRAINT `commentfk2` FOREIGN KEY (`hotel_id`) REFERENCES `hotels` (`hotel_id`),
  CONSTRAINT `res_com` FOREIGN KEY (`restaurant_id`) REFERENCES `restaurants` (`restaurant_id`)
) ENGINE=InnoDB AUTO_INCREMENT=21 DEFAULT CHARSET=utf8;

-- ----------------------------
-- Records of comments
-- ----------------------------
INSERT INTO `comments` VALUES ('1', 'aaaaaaaaaaaaaaaaaaaaaaaaaaaaaaaa', '0000-00-00 00:00:00', '1', '0', null, null, null);
INSERT INTO `comments` VALUES ('2', 'bbbbbbbbbbbbbbbbbbbbbbbbbbbb', '0000-00-00 00:00:00', '0', '0', null, null, null);
INSERT INTO `comments` VALUES ('3', 'aaaaaaaaaccccccccccccccc', '0000-00-00 00:00:00', '0', '0', null, null, null);
INSERT INTO `comments` VALUES ('4', 'ffffffffffffffffffffffffffffffffffffff', '0000-00-00 00:00:00', '1', '0', null, null, null);
INSERT INTO `comments` VALUES ('5', 'wwwwwwwwwwwwwwwwwwwwwwwwwww', '0000-00-00 00:00:00', '1', '0', null, null, null);
INSERT INTO `comments` VALUES ('6', 'rrrrrrrrrrrrrrrrrrrrrrrrrrrrrrrrrrrrr', '0000-00-00 00:00:00', '0', '0', null, null, null);
INSERT INTO `comments` VALUES ('7', 'wwwwwwwwwwwwwwwwwww', '0000-00-00 00:00:00', '1', '1', null, null, null);
INSERT INTO `comments` VALUES ('8', 'qqqqqqqqqqqqqqqqqqqqqqqq', '0000-00-00 00:00:00', '0', '1', null, null, null);
INSERT INTO `comments` VALUES ('9', 'tttttttttttttttttttttttttttttttttttttttttt', '0000-00-00 00:00:00', '0', '0', null, null, null);
INSERT INTO `comments` VALUES ('10', 'yyyyyyyyyyyyyyyyyyyyyyyyyyyyyy', '0000-00-00 00:00:00', '1', '0', null, null, null);
INSERT INTO `comments` VALUES ('11', 'rrrrrrrrrrrrrrrrrrrrrrrrrrrrrrrrrrrrrrrrrrr', '0000-00-00 00:00:00', '1', '0', null, null, null);
INSERT INTO `comments` VALUES ('12', 'ggggggggggggggggggggggggggg', '0000-00-00 00:00:00', '1', '1', null, null, null);
INSERT INTO `comments` VALUES ('13', 'view đẹp', '10/13/17, 9:02 AM', '0', '0', null, null, null);
INSERT INTO `comments` VALUES ('14', 'đẹp', '10/13/17, 9:54 AM', '0', '0', '1', '1', null);
INSERT INTO `comments` VALUES ('15', 'View đẹp\r\n', '10/13/17, 10:00 AM', '0', '0', '1', '1', null);
INSERT INTO `comments` VALUES ('16', 'món ăn ngon', '10/14/17, 11:22 AM', '0', '0', '1', null, '2');
INSERT INTO `comments` VALUES ('17', 'không gian thoáng mát', '10/14/17, 11:39 AM', '0', '0', '1', '1', null);
INSERT INTO `comments` VALUES ('18', 'Không gian đẹp, món ăn ngon', '10/14/17, 7:44 PM', '0', '0', '11', null, '1');
INSERT INTO `comments` VALUES ('19', 'Giá cả hợp lý, món ăn ngon và hấp dẫn', '10/14/17, 10:18 PM', '0', '0', '1', null, '1');
INSERT INTO `comments` VALUES ('20', 'Phục vụ tốt', '10/17/17, 2:43 PM', '0', '0', '3', '1', null);

-- ----------------------------
-- Table structure for contacts
-- ----------------------------
DROP TABLE IF EXISTS `contacts`;
CREATE TABLE `contacts` (
  `contact_id` int(11) NOT NULL AUTO_INCREMENT,
  `contact_noidung` text NOT NULL,
  `contact_ngaygui` datetime NOT NULL DEFAULT '0000-00-00 00:00:00',
  `contact_status` tinyint(1) NOT NULL,
  PRIMARY KEY (`contact_id`)
) ENGINE=InnoDB AUTO_INCREMENT=6 DEFAULT CHARSET=utf8;

-- ----------------------------
-- Records of contacts
-- ----------------------------
INSERT INTO `contacts` VALUES ('1', 'aaaaaaaaaaaaaaaaaaaaaaaaaaaaaaaaaaaaaaaaaaaaaaaaaaaaaaaaaaaaaaaaaaaaaaaaaaaaaaaa', '2017-06-13 18:37:40', '1');
INSERT INTO `contacts` VALUES ('2', 'aaaaaaaaaaaaaaaaaaaaaaaaaaaaaaaaaaaaaaaaaaaaaaaaaaaaaaaaaaaaaaaaaaaaaaaaaaaaaaaa', '2017-06-17 18:37:49', '0');
INSERT INTO `contacts` VALUES ('3', 'aaaaaaaaaaaaaaaaaaaaaaaaaaaaaaaaaaaaaaaaaaaaaaaaaaaaaaaaaaaaaaaaaaaaaaaaaaaaaaaa', '2017-06-17 18:37:55', '1');
INSERT INTO `contacts` VALUES ('4', 'aaaaaaaaaaaaaaaaaaaaaaaaaaaaaaaaaaaaaaaaaaaaaaaaaaaaaaaaaaaaaaaaaaaaaaaaaaaaaaaa', '2017-06-17 18:38:00', '0');
INSERT INTO `contacts` VALUES ('5', 'aaaaaaaaaaaaaaaaaaaaaaaaaaaaaaaaaaaaaaaaaaaaaaaaaaaaaaaaaaaaaaaaaaaaaaaaaaaaaaaa', '2017-06-30 18:38:07', '0');

-- ----------------------------
-- Table structure for continents
-- ----------------------------
DROP TABLE IF EXISTS `continents`;
CREATE TABLE `continents` (
  `continent_id` int(11) NOT NULL AUTO_INCREMENT,
  `continent_ten` varchar(255) NOT NULL,
  `continent_trangthai` tinyint(1) NOT NULL,
  PRIMARY KEY (`continent_id`)
) ENGINE=InnoDB AUTO_INCREMENT=6 DEFAULT CHARSET=utf8;

-- ----------------------------
-- Records of continents
-- ----------------------------
INSERT INTO `continents` VALUES ('1', 'CHÂU Á', '1');
INSERT INTO `continents` VALUES ('2', 'CHÂU ÂU', '1');
INSERT INTO `continents` VALUES ('3', 'CHÂU PHI', '1');
INSERT INTO `continents` VALUES ('4', 'CHÂU MỸ', '1');
INSERT INTO `continents` VALUES ('5', 'CHÂU ĐẠI DƯƠNG', '1');

-- ----------------------------
-- Table structure for destinationimages
-- ----------------------------
DROP TABLE IF EXISTS `destinationimages`;
CREATE TABLE `destinationimages` (
  `destinationimage_id` int(11) NOT NULL AUTO_INCREMENT,
  `destinationimage_hinhanh` varchar(255) CHARACTER SET latin1 DEFAULT NULL,
  `destination_id` int(11) DEFAULT NULL,
  PRIMARY KEY (`destinationimage_id`),
  KEY `destination_image` (`destination_id`),
  CONSTRAINT `destination_image` FOREIGN KEY (`destination_id`) REFERENCES `destinations` (`destination_id`)
) ENGINE=InnoDB DEFAULT CHARSET=utf8;

-- ----------------------------
-- Records of destinationimages
-- ----------------------------

-- ----------------------------
-- Table structure for destinations
-- ----------------------------
DROP TABLE IF EXISTS `destinations`;
CREATE TABLE `destinations` (
  `destination_id` int(11) NOT NULL AUTO_INCREMENT,
  `destination_ten` varchar(255) DEFAULT NULL,
  `destination_mota` text,
  `destination_diachi` varchar(255) DEFAULT NULL,
  `destination_sdt` varchar(20) CHARACTER SET latin1 DEFAULT NULL,
  `destination_website` varchar(255) CHARACTER SET latin1 DEFAULT NULL,
  `place_id` int(11) DEFAULT NULL,
  `destination_trangthai` int(255) DEFAULT NULL,
  `destination_hinhanh` varchar(255) DEFAULT NULL,
  PRIMARY KEY (`destination_id`),
  KEY `destination_place` (`place_id`),
  CONSTRAINT `destination_place` FOREIGN KEY (`place_id`) REFERENCES `places` (`place_id`)
) ENGINE=InnoDB AUTO_INCREMENT=178 DEFAULT CHARSET=utf8;

-- ----------------------------
-- Records of destinations
-- ----------------------------
INSERT INTO `destinations` VALUES ('1', 'Cồn Phụng', 'Cồn Phụng còn có tên gọi là cồn Tân Vinh hay cù lao đạo Dừa, là một cù lao nổi giữa sông Tiền với diện tích 28ha, nhưng do lượng phù sa dồi dào bồi đắp mỗi năm nên diện tích hiện tại đã lên đến 50ha', 'Ấp 10, xã Tân Thạch, huyện Châu Thành, TP.Bến Tre', '(0275)3822198', 'http://conphungtourist.com/', '1', '1', '05.jpg');
INSERT INTO `destinations` VALUES ('2', 'Cồn Quy', 'Cồn Quy là địa điểm du lịch sinh thái, miệt vườn, sông nước hấp dẫn. Bởi nơi đây còn hoang sơ nhưng không khí trong lành, thoáng mát cùng với vườn trái cây trĩu quả, các món ăn dân dã vô cùng đặc sắc và đặc biệt là sự tận tình, hiếu khách của người dân nơi đây.', 'xã Tân Thạch và Quới Sơn, huyện Châu Thành, TP.Bến tre', '', '', '1', '1', '09.jpg');
INSERT INTO `destinations` VALUES ('3', 'Cồn Ốc', 'Cồn Ốc là khu du lịch với nhiều địa điểm cùng các đặc sản, văn hóa dân dã mà khi đến đây khách tham quan sẽ được trãi nghiệm hết.', '28D tỉnh lộ 887, phường Mỹ Thạnh An, TP. Bến Tre', '(0275)3817366', '', '1', '1', 'aboutus-dl.jpg');
INSERT INTO `destinations` VALUES ('4', 'Sân chim Vàm Hồ', 'Vườn chim Vàm Hồ là hệ sinh thái đặc sắc tiêu biểu cho rừng ngập mặn ven biển cửa sông Cửu Long, có giá trị sinh học cao và tiềm năng phát triển du lịch sinh thái.', 'ấp Tân Quí, xã Tân Mỹ, huyện Ba Tri,\nTP.Bến Tre', '090 375 97 44', '', '1', '1', 'bg.jpg');
INSERT INTO `destinations` VALUES ('5', 'Vườn trái cây Cái Mơn', 'Vườn cây ăn trái Cái Mơn được sách kỷ lục Việt Nam công nhận là nơi sản xuất giống cây ăn trái lớn nhất cả nước. Đồng thời, nơi đây cũng một làng quê thuần chất Nam Bộ với những con đường nhỏ hẹp bao phũ bởi nặng cây xanh nặng trĩu quả ngọt. ', 'xã Vĩnh Thành, huyện Chợ Lách, TP.Bến Tre', '', '', '1', '1', 'bnk.jpg');
INSERT INTO `destinations` VALUES ('6', 'Khu lăng mộ và nhà lưu niệm Nguyễn Đình Chiểu', 'Lăng mộ Nguyễn Đình Chiểu được xây dựng ở một nơi thật yên bình. Khi đến viếng lăng Nguyễn Đình Chiểu, ta mới cảm nhận được sự bình yên, êm ả với những ngôi nhà tranh xưa xung quanh lăng mộ.', 'ấp 3, xã An Đức, huyện Ba Tri, TP.Bến Tre', '', '', '1', '1', '05.jpg');
INSERT INTO `destinations` VALUES ('7', 'Khu lăng mộ Phan Thanh Giản', 'Vị tiến sĩ đầu tiên ở Nam Kỳ, ông đã tự vẫn sau khi 3 tỉnh miền Tây dưới sự cai quản của ông bị rơi vào tay giặc Pháp.', 'xã Bảo Thạnh, huyện Ba Tri, TP.Bến Tre', '', '', '1', '1', 'bnk3.jpg');
INSERT INTO `destinations` VALUES ('8', 'Khu du lịch Lan Vương', 'Khu du lịch Lan Vương sở hữu thiên đường thú vị với khu vui chơi rộng lớn, thiên nhiên hoang sơ, sông nước mênh mông.', 'ấp 2, xã Phú Nhuận, TP.Bến Tre', '(0275)3838030', 'http://lanvuong.com/khu-du-lich-lan-vuong/', '1', '1', '09.jpg');
INSERT INTO `destinations` VALUES ('9', 'Cồn Tiên', 'Cồn Tiên được xem là một trong những điểm du lịch Bến Tre mới, so\nvới các hành trình khám phá đã quá quen thuộc.', 'xã Tiên Long, huyện Châu Thành, TP.Bến\nTre', '', '', '1', '1', 'aboutus-dl.jpg');
INSERT INTO `destinations` VALUES ('10', 'Biển cồn Bửng', 'Dù không mang vẻ đẹp của những bài biển đầy cát trắng nhưng biển cồn Bửng của xứ dừa vẫn là điểm đến của nhiều trái tim yêu thích sự bình yên, dân dã của vùng đất mới.', 'Quốc lộ 57, xã Thạnh Hải, huyện Thạnh Phú, TP.Bến Tre', '0121 6080808', '', '1', '1', 'bh.jpg');
INSERT INTO `destinations` VALUES ('11', 'Khu du lịch Ma Thiên Lãnh', 'Ma Thiên Lãnh được ví như Đà Lạt của miền Đông Nam Bộ, thung lũng\nđược hình thành bởi 3 ngọn núi là núi Bà Đen, núi Heo và núi Phụng với hàng trăm hecta rừng nguyên sinh tuyệt đẹp cùng những suối nước chảy róc rách khi mùa mưa tới.', 'xã Thạnh Tân, thị xã Tây Ninh', '', '', '2', '1', 'bg.jpg');
INSERT INTO `destinations` VALUES ('12', 'Núi Bà Đen', 'Là ngọn núi cao nhất miền Đông Nam Bộ, núi Bà Đen thu hút đông đảo phượt thủ chinh phục mỗi cuối tuần.', 'xã Thạnh Tân, thị xã Tây Ninh', '', '', '2', '1', '05.jpg');
INSERT INTO `destinations` VALUES ('13', 'Vườn Quốc Gia Lò Gò - Xa Mát', 'Vườn Quốc gia Lò Xò - Xa Mát có hệ động thực vật phong phú đặc biệt là hệ chim nước quý hiếm.', 'nằm trên địa phận 3 xã Tân Lập, Tân Bình,\nHòa Hiệp, huyện Tân Biên, tỉnh Tây Ninh', '', '', '2', '1', 'banner.jpg');
INSERT INTO `destinations` VALUES ('14', 'Hồ Dầu Tiếng', 'Hồ Dầu Tiếng ở Tây Ninh là một trong những hồ nước nhân tạo lớn nhất Việt Nam, không chỉ là nguồn cung cấp nước trọng yếu trong khu vực, mà còn sở hữu vẻ đẹp non xanh nước biết, trở thành điểm du lịch bụi hấp dẫn những bước chân thích khám phá.', 'huyện Dương Minh Châu, tỉnh Tây Ninh', '', '', '2', '1', 'aboutus-dl.jpg');
INSERT INTO `destinations` VALUES ('15', 'Tòa thánh Tây Ninh', 'Tòa thánh Tây Ninh cách thị xã Tây Ninh 5 km về phía Đông Nam. Đây là một cụm công trình nhiều kiến trúc tôn giáo của đạo Cao đài và cũng là thánh địa của nơi này.', 'thị trấn Hòa Thành, huyện Hòa Thành, tỉnh\nTây Ninh', '066 384 1193', 'http://caodai.com.vn/vn', '2', '1', '09.jpg');
INSERT INTO `destinations` VALUES ('16', 'Tháp cổ Bình Thạnh', 'Tháp cổ Bình Thạnh nằm ở phía hữu ngạn sông Vàm Cỏ Đông, có niện đại xây dựng vào khoảng thế kỷ VIII, là một trong những kiến trúc tháp cổ quý hiếm, tồn tại gần như nguyên vẹn, tiêu biểu cho kiến trúc thuộc nền văn hóa Óc Eo.', 'đường tỉnh 786, xã Bình Thạnh, TP.Tây Ninh', '', '', '2', '1', 'bnk.jpg');
INSERT INTO `destinations` VALUES ('17', 'Tháp Chóp mạt', 'Tháp Chóp mạt là một trong ba tháp còn lại ở Nam Bộ, là kiến trúc tiêu biểu cho nền văn hóa Óc Eo.', 'ấp Mới, xã Tân Phong, huyện Tân Biên, tỉnh\nTây Ninh', '', '', '2', '1', 'bnk2.jpg');
INSERT INTO `destinations` VALUES ('18', 'Công viên nước Long Điền Sơn', 'Là khu vui chơi giải trí tương tự như Đầm Sen ở Sài Gòn, có cả công viên khô và công viên nước, là địa điểm thư giãn và nghỉ ngơi tuyệt vời cho những ngày nắng nóng.', 'ấp Ninh Trung, xã Ninh Sơn, tỉnh Tây Nây.', '', '', '2', '1', 'aboutus-dl.jpg');
INSERT INTO `destinations` VALUES ('19', 'Rừng Chàng Riệc', 'Cảm giác phiêu lưu khi đi xuyên ngang những rừng cây cổ thụ hai người ôm, yên bình trong tiếng chim hót, tiếng gió reo. Rừng Chàng Riệc cực kỳ lý tưởng cho những chuyến cắm trại đêm hay những trò chơi thử thách lòng can đảm.', 'đường 793, ấp Bàu Bền, xã Thạnh Bắc, huyện Tân Biên, tỉnh Tây Ninh', '', '', '2', '1', '09.jpg');
INSERT INTO `destinations` VALUES ('20', 'Căn cứ Trung ương cục miền Nam', 'Những mái nhà tranh đơn sơ ẩn mình dưới màu xanh của lá, những vật dụng bằng gỗ, những căn hầm kiên cố, vô số hố bom trong khu căn cứ sẽ đưa bạn trở về với sự khốc liệt của cuộc chiến tranh giành độc lập dân tộc.', 'Rùm Đuôn, xã Tân Lập, huyện Tân Biên, tỉnh\nTây Ninh', '', '', '2', '1', '05.jpg');
INSERT INTO `destinations` VALUES ('21', 'Đỉnh Phanxipan', 'Được mệnh danh là nóc nhà Đông Dương, thuộc dãy núi Hoàng Liên Sơn, cách thị trấn Sapa 9 km về phía tây nam.', 'Dãy núi Hoàng Liên Sơn phía Tây thị trấn\nSapa', '', '', '3', '1', 'bg.jpg');
INSERT INTO `destinations` VALUES ('22', 'Núi Hàm Rồng', 'Hàm Rồng thực sự là một thắng cảnh đầy hoa trái của Sapa. Lên Hàm Rồng, du khách như lạc vào vườn tiên, mây ùa kín thân người, hoa rực rỡ mặt đất.', 'Dãy núi Hoàng Liên Sơn ngay sát thị trấn Sapa', '', '', '3', '1', 'bnk3.jpg');
INSERT INTO `destinations` VALUES ('23', 'Nhà thờ cổ Sapa', 'Nhà thờ đá Sapa được xây dựng từ năm 1985 được coi là một dấu ấn kiến trúc cổ toàn vẹn nhất của người Pháp còn xót lại.', 'Trung tâm thị trấn Sapa', '', '', '3', '1', '09.jpg');
INSERT INTO `destinations` VALUES ('24', 'Bản Cát Cát', 'Cát Cát là điểm du lịch sinh thái lý tưởng cho những du khách muốn tìm hiểu và khám phá đời sống văn hóa của con người vùng cao Tây Bắc.', 'xã San Sả Hồ, huyện Sapa, tỉnh Lào Cai', '', '', '3', '1', 'bh.jpg');
INSERT INTO `destinations` VALUES ('25', 'Bản Tả Phìn', 'Tả Phìn có cảnh quan thiên nhiên tươi đẹp, những nét văn hóa đậm đà bản sắc dân tộc của người Dao Đỏ với nghề thổ cẩm nổi tiếng.', 'cách thị trấn Sapa 17 km về hướng Đông', '', '', '3', '1', 'aboutus-dl.jpg');
INSERT INTO `destinations` VALUES ('26', 'Thung lũng Mường Hoa', 'Điều đặc biệt tại thung lũng này là bãi đá cổ có khắc nhiều hình khác nhau, nằm xen giữa cỏ cây và những thửa ruộng bậc thang của đồng bào dân tộc.', 'xã Hầu Thào, cách thị trấn Sapa 8 km về phía\nĐông Nam', '', '', '3', '1', 'banner.jpg');
INSERT INTO `destinations` VALUES ('27', 'Thác Bạc - Đỉnh Đèo', 'Thác Bạc ào ào chảy xuống từ độ cao trên 200m vào dòng suối dưới thung lũng Ô Quy Hồ, tạo nên âm thanh núi rừng đầy ấn tượng.', 'xã Sàn Sả Hồ – Huyện Sapa', '', '', '3', '1', '09.jpg');
INSERT INTO `destinations` VALUES ('28', 'Cổng trời', 'Đứng giữa cổng trời Sapa, bạn có thể phóng tầm mắt bao quát cả thung lũng rộng lớn phía dưới với những ruộng nương xanh rì, con đường ôtô xuôi ngược, xa xa là Thác Bạc.', 'Theo hướng Bắc thị trấn Sapa 18 km.', '', '', '3', '1', 'bg.jpg');
INSERT INTO `destinations` VALUES ('29', 'Hang Tiên', 'Thắng cảnh Hang Tiên là một Hạ Long thu nhỏ, gắn liền với sự tích về miếu thờ Ba Cô xã Bảo Nhai. Nhiều du khách đến đây vãn cảnh, tắm suối Tiên đắm mình trong ánh ban mai bên đảo hoa, đều cầu mong được ban phúc cho sắc đẹp, sức khỏe và phú quý.', 'Ngược dòng sông Chảy 6 km', '', '', '3', '1', 'bnk.jpg');
INSERT INTO `destinations` VALUES ('30', 'Cốc San', 'Cốc San là một hệ thống các thác nước và các hang động to nhỏ khác nhau. Từ quốc lộ 4D, có một con đường đất nhỏ dài khoảng hơn 1km dẫn vào Cốc San.', 'xã Cốc San, huyện Bát Xát, cách thành phố Lào Cai khoảng 7km', '', '', '3', '1', 'bnk2.jpg');
INSERT INTO `destinations` VALUES ('31', 'Đảo Phú Qúy', 'Đảo có một thảm thực vật rạn san hô rất đa dạng, phong phú cùng nhiều bãi tắm như: vịnh Triều Dương, bãi Doi Dừa, bãi Nhỏ Gành Hang, bãi dọc cái doi Mô Thầy, bãi vịnh Triều Dương. ', 'Cách bờ biển Phan Thiết 100 km', '', '', '4', '1', '05.jpg');
INSERT INTO `destinations` VALUES ('32', 'Cù Lao Câu', 'Trên đảo có hàng ngàn khối đá với hình thù rất độc đáo, xen kẽ là những thảm cỏ xanh mượt.', 'xã Phước Thể, huyện Tuy Phong', '', '', '4', '1', 'aboutus-dl.jpg');
INSERT INTO `destinations` VALUES ('33', 'Gành Son', 'Màu đỏ của đá, màu xanh của biển như hoà lẫn vào nhau tạo nên một sắc thái hài hoà vừa gần, vừa xa, vừa hư lại vừa thực… Gành Son quả là một tặng vật của thiên tạo chưa được nhiều người biết đến.', 'xã Chí Công, huyện Tuy Phong', '', '', '4', '1', 'dalat.jpg');
INSERT INTO `destinations` VALUES ('34', 'Chùa Hang', 'Chùa được xây dựng trong hang đá lớn do thiền sư Bảo Tạng lập vào khoảng giữa thế kỷ 19. Du khách có thể kết hợp tham quan ngôi chùa cổ kính này cùng với bãi đá 7 màu ở trên.', 'xã Bình Thạnh, huyện Tuy Phong.', '', '', '4', '1', 'float.jpg');
INSERT INTO `destinations` VALUES ('35', 'Hòn Rơm', 'Tại đây, nước xanh trong vắt, sóng êm, không có đá ngầm. Vào mỗi buổi sáng hoặc buổi chiều, bạn có thể ngồi ngắm bình minh hay hoàng hôn; vào buổi tối nhìn trăng lên hay tổ chức lửa trại.', 'ấp Long Sơn, phường Mũi Né, TP. Phan Thiết. ', '', '', '4', '1', 'banner.jpg');
INSERT INTO `destinations` VALUES ('36', 'Tháp Chàm Poshanư', 'Tháp Chàm Poshanư là một nhóm di tích còn sót lại của Vương quốc Chăm Pa xưa. Tháp có phong cách kiến trúc Hòa Lai – một trong những phong cách nghệ thuật cổ của Chămpa.', 'Phú Hài, Phan Thiết, Bình Thuận', '', '', '4', '1', '09.jpg');
INSERT INTO `destinations` VALUES ('37', 'Hòn Ghềnh', 'Ấn tượng đầu tiên là nước biển trong vắt, có thể nhìn thấy những tán san hô dưới đáy rất đẹp, những ghềnh đá lớn nhỏ chồng chất lên nhau.', 'Cách Mũi Né chưa đầy 1 km', '', '', '4', '1', 'bg.jpg');
INSERT INTO `destinations` VALUES ('38', 'Đồi Cát ở Mũi Né', 'Ở gần khu vực Hòn Rơm, một trong những thắng cảnh từng làm mê mẩn bước chân các thi nhân, họa sĩ và nhiếp ảnh gia… là đồi cát Mũi Né', 'Khu phố 5, phường Mũi Né', '', '', '4', '1', 'bnk2.jpg');
INSERT INTO `destinations` VALUES ('39', 'Đảo Hòn Bà', 'Hòn Bà có hình dáng con Rùa khổng lồ đang ngẩng đầu vươn mình trên sóng biển. Trên đảo có đền thờ nữ Thần Thiên Ya Ana – vị thần thiêng liêng của Vương Quốc Chăm-pa cổ.', 'nằm cách bờ biển Lagi, huyện Hàm Tân gần 2 km về hướng Đông, cách Phan Thiết khoảng 70 km về hướng Đông Nam', '', '', '4', '1', 'dalat.jpg');
INSERT INTO `destinations` VALUES ('40', 'Hải đăng Kê Gà', 'Ngọn hải đăng Kê Gà hùng vĩ đững giữa những bãi biển hoang sơ, nước trong vắt trên đảo Khe Gà. Để ra thăm hải đăng Kê Gà, các bạn có thể liên hệ với resort để thuê tàu hoặc thuê thuyền thúng hoặc tàu của dân địa phương.', 'huyện Hàm Thuận Nam, Bình Thuận', '', '', '4', '1', 'bnk.jpg');
INSERT INTO `destinations` VALUES ('41', 'Chùa Thiên Mụ', 'Với vẻ đẹp trầm tư, cổ kính, Chùa Thiên Mụ khẽ lặng mình soi bóng xuống dòng sông Hương thơ mộng, tạo nên một bức tranh phong thủy đậm chất trữ tình.', 'đường Kim Long, thuộc xã Hương Long', '', '', '5', '1', 'aboutus-dl.jpg');
INSERT INTO `destinations` VALUES ('42', 'Chùa Huyền Không Sơn Thượng', 'Ngôi chùa nằm giữa một vung sơn cước hữu tình nên là một không gian thanh tịnh nhất để có thể tịnh tâm ngồi thiền.', 'thôn Đồng Chầm ( Hòn Vượn),  phường Hương Hồ, thị xã Hương Trà, Thừa Thiên Huế', '', '', '5', '1', '05.jpg');
INSERT INTO `destinations` VALUES ('43', 'Chùa Từ Đàm', 'Chùa có lối kiến trúc kiểu hội, kết hợp hai loại hình kiến trúc cả cũ và mới, vừa cao ráo, rộng rãi nhưng đồng thời cũng đơn giản. Chùa có 3 bộ phận chính là tam quan, chùa chính và nhà hội.', 'số 1, Sư Liễu Quán, phường Trường An, thành phố Huế', '', '', '5', '1', 'bh.jpg');
INSERT INTO `destinations` VALUES ('44', 'Đại Nội Huế', 'Đại Nội Huế bao gồm Hoàng Thành và Tử Cấm Thành ngày nay thuộc địa phận phường Thuận Thành, thành phố Huế. Từ Đại Nội du khách có thể đến thăm các điểm lân cận như Cầu Tràng Tiền, Chợ Đông Ba,…', 'Thuận Thành, Huế', '', '', '5', '1', 'banner.jpg');
INSERT INTO `destinations` VALUES ('45', 'Lăng Khải Định', 'Là lăng mộ của vua Khải Định, đây là một công trình kiến trúc đồ sộ, độc đáo trong cả quy mô lẫn kiến trúc nghệ thuật, đã cuốn hút không ít du khách ghé thăm.', 'Khải Định, Thủy Bằng, Tp. Huế', '', '', '5', '1', '09.jpg');
INSERT INTO `destinations` VALUES ('46', 'Sông Hương', 'Sông Hương là dòng sông thơ mộng được coi là biểu tượng của Huế (ngoài Kinh Thành Huế). Là một trong 5 điểm đến hấp dẫn nhất Việt Nam theo bình chọn của Tổ chức các kỷ lục gia Việt Nam bình chọn.', 'Trung tâm thành phố Huế', '', '', '5', '1', 'dalat.jpg');
INSERT INTO `destinations` VALUES ('47', 'Cầu Trường Tiền', 'Cầu Trường Tiền hay còn gọi là cầu Tràng Tiền, bởi cầu có chiều dài 402,6m, có tất cả 6 nhịp dầm thép hình vành ngược, được xem là một trong những biểu tượng của xứ Huế mộng mơ.', 'Đầu cầu phía Bắc thuộc phường Phú Hòa, đầu cầu phía nam thuộc phường Phú Hội', '', '', '5', '1', 'bg.jpg');
INSERT INTO `destinations` VALUES ('48', 'Núi Ngự Bình', 'Từ đỉnh núi Ngự Bình du khách có thể ngắm nhìn toàn cảnh thành phố Huế với dòng sông Hương như dải lụa mềm mại uốn quanh, cùng lâu đài, thành quách tạo nên một bức tranh có nhạc có thơ.', 'phường An Cựu cách phía Nam sông Hương 3km', '', '', '5', '1', 'aboutus-dl.jpg');
INSERT INTO `destinations` VALUES ('49', 'Bãi Biển Lăng Cô', 'Đến Lăng Cô, du khách không chỉ được tham quan, tắm biển mà còn được tham gia những trò chơi giải trí hấp dẫn như chèo thuyền, lặn biển, câu mực… ', 'dọc theo quốc lộ 1A, cạnh đèo Hải Vân và cách vườn quốc gia Bạch mã chừng 24km', '', '', '5', '1', 'float.jpg');
INSERT INTO `destinations` VALUES ('50', 'Nhà vườn An Hiên Huế', 'Nhà vườn An Hiên Huế là ngôi nhà cổ có kiến trúc đặc biệt điển hình cho những ngôi nhà vườn ở đất cố đô.', '58 đường Nguyễn Phúc Nguyên', '', '', '5', '1', 'bnk.jpg');
INSERT INTO `destinations` VALUES ('51', 'Bà Nà Hill', 'Do nằm trong khu vực dãy Trường Sơn với độ cao 1487m so với mực nước biển, khí hậu Bà Nà tương đối mát mẻ với nền nhiệt độ trung bình năm dưới 20 độ. Cùng với phong cảnh núi rừng hùng vĩ, Bà Nà là một trong những điểm đến hấp dẫn nhất không chỉ ở Đà Nẵng mà còn ở cả khu vực miền Trung. ', 'Nằm cách Đà Nẵng 35 km về phía Tây Nam,thuộc địa phận xã Hòa Ninh, huyên Hòa Vang. Toạ lạc ở độ cao 1487m so với mực nước biển.', '0905766777', 'http://banahills.sunworld.vn/', '6', '1', 'bnk2.jpg');
INSERT INTO `destinations` VALUES ('52', 'Bãi Biển Mỹ Khê', 'Bãi Biển Mỹ Khê nổi tiếng với cát trắng mịn, sóng biển ôn hòa, nước ấm quanh năm cùng hàng dừa thơ mộng, đẹp tuyệt vời bao quanh. Bãi biển Mỹ Khê rất thuận tiện về giao thông, bãi biển mở miễn phí cho tất cả du khách, Bãi Biển có bờ cát dài và phẳng, ánh nắng và mức sóng phù hợp cho việc chơi các môn thể thao, có khả năng đảm bảo an toàn cho du khách, có các khu nghỉ dưỡng hạng sang, các biệt thự đạt tiêu chuẩn quốc tế.\nĐà Nẵng là một thành phố biển nên du ngoạn đến đây, du khách không thể bỏ qua cơ hội thưởng thức các món hải sản tươi ngon của vùng đất này. Có thể kể đến các món như chíp chíp hấp xả, cua rang me, sò điệp nướng mỡ hàng, lẩu hải sản, cháo hàu, các loại ốc, mực nướng sa tế...', 'Bờ biển Mỹ Khê trải dài từ chân bán đảo Sơn Trà đến tận Ngũ Hành Sơn khoảng chừng 10km', '', '', '6', '1', 'bh.jpg');
INSERT INTO `destinations` VALUES ('53', 'Sông Hàn', 'Trải dọc miền đất nước có đến hàng ngàn con sông. Mỗi một dòng sông đều mang một hình hài, một dáng vẻ, một ý nghĩa khác nhau. Sông Hàn cũng vậy! Nó là đứa con tinh thần được thai nghén bởi khát vọng “hoá rồng” tự bao đời của người dân nơi đây.\nTương truyền, Đà Nẵng được sinh ra bởi một quả trứng rồng, vỏ quả trứng tách ra thành năm ngọn núi Ngũ Hành Sơn sừng sững mà linh thiêng. Chú rồng con mới nở đã tìm đường ra biển tạo nên dòng Sông Hàn lung linh, huyền ảo.\nSông Hàn cùng với núi non hùng vĩ tựa như tấm bình phong ôm ấp, bao bọc lấy thành phố khúc ruột của miền Trung. Nó là niềm kiêu hãnh, tự hào, biểu trưng cho sức sống mãnh liệt, khát vọng không ngừng phấn đấu đi lên của người dân Đà Nẵng. Đây còn là một trong những điểm tham quan hấp dẫn, thú vị cho những ai tìm đến với Đà Nẵng.\nAi cũng phải khẳng định Sông Hàn đẹp nhất có lẽ là vào ban đêm. Những ánh đèn ngũ sắc toả ra từ những toà cao ốc trải dọc hai bên ven sông chiếu rọi xuống mặt nước kết hợp những cơn sóng nhấp nhô trêu đùa khiến cho mặt sông như bừng tỉnh. Một vẻ đẹp lung linh, huyền ảo đầy mê hoặc tác động trực tiếp vào các giác quan.\nNhững chiếc thuyền chuyên chở những du khách thưởng ngoạn trên sông. Xa xa, những chiếc thuyền hoa đăng được thả đang dập dềnh, nhấp nhô trên mặt nước ...tất cả đều làm nên một sông Hàn đầy nên thơ và quyến rũ.\nHiện nay, trên sông Hàn đã và sẽ có 6 cây cầu từ cửa biển trở vào gồm:  Cầu Thuận Phước; Cầu Sông Hàn; Cầu Rồng; Cầu Trần Thị Lý; Cầu Nguyễn Văn Trỗi; Cầu Tuyên Sơn. \n\nNhững cây cầu như nối liền những bờ vui, nhưng thử nghĩ nếu không tồn tại một dòng sông Hàn lãng mạn thì sẽ không có một Đà Nẵng đẹp mơ màng như bây giờ. Con sông Hàn như gắn liền với cái tên Đà Nẵng, làm nên sức sống cho một thành phố năng động mà cũng thật trữ tình', 'Bắt đầu từ ngã ba sông giữa Quận Cẩm Lệ, quận Hải Châu và quận Ngũ Hành Sơn tới vịnh Đà Nẵng, tại chỗ giáp ranh giữa quận Hải Châu và quận Sơn Trà.', '', '', '6', '1', 'banner.jpg');
INSERT INTO `destinations` VALUES ('54', 'Ngũ Hành Sơn', 'Dường như ai từng biết đến Đà Nẵng là biết đến Ngũ Hành Sơn. Nó nổi tiếng đến độ nhiều người muốn xem nó như là biểu tượng của vùng đất này. Không gian huyền ảo, thơ mộng, chùa chiền và hang động, cây cỏ và tiếng chuông chùa, sóng vỗ và những dằng dặc nghìn trùng... cách không xa trung tâm thành phố, Ngũ Hành Sơn từ lâu đã thật sự là một cõi thiên thai dành cho du khách.\n Đây là nhóm núi đá (trong đó có cả đá cẩm thạch) nằm kề với biển, liền sông. Mỗi ngọn núi tượng trưng cho các yếu tố cấu thành vũ trụ: Kim Sơn, Thủy Sơn, Thổ Sơn, Mộc Sơn và Hỏa Sơn. Không gian huyền ảo, thơ mộng với chùa chiền, hang động, cây cỏ, tiếng chuông chùa... Ngũ Hành Sơn thật sự là cõi thiên thai giữa chốn trần gian.\nKhách thập phương khi đến đây, được hòa mình vào thiên nhiên phóng khoáng với núi non trùng điệp, sóng vỗ dạt dào, cây cỏ xanh mướt và lắng lòng nghe tiếng chuông chùa xa xa vọng lại, mọi tạp niệm của cõi trần tục dường như được rũ sạch.\nTừ trước đến nay, người ta đặt cho nhóm núi này nhiều tên. Người Việt đặt tên nó là Ngũ Chỉ, tượng trưng cho 5 ngón tay vì từ trên cao nhìn xuống, thấy các ngọn núi như 5 ngón tay ấn xuống đất. Người dân Quảng Nam gọi nó là núi Non Nước. Người Pháp ghi trên bản đồ địa dư đặt tên là núi Cẩm Thạch, và danh từ Ngũ Hành Sơn là do vua Minh Mạng đặt.\nNơi đây, các dấu ấn văn hóa lịch sử còn in đậm trên các công trình chùa, tháp đầu thế kỷ 19, trên mỗi tác phẩm điêu khắc Chàm của thế kỷ 14, 15. Những di tích văn hóa lịch sử như mộ thân mẫu tướng quân Trần Quang Diệu, đền thờ công chúa Ngọc Lan (em gái vua Minh Mạng), bút tích sắc phong quốc tự vẫn còn lưu giữ tại chùa Tam Thai của triều Nguyễn, đến các di tích lịch sử đấu tranh cách mạng như địa đạo núi đá Chồng, hang Bà Tho, núi Kim Sơn, hang Âm Phủ... Tất cả là những minh chứng hùng hồn về một Ngũ Hành Sơn huyền thoại, về một vùng đất địa linh nhân kiệt đầy chất sử thi.\nNgũ Hành Sơn không cao, sườn núi dốc đứng cheo leo, cây cỏ lơ thơ. Đá ở Ngũ Hành Sơn là loại đá cẩm thạch có nhiều màu: sáng đục, trắng sữa, hồng phấn, xám vân đỏ, nâu đen, xanh đậm không cứng lắm và là chất liệu rất tốt cho tạc tượng và đồ mỹ nghệ trang trí.\nTận dụng nét độc đáo đó mà nhiều bàn tay tài hoa đã biến các khối đá vô tri vô giác kia thành những tác phẩm điêu khắc tinh xảo đến tuyệt vời, để rồi dần dần nơi đây hình thành nên làng đá mỹ nghệ - một làng nghề truyền thống, một điểm du lịch ấn tượng của Đà Nẵng và khu vực.\nThật ra Ngũ Hành Sơn có đến 6 ngọn chứ không phải 5 ngọn như mọi người thường nghĩ, bởi ngọn Hỏa Sơn chia thành 2 ngọn nhỏ gồm: Âm Hỏa Sơn và Dương Hỏa Sơn nối với nhau bằng một đường đá thiên tạo nhô cao lên.', 'Ngũ Hành Sơn nằm cách trung tâm Đà Nẵng khoảng 8 km về phía đông nam,trên một bãi cát mênh mông gần bờ biển, thuộc làng Hoà Khuê, ấp Sơn Thủy, quận Ngũ Hành sơn.', '', '', '6', '1', '09.jpg');
INSERT INTO `destinations` VALUES ('55', 'Chùa Linh Ứng Sơn Trà', 'Chùa Linh Ứng Bãi Bụt Sơn Trà là ngôi chùa lớn nhất ở thành phố Đà Nẵng cả về quy mô (rộng khoảng 20ha) lẫn kiến trúc nghệ thuật. Đây là ngôi chùa nằm trong quần thể du lịch bán đảo Sơn Trà được xây dựng với sự kết hợp hài hòa giữa nét hiện đại và truyền thống của chùa Việt, hiện đang là điểm du lịch mới của thành phố biển xinh đẹp này.\nTruyền thuyết\n\nNgười dân bán đảo Sơn Trà kể lại rằng, vào thời vua Minh Mạng (nhà Nguyễn, thế kỷ XIX) có một pho tượng Phật không biết từ đâu trôi dạt về bãi cát nơi đây. Cho đó là điềm lành, họ lập nam thờ tự và từ đó cả khu vực sóng yên biển lặng, dân chài yên ổn làm ăn suốt một thời gian dài. Khu bãi cát mà pho tượng phật dạt về từ đấy được mang tên Bãi Bụt (nghĩa là Cõi Phật giữa chốn trần gian) cũng chính là nơi dựng lên chùa Linh Ứng ngày nay.\nCõi Phật giữa chốn trần gian\n\nChùa Linh Ứng Bãi Bụt tựa lưng vào đỉnh Sơn Trà vững chãi, mặt nhìn ra biển Đông bao la, xa xa bên tả là đảo Cù lao Chàm án ngự, phía hữu là ngọn Hải Vân ngăn che với dòng Hàn giang hiền hòa thơ mộng. Sơn Trà còn là nơi giao hòa giữa biển trời với núi sông trong khoảng không trầm lặng, với tiếng vỗ rì rầm của biển cả và lời kể về một câu chuyện thuở xưa: Vào thời vua Minh Mạng, dân chài ven biển nơi đây đã phát hiện một tượng Phật trên bãi cát, bằng lập am thờ tự. Và rồi, Ngài Quán Thế Âm cứu khổ cứu nạn xuất hiện cứu người vượt vòng trầm luân, kể từ đó sóng yên biển lặng, dân chài yên ổn làm ăn, từ đó nơi đây có tên gọi là Bãi Bụt, hay còn gọi là Cõi Phật giữa chốn trần gian.\nQuá trình xây dựng và khánh thành\n\nChùa Linh Ứng Bãi Bụt được đặt viên đá đầu tiên vào ngày 19 tháng 06 năm 2004 âm lịch, sau 6 năm xây dựng ngày 30 tháng 07 năm 2010 (nhằm ngày 19/6 năm Canh Dần) Chùa được chính thức khánh thành. Theo ban đại diện chùa Linh Ứng Bãi Bụt: Chùa xây dựng trên cơ sở phát nguyện của Thượng tọa Thích Thiện Nguyện khởi tâm vận động bà con phật tử gần xa. Đồng thời được các cơ quan ban ngành và lãnh đạo thành phố cấp đất xây dựng trong một quần thể du lịch mới hình thành của Đà Nẵng.', 'Cách bãi biển Mỹ Khê Đà Nẵng chừng 10km. Chùa tọa lạc trên một ngọn đồi của bán đảo Sơn Trà, nằm ở lưng chừng núi, mang hình con rùa, mặt hướng ra biển, lưng tựa vào cánh rừng nguyên sinh bạt ngàn với bao chim thú của bán đảo Sơn Trà…', '', '', '6', '1', 'aboutus-dl.jpg');
INSERT INTO `destinations` VALUES ('56', 'Chợ Cồn', 'Chợ Cồn đã phát huy được khả năng và thế mạnh của một khu mua bán lớn nhất Tp. Đà Nẵng và khu vực miền Trung.\nCái tên \"Chợ Cồn\" có từ thập niên 1940, do chợ nằm trên một cồn đất cao giữa lòng thành phố nên người dân địa phương quen miệng gọi thành tên - Chợ Cồn. Ngay từ ngày mới ra đời, chợ đã tập trung được số lượng lớn người tham gia buôn bán, ngoài người dân địa phương còn có những người từ các vùng quê của Quảng Nam.\nTháng 12/1984, chợ được phá bỏ xây dựng mới hoàn toàn và đúng dịp kỷ niệm 10 năm ngày giải phóng thành phố 29/3/1985, chợ được khánh thành gồm 3 tầng khang trang với diện tích 14.000m² và lấy tên gọi là Trung tâm Thương nghiệp Đà Nẵng.  Nhưng người dân thành phố Đà Nẵng vẫn quen gọi là \"Chợ Cồn\" thay vì tên chính thức.\n\nHàng hoá ở chợ phong phú, đa dạng với đủ các mặt hàng từ phổ thông đến cao cấp theo phương thức bán sỉ và lẻ. Tuy không phải là chợ đêm nhưng chưa đêm nào vãn bóng người. Những chuyến xe chở đầy ắp trái cây từ mọi miền đất nước tranh thủ về chợ khi thành phố còn chìm đắm trong giấc ngủ say.\nChợ Cồn hôm nay đã và đang thay đổi theo từng bước đi lên của thành phố qua từng ngày, từng đêm và qua mỗi chuyến hàng.', 'Chợ Cồn thuộc phường Hải Châu II, quận Hải Châu, thành phố Đà Nẵng, nằm ở ngã tư đường Hùng Vương - Ông Ích Khiêm và tiếp giáp với những mạch máu giao thông quan trọng.', '', '', '6', '1', 'bnk3.jpg');
INSERT INTO `destinations` VALUES ('57', 'Bảo Tàng điêu khắc ChamPa', 'Ngôi nhà được mô phỏng theo đường nét kiến trúc kiểu tháp Chăm cổ, nằm trong khuôn viên có nhiều cây sứ cổ thụ.\nBảo tàng được xây dựng theo môtíp Chămpa. Bảo tàng điêu khắc Chămpa xây phỏng theo mô típ của các kiến trúc Chămpa, khối nhà trưng bày màu trắng có đường nét trang trí tuy nhỏ nhưng đơn giản và duyên dáng.\nĐây là bộ sưu tập cuối cùng về nghệ thuật điêu khắc Chămpa trên thế giới được đặt tại Đà Nẵng, trung tâm cũ của vương quốc Chămpa. Bảo tàng điêu khắc Chămpa được xây dựng từ năm 1915 dưới sự bảo trợ của Viện nghiên cứu Viễn Đông pháp tại Việt Nam. Năm 1936, Bảo tàng được mở rộng thêm và chính thức khánh thành vào năm 1939. \nBảo tàng được thành phố Đà Nẵng đầu tư nâng cấp, diện tích được xây dựng thêm là 1.800m2 (2002 – 2004). Công trình vẫn giữ được phong cách kiến trúc tổng thể và kế thừa bố cục trưng bày ban đầu, song được bổ sung thêm 150 hiện vật mới, trong đó có nhiều hiện vật rất quý như tượng nữ thần bằng đồng.\nHiện nay bảo tàng trưng bày khoảng 300 tác phẩm điêu khắc nguyên bản bằng chất liệu sa thạch, số ít là đất nung được sưu tập từ các đền, tháp Chàm nằm rải rác ở miền Trung từ Quảng Bình đến Bình Thuận. Đấy là những đài thờ và các phù điêu trang trí trên các kiến trúc. Chúng được trưng bày trong 10 phòng mang tên các địa phương có hiện vật được phát hiện. Kiến trúc có niên đại từ thế kỷ 5 đến thế kỷ 15 theo chế độ mẫu hệ \"Mother of the country\".\nĐến thăm Bảo tàng Điêu khắc Champa - một bảo tàng độc đáo không chỉ của thành phố Đà Nẵng,Việt Nam mà còn của cả thế giới - dẫu giữa ngày mưa hay ngày nắng, buổi sáng hay buổi chiều, du khách vẫn nhận ra một không khí rất riêng mà nơi này, do đặc trưng của mình vẫn luôn giữ được: sự trầm lắng của những hoài niệm.\n\nHệ thống chiếu sáng, âm thanh, các phương tiện bảo vệ hiện vật được trang bị đồng bộ và hiện đại hơn. Bảo tàng đã bước đầu bố trí chỗ dành cho những người có yêu cầu nghiên cứu đến làm việc thuận tiện.\nVới thiết kế độc đáo mô phỏng hình dáng con rồng đang uốn lượn trên mặt sông Hàn và hướng ra biển Đông, đầu rồng ngẩng cao và thân rồng uốn lượn. Cầu Rồng là trục chính của Đà Nẵng theo hướng Đông – Tây, là tuyến đường ngắn nhất, nối liền sân bay quốc tế Đà Nẵng với các khu du lịch cao cấp ven biển Sơn Trà- Điện Ngọc, đóng vai trò quan trọng trong chiến lược phát triển và hoàn thiện hạ tầng giao thông đô thị thành phố, đồng thời được kỳ vọng trở thành biểu tượng kiến trúc mới của thành phố.\n\nCầu Rồng được khởi công vào ngày 19/7/2009 với tổng kinh phí đầu tư trên 1.500 tỷ đồng. Trước đó, từ cuối năm 2005, để chuẩn bị cho công trình cầu Rồng mang nhiều kỳ vọng, UBND thành phố đã tổ chức cuộc thi thiết kế kiến trúc cầu Rồng với sự tham gia của 8 đơn vị tư vấn thiết kế đến từ Việt Nam, Nhật Bản, Đức, Mỹ. Cuối cùng, phương án thiết kế cầu Rồng do công ty tư vấn Louis Berger Group, Inc.(Mỹ) trên ý tưởng thể hiện hình dáng rồng đang bay qua sông Hàn hướng ra biển lớn đã vượt qua 17 thiết kế khác và được lãnh đạo thành phố chọn lựa.\nThiết kế của cầu Rồng đã được Hiệp hội Cầu đường thế giới công nhận là một trong những công trình có kiến trúc độc đáo, mới lạ, tạo nên nguồn cảm hứng đặc biệt về một thành phố đang chuyển mình mạnh mẽ, là biểu tượng mới của Đà Nẵng trong thời kỳ hội nhập và phát triển.\n\nCầu Rồng được xây dựng với quy mô vĩnh cửu, có tổng chiều dài 666,0 m, gồm 5 nhịp chính và 3 nhịp dẫn, chiều rộng 37,5m, có 6 làn xe chạy, mỗi làn 3,75 m, 2 làn đường dành cho người đi bộ. Cây cầu có kết cấu nhịp thép độc đáo nhất từ trước đến nay với hình dáng một con rồng dài 568m, nặng lên đến gần 9.000 tấn. Trong đó, phần đầu rồng dài 18,24m, nặng 194,1 tấn; phần thân rồng dài 530m, nặng 8.405,1 tấn; phần đuôi rồng dài 19,37m, nặng 183,9 tấn; phần vảy rồng 118,9 tấn.\n\nHạng mục dầm thép gồm tổng số 34 đốt dầm với khoảng 3.500 tấn thép cường độ cao là phần chiếm giá trị lớn nhất trong dự án xây dựng cầu Rồng. Trong đó, 24 đốt dầm do Công ty CP Cơ khí 121 thuộc Tổng Công ty Xây dựng Công trình Giao thông 1 sản xuất và 10 đốt dầm còn lại do Công ty Cơ điện miền Trung đảm nhận. Toàn bộ vật liệu chế tạo dầm thép được nhập từ Hàn Quốc. Đặc biệt, các dầm thép của công trình cầu Rồng có kết cấu hình hộp thay vì hình chữ I như các công trình khác, trong đó đốt dầm thép nặng nhất có trọng lượng lên đến 144 tấn. Để hoàn thành sản xuất một đốt dầm thép này mất trung bình 12 ngày trong điều kiện thời tiết thuận lợi với khoảng 60 kỹ sư, công nhân/dây chuyền/ca và sản xuất theo phương thức gối đầu.\n\nBên cạnh đó, hệ dầm hộp được liên kết với hệ vòm thép bằng kết cấu cáp dây treo. Đây là kết cấu vòm đặc biệt nhất tại Việt Nam tính đến thời điểm hiện tại. Ngoài ra, công nghệ lắp dựng cầu Rồng cũng chưa có công trình nào tương tự nên đòi hỏi phải có những tính toán cẩn thận và kỹ lưỡng. Toàn bộ công trình được sơn 5 lớp để chống tác động ăn mòn bên ngoài và tạo màu sắc cho thân Rồng, cảnh quan và đài phun nước, cùng hệ thống chiếu sáng hiện đại sẽ góp phần tạo nên một hiệu ứng đẹp cho công trình cầu Rồng vào ban đêm. Cụ thể, khi đêm về, cầu Rồng được thắp sáng với hơn 2.500 điểm đèn LED thông minh. Giải pháp chiếu sáng của cầu do công ty Philips (Hà Lan) đảm nhận, và sẽ chủ động thay đổi ánh sáng phù hợp với từng chủ đề của các sự kiện, lễ hội.\n\nĐặc biệt cứ vào 9 giờ tối thứ 7, chủ nhật hàng tuần, “Rồng” sẽ phun lửa, phun mưa bằng công nghệ hiện đại, khiến cho sông Hàn thêm phần sống động, thu hút. Lửa sẽ được phun trước với 2 lượt, mỗi lượt 9 lần; và tiếp theo sau là phun nước với 3 lượt, mỗi lượt 1 lần.\nVào tháng 9/2013, UBND thành phố Đà Nẵng đã có văn bản đồng ý cho phép đưa dự án cầu Rồng tham gia cuộc thi kỹ thuật xuất sắc 2013 ACEC New York của Hiệp hội các công ty kỹ thuật Hoa Kỳ. Theo đó, UBND thành phố giao Ban quản lý dự án cầu Rồng phối hợp công ty Louis Berger (Hoa Kỳ) cung cấp hồ sơ dự án trong quá trình dự thi. Cuộc thi kỹ thuật xuất sắc được Hiệp hội các công ty kỹ thuật Hoa Kỳ, thành phố New York tổ chức hàng năm vào mùa xuân ở Waldorf-Astoria để tôn vinh các công ty thành viên cho thành tích thiết kế và giải pháp kỹ thuật và công nghệ.\n\nCó thể nói, công trình cầu Rồng sau khi hoàn thành đã trở thành một trong những sự kiện quan trọng, đáng nhớ của chính quyền và nhân dân thành phố Đà Nẵng. Trước hết, nó đánh dấu một bước trưởng thành vượt bậc của đội ngũ cán bộ, kỹ sư công nhân Đà Nẵng nói riêng, Việt Nam nói chung trong việc làm chủ công nghệ thiết kế, thi công một dạng kết cấu cầu phức tạp và hiện đại của thế giới, sẵn sàng đảm đương tốt các hạng mục mới, có tính chất khó khăn, phức tạp của ngành xây dựng. Đồng thời với hình dáng con rồng vươn mình ra biển cùng khả năng phun lửa và nước, cầu Rồng được đánh giá là cây cầu có kiến trúc độc đáo, đẹp, hài hòa với cảnh quan xung quanh, phục vụ đắc lực nhu cầu đi lại và tham quan của nhân dân Đà Nẵng và du khách thập phương, góp phần khẳng định vị thế của thành phố Đà Nẵng là Trung tâm kinh tế - chính trị - văn hóa – xã hội của khu vực miền Trung-Tây Nguyên, đồng thời thúc đẩy ngành du lịch của thành phố ngày càng phát triển.\n\nNhững tượng thờ, vật trang trí, bàn thờ được sưu tầm từ các nền văn minh Chămpa có nguồn gốc từ Quảng Bình, Quảng Trị, Quảng Nam, Đà Nẵng, Bình Định... Nhiều tác phẩm không còn giữ được nguyên hình dáng cũ do sự tàn phá của thời gian, nhưng chúng ta sẽ được khám phá sự độc đáo về văn hóa Chămpa và nghệ thuật điêu khắc tinh xảo, đặc biệt là những bức tượng liên quan đến các thần Ấn Độ giáo thời kỳ Veda.\n\nĐến bảo tàng, ta như thấy lại quá khứ vàng son của một dân tộc mà lòng say mê và khả năng sáng tạo nghệ thuật đều ở một trình độ rất cao. Thế giới thần linh kỳ bí, những câu chuyện bằng hình ảnh, các biểu tượng tôn giáo, đường cong thân thể các vũ nữ, những bầu ngực căng tròn, nụ cười phảng phất nét thời gian... tất cả đều sống động, chi tiết và gợi cảm vô cùng. Hãy cùng nhau thưởng thức những vũ điệu Chămpa truyền thống ngay tại sân bảo tàng điêu khắc Chămpa để hiểu hơn về một nền văn hóa.', 'Bảo tàng điêu khắc Chămpa, thường được dân chúng gọi là “Bảo tàng Chàm” (dịch từ Musée Cham ) nằm ở giao điểm đường Bạch Đằng và đường Trần Phú, thuộc quận Hải Châu, thành phố Đà Nẵng.', '5113470114', 'http://www.chammuseum.danang.vn/', '6', '1', '05.jpg');
INSERT INTO `destinations` VALUES ('58', 'Cầu Rồng', 'Với thiết kế độc đáo mô phỏng hình dáng con rồng đang uốn lượn trên mặt sông Hàn và hướng ra biển Đông, đầu rồng ngẩng cao và thân rồng uốn lượn. Cầu Rồng là trục chính của Đà Nẵng theo hướng Đông – Tây, là tuyến đường ngắn nhất, nối liền sân bay quốc tế Đà Nẵng với các khu du lịch cao cấp ven biển Sơn Trà- Điện Ngọc, đóng vai trò quan trọng trong chiến lược phát triển và hoàn thiện hạ tầng giao thông đô thị thành phố, đồng thời được kỳ vọng trở thành biểu tượng kiến trúc mới của thành phố.\n\nCầu Rồng được khởi công vào ngày 19/7/2009 với tổng kinh phí đầu tư trên 1.500 tỷ đồng. Trước đó, từ cuối năm 2005, để chuẩn bị cho công trình cầu Rồng mang nhiều kỳ vọng, UBND thành phố đã tổ chức cuộc thi thiết kế kiến trúc cầu Rồng với sự tham gia của 8 đơn vị tư vấn thiết kế đến từ Việt Nam, Nhật Bản, Đức, Mỹ. Cuối cùng, phương án thiết kế cầu Rồng do công ty tư vấn Louis Berger Group, Inc.(Mỹ) trên ý tưởng thể hiện hình dáng rồng đang bay qua sông Hàn hướng ra biển lớn đã vượt qua 17 thiết kế khác và được lãnh đạo thành phố chọn lựa.\nThiết kế của cầu Rồng đã được Hiệp hội Cầu đường thế giới công nhận là một trong những công trình có kiến trúc độc đáo, mới lạ, tạo nên nguồn cảm hứng đặc biệt về một thành phố đang chuyển mình mạnh mẽ, là biểu tượng mới của Đà Nẵng trong thời kỳ hội nhập và phát triển.\n\nCầu Rồng được xây dựng với quy mô vĩnh cửu, có tổng chiều dài 666,0 m, gồm 5 nhịp chính và 3 nhịp dẫn, chiều rộng 37,5m, có 6 làn xe chạy, mỗi làn 3,75 m, 2 làn đường dành cho người đi bộ. Cây cầu có kết cấu nhịp thép độc đáo nhất từ trước đến nay với hình dáng một con rồng dài 568m, nặng lên đến gần 9.000 tấn. Trong đó, phần đầu rồng dài 18,24m, nặng 194,1 tấn; phần thân rồng dài 530m, nặng 8.405,1 tấn; phần đuôi rồng dài 19,37m, nặng 183,9 tấn; phần vảy rồng 118,9 tấn.\n\nHạng mục dầm thép gồm tổng số 34 đốt dầm với khoảng 3.500 tấn thép cường độ cao là phần chiếm giá trị lớn nhất trong dự án xây dựng cầu Rồng. Trong đó, 24 đốt dầm do Công ty CP Cơ khí 121 thuộc Tổng Công ty Xây dựng Công trình Giao thông 1 sản xuất và 10 đốt dầm còn lại do Công ty Cơ điện miền Trung đảm nhận. Toàn bộ vật liệu chế tạo dầm thép được nhập từ Hàn Quốc. Đặc biệt, các dầm thép của công trình cầu Rồng có kết cấu hình hộp thay vì hình chữ I như các công trình khác, trong đó đốt dầm thép nặng nhất có trọng lượng lên đến 144 tấn. Để hoàn thành sản xuất một đốt dầm thép này mất trung bình 12 ngày trong điều kiện thời tiết thuận lợi với khoảng 60 kỹ sư, công nhân/dây chuyền/ca và sản xuất theo phương thức gối đầu.\n\nBên cạnh đó, hệ dầm hộp được liên kết với hệ vòm thép bằng kết cấu cáp dây treo. Đây là kết cấu vòm đặc biệt nhất tại Việt Nam tính đến thời điểm hiện tại. Ngoài ra, công nghệ lắp dựng cầu Rồng cũng chưa có công trình nào tương tự nên đòi hỏi phải có những tính toán cẩn thận và kỹ lưỡng. Toàn bộ công trình được sơn 5 lớp để chống tác động ăn mòn bên ngoài và tạo màu sắc cho thân Rồng, cảnh quan và đài phun nước, cùng hệ thống chiếu sáng hiện đại sẽ góp phần tạo nên một hiệu ứng đẹp cho công trình cầu Rồng vào ban đêm. Cụ thể, khi đêm về, cầu Rồng được thắp sáng với hơn 2.500 điểm đèn LED thông minh. Giải pháp chiếu sáng của cầu do công ty Philips (Hà Lan) đảm nhận, và sẽ chủ động thay đổi ánh sáng phù hợp với từng chủ đề của các sự kiện, lễ hội.\n\nĐặc biệt cứ vào 9 giờ tối thứ 7, chủ nhật hàng tuần, “Rồng” sẽ phun lửa, phun mưa bằng công nghệ hiện đại, khiến cho sông Hàn thêm phần sống động, thu hút. Lửa sẽ được phun trước với 2 lượt, mỗi lượt 9 lần; và tiếp theo sau là phun nước với 3 lượt, mỗi lượt 1 lần.\nVào tháng 9/2013, UBND thành phố Đà Nẵng đã có văn bản đồng ý cho phép đưa dự án cầu Rồng tham gia cuộc thi kỹ thuật xuất sắc 2013 ACEC New York của Hiệp hội các công ty kỹ thuật Hoa Kỳ. Theo đó, UBND thành phố giao Ban quản lý dự án cầu Rồng phối hợp công ty Louis Berger (Hoa Kỳ) cung cấp hồ sơ dự án trong quá trình dự thi. Cuộc thi kỹ thuật xuất sắc được Hiệp hội các công ty kỹ thuật Hoa Kỳ, thành phố New York tổ chức hàng năm vào mùa xuân ở Waldorf-Astoria để tôn vinh các công ty thành viên cho thành tích thiết kế và giải pháp kỹ thuật và công nghệ.\n\nCó thể nói, công trình cầu Rồng sau khi hoàn thành đã trở thành một trong những sự kiện quan trọng, đáng nhớ của chính quyền và nhân dân thành phố Đà Nẵng. Trước hết, nó đánh dấu một bước trưởng thành vượt bậc của đội ngũ cán bộ, kỹ sư công nhân Đà Nẵng nói riêng, Việt Nam nói chung trong việc làm chủ công nghệ thiết kế, thi công một dạng kết cấu cầu phức tạp và hiện đại của thế giới, sẵn sàng đảm đương tốt các hạng mục mới, có tính chất khó khăn, phức tạp của ngành xây dựng. Đồng thời với hình dáng con rồng vươn mình ra biển cùng khả năng phun lửa và nước, cầu Rồng được đánh giá là cây cầu có kiến trúc độc đáo, đẹp, hài hòa với cảnh quan xung quanh, phục vụ đắc lực nhu cầu đi lại và tham quan của nhân dân Đà Nẵng và du khách thập phương, góp phần khẳng định vị thế của thành phố Đà Nẵng là Trung tâm kinh tế - chính trị - văn hóa – xã hội của khu vực miền Trung-Tây Nguyên, đồng thời thúc đẩy ngành du lịch của thành phố ngày càng phát triển.', 'Cầu Rồng là cây cầu thứ 6 bắc qua dòng sông Hàn. ', '', '', '6', '1', 'bg.jpg');
INSERT INTO `destinations` VALUES ('59', 'Vân Long', 'Không phải là đầm nước tự nhiên, đầm được hình thành từ năm 1960, sau khi tuyến đê trị thủy tả ngạn sông Đáy được đắp.\nĐược đưa vào khai thác du lịch từ năm 1998, tuy nhiên, đầm Vân Long không được nhiều người biết đến như Tràng An hay Tam Cốc – Bích Động. Vì vậy, nơi đây vẫn giữ được vẻ đẹp rất hoang sơ và tĩnh lặng.\nĐầm có rất nhiều hang động đẹp, nhiều hang được đưa vào khai thác du lịch như hang Cá, hang Rùa… Tuy nhiên, vào mùa mưa, có một số hang không thể tham quan do nước dâng cao.\nĐược mệnh danh là “vịnh không sóng”, đến Vân Long, du khách có dịp tận hưởng cảm giác êm ái khi cô lái đò nhẹ nhàng đưa chiếc thuyền nhỏ lướt trên mặt nước.\nMặt đầm lúc nào cũng phẳng lặng, như một tấm gương soi khổng lồ.\nRong đuôi chó là loài thủy sinh mọc nhiều nhất trong đầm. Loại rong này rất đắng, không thể làm thức ăn cho cả người lẫn cá, tuy nhiên, lại có tác dụng lọc nước rất tốt, giữ cho nước Vân Long luôn trong vắt.\nVân Long là khu vực có diện tích đa dạng sinh học rất cao. Những dãy núi đá vôi bị cô lập giữa đầm trở thành nơi trú ẩn cho các loại động vật quý hiếm, tránh khỏi bàn tay của con người. Trong đó, không thể không kể đến quần thể voọc quần đùi trắng với số lượng hơn 40 cá thể – lớn nhất Việt Nam hiện nay. Đây là loài động vật có nguy cơ tuyệt chủng cao, có tên trong sách đỏ thế giới, trước đó, chỉ được tìm thấy ở vườn quốc gia Cúc Phương.\nBãi lau sậy giữa đầm là nơi làm tổ của nhiều loại chim. Thời điểm thích hợp nhất trong ngày để thăm Vân Long là vào buổi chiều muộn. Lúc này, mặt trời buông trên đầm, tạo nên một cảm giác vừa thơ mộng, vừa bình yên. Vân Long còn có rất nhiều loài động thực vậy quý hiếm khác như tuế lá rộng, mã tiền, kỳ đà hoa… Những ngọn núi đá vôi giữa đầm là nơi sinh sống của nhiều loài động vật quý hiếm.\nThăm Vân Long vào lúc hoàng hôn, bạn có rất nhiều cơ may gặp các cá thể voọc chuyền tay trên những cành cây hay đu mình trên những mỏm núi đá vôi. Nhưng điều đặc biệt nhất có lẽ chính là cảnh tượng hàng nghìn con cò trắng bay về tìm nơi trú đêm, xao xác cả một vùng trời.', 'Cách Hà Nội khoảng 80 km, đầm Vân Long nằm trên địa phận 7 xã của huyện Gia Viễn, tỉnh Ninh Bình, là địa điểm du lịch lý tưởng vào dịp cuối tuần cho những bạn trẻ và gia đình.', '0466729191', '', '7', '1', 'dalat.jpg');
INSERT INTO `destinations` VALUES ('60', 'Thung Nham', 'Được bao quanh bởi các dải rừng nhiệt đới trên dãy núi đá vôi, với nhiều thung lũng và hang động, hòa quyện cùng với thiên nhiên cỏ cây và hoa lá đã và đang cùng với đất trời Tam Cốc - Tràng An tạo cho Thung Chim một cảnh quan thiên nhiên tuyệt đẹp.\nCách chùa Bích Động 5km, theo tuyến đường du lịch Hải Nham - Thung Chim du khách sẽ được tham quan nhiều điểm du lịch hấp dẫn như: Cây Đa di chuyển - Cây Duối nghìn năm, thưởng thức trái cây của Khu Miệt Vườn, Thung lũng tình yêu, Động Vái Giời - Hang bụt - Động Tiên Cá - Động Thủy Cung - Động Ba Cô - Rừng nguyên sinh trên núi đá vôi.\n\nĐặc biệt đến với Thung Chim, du khách còn được khám phá cuộc sống hoang dã của gần 40 loài chim với khoảng 50 ngàn con. Nhất là khi mỗi buổi hoàng hôn về, từng đàn, từng đàn cò trắng bay lượn, trú ngụ kín cả một vùng đất ngập nước, du khách sẽ cảm nhận được nét đẹp nguyên sơ kỳ thú khó có thể có nơi nào có được.\n\nSau hành trình khám phá những vẻ đẹp của Thung Chim, du khách có thể nghỉ ngơi trên các dãy nhà sàn ẩn mình dưới những tán rừng xanh với đầy đủ tiện nghi sinh hoạt hiện đại, tận hưởng những dịch vụ chăm sóc sức khỏe và thưởng thức những món ăn ẩm thực dân dã đồng quê độc đáo, do những nhà đầu bếp chuyên nghiệp chế biến từ những sản phẩm được thu hái từ tự nhiên của Thung Nham như Lợn cắp nách, Gà đồi, Cá hồ tự nhiên, Măng Vầu, rau rừng, ... thưởng thức đặc sản mắm tép Hải Nham, nhâm nhi ly Rượu nếp Khê trong, thả hồn trong không gian tĩnh mịch, thanh bình và yên ả của thung lũng Đồi Nham ...\nSau phút nghỉ ngơi thư giãn, du khách có thể vui chơi giải trí tại khu vườn hoa rộng rãi thoáng mát, là nơi bạn có thể cùng mọi người chơi những trò chơi vận động như kéo co, đá bóng, cầu lông, bóng chuyền... hay cùng với gia đình, bạn bè ngồi câu cá trong các chòi câu lợp cỏ tranh xinh xắn, hoặc thong thả cùng với người thân trên tuyến đường giao thông nội bộ với chiều dài 5km rất phù hợp cho việc đi bộ tập thể dục và đi xe đạp đôi thư giãn.\nNgoài vẻ đẹp hoang sơ kỳ thú, Khu du lịch sinh thái Thung Chim còn là nơi lý tưởng phục vụ cho các hoạt động mít tinh, tổ chức các cuộc họp, hội thảo tầm cỡ quốc tế với hội trường, phòng họp rộng rãi thoáng đãng, có điều hòa và hệ thống âm thanh tuyệt hảo, có sân khấu ngoài trời phục vụ cho các chương trình giao lưu văn nghệ, khu cắm trại, lửa trại độc đáo rộng rãi.\nVới vẻ đẹp nguyên sơ của khu du lịch sinh thái Vườn Chim Thung Nham, cùng với sự phục vụ nhiệt tình chu đáo của đội ngũ nhân viên chuyên nghiệp, Khu du lịch sinh thái Vườn Chim Thung Nham của công ty du lịch Doanh Sinh thực sự là một điểm đến lý tưởng đầy ấn tượng cho mọi du khách.', 'Nằm ở phía Tây Nam thành phố Ninh Bình, Khu du lịch sinh thái Vườn Chim Thung Nham (Thung Chim) thuộc xã Ninh Hải, huyện Hoa Lư, là một trong những điểm du lịch hội tụ đầy đủ các yếu tố văn hóa, tâm linh, cảnh quan và đa dạng sinh học', '09129008 87', 'http://vuonchimthungnham.com/', '7', '1', '09.jpg');
INSERT INTO `destinations` VALUES ('61', 'Vườn Quốc gia Cúc Phương', 'Vườn quốc gia Cúc Phương là một địa điểm du lịch nổi tiếng về sinh thái, môi trường. Cúc Phương thu hút khoảng vài trăm nghìn lượt khách hàng năm. Du khách đến đây để khám phá hệ động thực vật phong phú, chiêm ngưỡng cảnh quan thiên nhiên đẹp, tham gia các chương trình du lịch sinh thái, nghỉ dưỡng, lửa trại, mạo hiểm, nghiên cứu và văn hóa lịch sử. Trung tâm vườn đặt tại xã Cúc Phương, Nho Quan, Ninh Bình.', 'Vườn quốc gia Cúc Phương nằm trên địa phận tỉnh Ninh Bình, cách Hà Nội 120km về phía tây nam, cách thành phố Ninh Bình 45 km về phía Tây Bắc. Cúc Phương có diện tích 25.000ha, tiếp giáp 3 tỉnh Ninh Bình, Hòa Bình và Thanh Hóa. Khu rừng như một bảo tàng th', ' 0466721010', 'http://www.cucphuongnationalpark.com/', '7', '1', 'cct.jpg');
INSERT INTO `destinations` VALUES ('62', 'Tràng An', 'Độ cao trung bình của khối đá vôi Hoa Lư là 70 m – 105 m thấp dần theo hướng Tây Bắc - Đông Nam. Trên địa bàn huyện Hoa Lư nơi có nhiều di tích lịch sử văn hoá, danh thắng nổi tiếng. Khối núi đá vôi chiếm gần nửa diện tích phía Tây huyện, tập trung chủ yếu các xã: Trường Yên, Ninh Xuân, Ninh Hải và phần lớn là xã Gia Sinh huyện Gia Viễn. Toàn bộ dải đá vôi có khoảng vài trăm ngọn. Núi phân bố dày đặc, núi nọ xếp liền núi kia, dãy nọ nằm kề dãy kia từ xa xưa đã tồn tại những con đường mòn len lỏi của dân đi rừng, càng về phía Đông núi càng thưa dần tạo nên nhiều thung Karst mà dân địa phương gọi là “Thong” hoặc “Áng” như áng Mương, thong Bái, thung Lang, thung Tối Trong, thung Tối Ngoài, thung Nấu Rượu, thung đền Trần... Trong vùng dự án đã khảo sát và đo vẽ được 31 thung. Dưới chân các núi đá vôi nhiều nơi còn thấy các hàm ếch là dấu tích của biển. Chính vì vậy vùng núi đá vôi Hoa Lư còn được gọi là “Hạ Long trên cạn”.\nTrên đỉnh các khối núi đá vôi rất phổ biến dạng địa hình Karst-đá tai mèo, còn trong lòng các khối đá vôi có rất nhiều hang động. Các hang động ở đây phần lớn thuộc loại hang nằm ngang, trần thường có dạng vòm.\n\nKhu du lịch sinh thái Tràng An hiện nay chưa có đánh giá chính xác được số lượng hang động chỉ riêng số hang xuyên thuỷ đã được đo khảo sát là 48 hang với tổng chiều dài 12.226 m, nhóm hang xuyên thuỷ dài như: hang Địa Linh (1.500 m), hang Sinh Dược (1.300 m), hang Mây (1.200 m)... quần thể hang, động, núi, thung, hồ, suối... đã tạo nên một sinh cảnh “Tràng An” thơ mộng “độc nhất vô nhị” ở đồng bằng Bắc Bộ cũng như mọi vùng miền của đất nước, “một vùng non nước hữu tình” quần hội nhiều danh lam thắng cảnh độc đáo đa dạng một tài nguyên du lịch giàu tiềm năng.\nDo đặc điểm môi trường tự nhiên, khu du lịch sinh thái Tràng An có hệ động, thực vật phong phú, tính đa dạng sinh học cao. Qua điều tra, khảo sát bước đầu đã thống kê được 577 loài thực vật trong đó có 10 loài nằm trong sách đỏ Việt Nam cần được bảo vệ. Đặc biệt tài nguyên cây thuốc ở đây đa dạng quý hiếm đã có 311 loài có thể dùng làm thuốc, thực vật làm cây cảnh có 76 loài thuộc 31 họ... các cây gỗ quý như kiềng kiềng, đinh, sến, lát rất ít và ở những nơi khó đến còn lại hiện nay trên núi đá vôi là những thực vật ít giá trị về kinh tế.\n\nĐộng thực vật thuỷ sinh trong vùng ngập nước Tràng An còn tương đối phong phú, bao gồm 30 loài động vật nổi, 40 loài động vật đáy đặc biệt là rùa cổ sọc (Ocacliasinensis) được coi là động vật quý hiếm cần được bảo vệ.\n\nĐộng vật trên cạn chưa thống kê đầy đủ nhưng hiện nay nhân dân địa phương đôi khi cả khách du lịch vẫn còn gặp những bầy khỉ, sơn dương, cầy đổi màu, tê tê, tắc kè, rái cá, mèo rừng, vượn, trăn, rắn; các loài chim như sáo, vẹt, khiển, chim cu, le le, cò, soóc, đặc biệt là phượng hoàng đất – một loài chim quý hiếm sống thành bày đàn.\nThông qua các đợt khảo sát dưới góc nhìn của các lĩnh vực chuyên môn khác nhau các chuyên gia có nhiều đánh giá khác nhau song đều có một thống nhất chung\n\nKhu du lịch sinh thái Tràng An đang ẩn chứa những giá trị tài nguyên du lịch nhân văn rất lớn có những giá trị tài nguyên được phát lộ đã và đang trong quá trình nạo vét hệ thống hang động, khai quật khảo cổ trong những năm qua. Nhiều di vật, dấu tích của người tiền sử từ 5.000 – 30. 000 năm ở hang Bói, hang Trống. Di chỉ khảo cổ học núi đá hang Chợ và núi đá ông Hay, hang núi Thung Bình.\nKHU DU LỊCH SINH THÁI TRÀNG AN GỒM 4 KHU CHỨC NĂNG: KHU TRUNG TÂM KHU DU LỊCH HANG ĐỘNG KHU NÚI CHÙA BÁI ĐÍNH KHU CÔNG VIÊN VĂN HOÁ.\nKhu du lịch sinh thái Tràng An có 9 tuyến du lịch đường thuỷ và 2 tuyến du lịch đường bộ. Hệ thống giao thông đường bộ được xây dựng 11 tuyến đường chính và các tuyến đường nhánh, các quèn đi bộ qua núi có tổng chiều dài 39,41 km. Khu du lịch đã được quy hoạch chi tiết đồng bộ cả hệ thống cấp điện, hệ thống thông tin liên lạc, cấp nước và vệ sinh môi trường.\nKể từ khi triển khai khởi công xây dựng đến nay các đơn vị thi công nạo vét cơ bản xong 48 hang động, 31 thung lớn nhỏ. San lấp khu trung tâm, xây dựng cơ bản xong các tuyến du lịch đường thuỷ, đường bộ trong khu hang động. Đầu tư xây dựng cơ bản xong tuyến dường trục chính từ thành phố Ninh Bình đến khu tâm linh núi chùa Bái Đính, đầu tư xây dựng cơ bản một số hạng mục khu tâm linh núi chùa Bái Đính, sửa chữa tôn tạo các đền, chùa, miếu phủ trong khu du lịch sinh thái Tràng An. Đầu năm 2008, đã đưa 2 tuyến du lịch đường thuỷ vào khai thác phục vụ khách du lịch. Khu du lịch sinh thái Tràng An đang khẩn trương tiếp tục tập trung đầu tư phấn đấu đến năm 2010 hoàn thành các hạng mục chính đưa vào đón và phục vụ khách du lịch nhân dịp kỷ niệm 1000 năm Hoa Lư – Thăng Long – Hà Nội.', 'Khu du lịch sinh thái Tràng An - nằm trong Quần thể danh thắng Tràng An, tỉnh Ninh Bình - có diện tích 2168 ha, cách thủ đô Hà Nội hơn 90 km về phía nam,', '843890217', 'http://www.tranganlandscape.com/', '7', '1', 'bnk2.jpg');
INSERT INTO `destinations` VALUES ('63', 'Chùa Bái Đính', 'Chùa Bái Đính là một quần thể chùa lớn được biết đến với nhiều kỷ lục châu Á và Việt Nam được xác lập như: chùa có tượng Phật bằng đồng dát vàng lớn nhất châu Á; chùa có hành lang La Hán dài nhất châu Á; chùa có tượng Di lặc bằng đồng lớn nhất Đông Nam Á,… Du lịch Ninh Bình ghé chùa Bái Đính, du khách sẽ được tham quan hang sáng, động tối, đền thờ Thánh Nguyễn, đền thờ thần Cao Sơn, Giếng Ngọc.', 'Chùa Bái Đính nằm ở cửa ngõ phía tây khu di tích cố đô Hoa Lư, bên quốc lộ 38B, thuộc xã Gia Sinh, huyện Gia Viễn, tỉnh Ninh Bình. Với diện tích 539 ha, chỉ 27 ha trong số này là khu chùa Bái Đính cổ. Phần còn lại gồm khu chùa Bái Đính mới (80 ha) và các ', '02293868789', 'http://www.chuabaidinhninhbinh.vn/', '7', '1', 'place.jpg');
INSERT INTO `destinations` VALUES ('64', 'Cố Đô Hoa Lư', 'Theo sử sách thì cố đô Hoa Lư và đôi câu đối đền Vua Đinh thì ta thấy rằng: Hoa Lư xưa là 1 cung điện nguy nga, tráng lệ không kém gì Thành Trường An “ Cồ Việt Quốc Đương Tống Khai Bảo – Hoa Lư Đô Thị Hán Trường An ”…. Nếu nhìn về mặt địa lý ta sẽ hiểu vì sao khi lên Ngôi Vua Đinh Tiên Hoàng lại lựa chọn Hoa Lư làm kinh đô bởi: Những núi đồi trùng điệp bao bọc xung quanh vòng đai kinh đô như tấm bình phong; sông Hoàng Long uốn khúc và cánh đồng Nho Quan, Gia Viễn mênh mông là hào sâu thiên nhiên rất thuận lợi về mặt quân sự.\nKinh đô Hoa Lư xưa rộng khoảng 300 ha, gồm Thành Ngoại, Thành Nội và Thành Nam, được bao quanh bởi hàng loạt núi đá vòng cung, cảnh quan hùng vĩ, khoảng trống giữa các sườn núi được xây kín bằng đất ken gạch, chân thành có gạch bó, đắp cao từ 8 – 10 mét. Thành Ngoại rộng khoảng 140 ha thuộc địa phận thôn Yên Thành, xã Trường Yên. Ðây là cung điện chính mà khu vực đền Ðinh, đền Lê là trung tâm và cũng chính là nơi vua Ðinh Tiên Hoàng cắm cờ dựng nước. Trước cung điện có núi Mã Yên tương truyền vua Ðinh đã lấy nơi này làm án.\nKinh thành Hoa Lư xua gồm 2 vòng thành nằm cạnh nhau và một vùng núi kề sát. 3 vòng tạo thành hình giống số 80 hướng về phía đông. Theo cách bố trí thời Đinh Lê các nhà nghiên cứu chia làm 3 vòng thành là thành Đông, thành Tây và thành Nam. Tuy nhiên do thành Nam chỉ là vùng căn cứ quân sự hiểm trở, phòng thủ mặt sau mà nó thường được dân gian gọi riêng là thành Tràng An, 2 vòng thành kia là nơi đặt cung điện nên còn được gọi là thành Hoa Lư…. Đến năm 1010 Vua Lý Thái Tổ dời đô về Thăng Long thì Hoa Lư chỉ còn là Cố Đô được coi là một căn cứ địa quân sự hết sức quan trọng của quân và dân Đại Việt dưới các triều đại: Lý – Trần – Lê – Mạc – Tây Sơn…..\nNgày nay hình ảnh của Cô Đô Hoa Lư tuy không còn nguyên vẹn mà thay vào đó là đền thờ: Vua Đinh – Vua Lê được dựng ngay trên nền của Cố Đô Hoa Lư xưa. Hai ngôi đền cách nhau khoảng 500m, do khoảng cách gần nhau nên du khách thường gọi “ Cố Đô Hoa Lư ” là “ Đền Vua Đinh – Vua Lê ”.\nÐền vua Ðinh được xây theo kiểu “Nội công ngoại quốc” trên nền cung điện chính thuở xưa, uy nghi với ngọ môn quan, hồ sen, núi Giả, vườn hoa, nghi môn ngoại, nghi môn nội cùng ba toà bái đường, Thiêu hương và hậu cung. Tại bái đường có “Long Sàng” làm bằng đá nguyên khối với đôi nghê đá rất sống động. Tiếp đó là nhà thiêu hương thờ các vị khai quốc công thần. Trong cùng là hậu cung đặt tượng vua Ðinh Tiên Hoàng cùng các con trai ông. Các hình chạm khắc trên đá, trên gỗ với các đề tài rồng, mây, tiên nữ, hoa lá… trang trí tại đền đều khá tinh xảo.\nÐền vua Lê nằm cách đền vua Ðinh chừng 500 mét thờ vua Lê Ðại Hành. Ðền vua Lê có quy mô nhỏ hơn nhưng có có ba toà: Bái đường, Thiêu hương thờ Phạm Cự Lượng, người đã có công giúp Lê Hoàn lên ngôi; Chính cung – thờ vua Lê Ðại Hành (tức Lê Hoàn) ở giữa, bên phải là Lê Ngoạ Triều (con trai vua Lê), bên trái là Hoàng hậu Dương Vân Nga. Ðền vua Lê còn giữ nhiều dấu tích kiến trúc cổ với những mảng chạm trổ công phu, điêu luyện. Tại đây người ta đã tìm thấy di tích nền cung điện cũ cùng một số gốm sứ cổ. Những hiện vật quý này được lưu giữ tại phòng bảo tàng phía trái khu đền. Khu di tích Hoa Lư còn có một số ngôi chùa khá đẹp như: chùa Ngân Xuyên (gần chân núi Mã Yên), chùa Nhất Trụ (cách đền vua Lê khoảng 200 mét) thu hút được nhiều du khách đến dâng hương, vãn cảnh.\nVới khoảng cách 100km tính từ Hà Nội và sự thuận tiện của hệ thống giao thông thì bạn chỉ mất khoảng hơn hai tiếng đồng hồ đi Ôtô… Đến đây và được nghe những câu chuyện về các vị vua được kể một cách giản dị, thành kính và đầy tự hào của các thuyết minh viên tại đểm chắc chắn sẽ khiến chi bạn có cảm giác tự hào về lịch sử nước nhà. Bên cạnh đó bạn có thể kết hợp việc thăm Hoa Lưu với một số thắng cảnh nổi tiếng khác ở Ninh Bình như: KDL Bái Đính – Tràng An, Tam Cốc – Bích Động, Nhà Thờ Đá Phát Diệm hoặc Thung Nham, Vân Long…', ' Ngày nay dấu tích của Cố Đô Hoa Lư thuộc xã Trường Yên, huyện Hoa Lư, tỉnh Ninh Bình, cách thủ đô Hà Nội gần 100 km về phía Nam.', '', '', '7', '1', 'aboutus-dl.jpg');
INSERT INTO `destinations` VALUES ('65', 'Nhà Thờ Phát Diệm', 'Được xây dựng trong gần 30 năm (từ 1875 – 1899) bởi linh mục Phêrô Trần Lục (Linh mục giáo phận Phát Diệm từ năm 1865) mô phỏng theo những nét kiến trúc đình chùa truyền thống của Việt Nam, nhà thờ Phát Diệm là công trình kiến trúc độc đáo và duy nhất không chỉ ở Việt Nam mà cả trên thế giới.\nCách Hà Nội khoảng 120km, nhà thờ Phát Diệm thuộc địa phận thị trấn Phát Diệm, huyện Kim Sơn, tỉnh Ninh Bình. Phát Diệm có nghĩa là phát sinh ra cái đẹp, tên Phát Diệm do danh nhân Nguyễn Công Trứ đặt. Nhà thờ được xây dựng trong suốt thời gian 24 năm liên tục, với trình độ kỹ thuật và điều kiện giao thông của những năm cuối thế kỷ 19 thì chỉ việc vận chuyển hàng nghìn tấn đá, có những phiến nặng 20 tấn, hàng trăm cây gỗ lim về tới Phát Diệm để xây nhà thờ cũng là một kỳ công. Kim Sơn vốn là vùng đất mới khai khẩn, trước đây rất lầy lội, để xử lý độ lún của khu đất trước khi xây dựng người ta đã chuyển cả một quả núi nhỏ cách 40km về Phát Diệm, khách về thăm nhà thờ còn thấy núi Sọ, đấy chính là một phần của trái núi đã được dân rời về Phát Diệm.\n\nToạ lạc trên diện tích rộng hơn 20 ha, quần thể nhà thờ gồm 11 công trình được xây cất, bố trí hợp lý, tạo thành một cảnh quan cổ kính tuyệt đẹp. Trải qua hơn 100 năm, các hạng mục vẫn còn gần như nguyên vẹn. Ngay trước khuôn viên nhà thờ là hồ nước hình chữ nhật có kè đá bao quanh. Giữa hồ có một hòn đảo nhỏ xanh mát bóng cây và bức tượng Chúa Giêsu bằng đá trắng dang hai tay, mắt nhìn thẳng phía trước.\nĐiểm đến đầu tiên trong khoảng sân mát rượi là Phương đình, công trình kiến trúc 3 tầng cao 25m, rộng 17m, dài 24m, được ghép lại từ những phiến đá xám nguyên khối. Ngay giữa tầng đầu đặt một sập đá xanh nguyên khối, bên trên là những bức điêu khắc chạm trổ hình ảnh Chúa Giêsu và các vị thánh với những đường nét thanh thoát. Mỗi vòm cửa cũng là một công trình điêu khắc đá tinh xảo.\n\nTrên các bức tường là những phù điêu được sáng tác theo phong cách nghệ thuật dân gian Việt Nam mang tính gợi tả và cách điệu, những chấn song cửa sổ có hình lá trúc và cây trúc mềm mại, uyển chuyển. Chóp của Phương đình không cao vút kiểu ngọn tháp như những nhà thờ khác mà được uốn cong theo phong cách mái đình Việt Nam. Dù trên đỉnh có gắn thánh giá, song, nhìn bao quát, Phương đình vẫn mang dáng dấp tam quan chùa hơn là nóc nhà thờ Thiên Chúa giáo. Ngay cả các đường nét, tư thế ngồi hay nếp áo của bốn pho tượng Thánh Sử trên bốn đỉnh tháp cũng khiến du khách liên tưởng đến những tượng Phật trong các ngôi chùa. Trong khỏang sân giữa Phương đình và nhà thờ chính đặt các đài sen, đặc trưng của kiến trúc nhà Phật.\nChiếc trống khá lớn treo trên tầng hai và quả chuông Nam nặng gần 2 tấn trên tầng 3 Phương đình cũng là những nét độc đáo. Mỗi khi gõ chuông bằng một cái chày lớn, tiếng chuông vang xa đến cả 3 tỉnh (Nam Định, Ninh Bình và Thanh Hóa) đều nghe thấy.\n\nNằm cách Phương đình một khỏang sân rộng lát đá là nhà thờ chính, được xây dựng năm 1891 với tên chính thức là Nhà thờ Đức Mẹ Mân Côi (nay là nhà thờ Chính tòa của vị Giám mục Phát Diệm). Nhà thờ chính dài 74m, rộng 21m, cao 15m, có bốn mái và năm lối vào dưới các vòm đá được chạm trổ cầu kỳ. Mặt tiền của nhà thờ chính chạm khắc hình ảnh hoa sen, hoa đào, hoa cúc, cuốn thư, nậm rượu…, được cách điệu tinh xảo. Một nét độc đáo nữa là bức phù điêu khổng lồ ở chính giữa nhà thờ với hình ảnh 17 vị thiên thần trong vườn hoa mân côi mang dáng dấp các nhân vật trong tranh dân gian.\nKhu thánh đường uy nghi được xây dựng công phu với 6 hàng cột gỗ lim (48 cột) nguyên khối, mỗi cột nặng khoảng 10 tấn. Trên gian thượng có một bàn thờ lớn làm bằng đá tảng dài 3m, rộng 0,9m, cao 0,8m, nặng khoảng 20 tấn. Mặt trước và hai bên được chạm trổ hình các loài hoa đặc trưng của bốn mùa, trang nhã và thanh thóat. Ánh nắng chiếu qua các ô cửa, dát lên những hình chạm khắc một màu bạc lấp lánh, đẹp huyền ảo.\n\nNằm song song hai bên nhà thờ chính là 4 nhà thờ nhỏ đăng đối nhau: nhà thờ Thánh Rôcô, nhà nguyện Thánh Giuse, nhà thờ Trái tim Đức Mẹ và nhà nguyện Thánh Phêrô. Mỗi nhà thờ là một tác phẩm kiến trúc tuyệt mỹ. Tuy vậy, cả 4 ngôi nhà thờ đều mang dáng dấp những ngôi đền Việt Nam với những cánh cửa và cột chống bằng gỗ, mái ngói dài cùng các mái đao cong trên đỉnh. Hai bên gian cung thánh của nhà nguyện Thánh Giuse có 14 bức phù điêu diễn tả những điển tích của đạo Thiên Chúa, được coi là những kiệt tác của nghệ thuật chạm khắc đá Việt Nam.\nRiêng nhà thờ Trái tim Đức Mẹ (còn gọi là Nhà thờ đá) là một tuyệt tác điêu khắc đá, được tạo nên hòan tòan bằng đá cẩm thạch, từ nền, tường, cột, song cửa... Những bức phù điêu đá bên trong nhà thờ (tranh tứ quý: tùng, mai, cúc, trúc, tượng sư tử, rồng, phượng…) cũng là những tác phẩm nghệ thuật vô song.\nHơn 100 năm tồn tại, phát Diệm ngày càng cổ kính và trang nghiêm với những lớp đá rêu phong. Không chỉ biết sống trên những vách đá trên núi cao, cây dại cũng đã tìm đến và sống ngay trên những bức tường đá ở nhà thờ tạo nên vẻ rêu phong tuyệt đẹp.\nCuối khuôn viên nhà thờ có các hành lang lát đá tĩnh lặng, những khu vườn yên tĩnh xanh ngắt bóng cây và 3 hang đá cổ kính rêu phong. Nơi đây, chắp tay trước tượng Đức Mẹ và tượng Thánh, mỗi du khách đều cảm nhận được sự nhẹ nhõm và bình yên.\n\n', 'Là nhà thờ mang đậm kiến trúc phương Đông Nhà thờ Phát Diệm cách Hà Nội 120km về phía nam, được xây dựng vào những năm 1875 – 1898. Phát Diệm có nghĩa là phát sinh ra cái đẹp, tên Phát Diệm do Nguyễn Công Trứ đặt. Nhà thờ được xây dựng trong suốt thời gia', '0303862058', 'http://phatdiem.org/', '7', '1', 'banner.jpg');
INSERT INTO `destinations` VALUES ('66', 'Tam Cốc-Bích Động', 'Ngồi trên những chiếc thuyền nan, lướt nhẹ trên dòng sông Ngô Đồng trong không gian tĩnh lặng, du khách có thể cảm nhận rõ cái trong trẻo của không gian nơi đây, không tiếng còi xe, tiếng máy nổ, không có những chùm âm thanh tạp nham nơi phố thị, chỉ có tiếng mái chèo nhè nhẹ, ràn rạt, tiếng gió vi vu vuốt qua những cung đàn đá, tiếng chim lảnh lót buông từng nốt nhạc trong không gian và tiếng những giọt nước tong tong nhỏ như cách giữ nhịp thời gian của đá núi.\nTheo nhịp mái thuyền, du khách sẽ được đắm mình trong màu xanh của những cánh đồng lúa trải dài dọc hai bờ sông Ngô Đồng với những dãy núi trùng điệp. Hang Cả là hang lớn nhất và cũng là hang đẹp nhất của Xuyên Thuỷ động, với chiều dài 127m, nằm dưới một quả núi lớn vắt ngang qua hai dãy núi lớn hai bên sông Ngô Đồng. Khi thuyền vào trong hang, du khách sẽ cảm thấy mát lạnh và không khỏi ngạc nhiên trước những dải nhũ đá buông xuống... thuyền đưa du khách ra ngoài cửa hang tiếp tục cuộc hành trình xuyên thuỷ tới thăm hang hai và hang ba.\nCũng gần giống như trong hang Cả nhưng hai hang này ngắn và thấp hơn. Nếu thuyền du khách đi đầu tiên vào đây, khi mặt nước chưa bị các mái chèo khua động, nhìn dưới dòng sông, nước in hình những đám mây đá tuyệt đẹp. Du khách có cảm giác rằng trong hang chỉ toàn dành riêng cho nước và mây. Với những du khách ưa thích mạo hiểm có thể xuôi thuyền tiếp tục trên sông trên 2km nữa tới thăm suối Tiên. Suối Tiên với dòng nước trong vắt có thể nhìn thấy từng đàn cá bơi lượn trong các lớp rong rêu ở phía dưới. Theo truyền thuyết, nơi đây xưa kia Tiên thường xuống tắm nên mới gọi là suối Tiên...\nTrên đường ra, thuyền đưa du khách tới bến Thánh, đi bộ khoảng 50m du khách sẽ gặp động Thiên Hương có chiều cao trên 60m. ở phía sau động này có lối lên thẳng đỉnh núi - đường lên trời. Đi bộ tiếp 50m nữa là đền Thái Vi, được xây dựng vào thế kỷ 13 là nơi thờ vua Trần Thái Tông (vị vua đầu tiên của nhà Trần). Đền Thái Vi được xây dựng theo kiểu “nội công ngoại quốc”. Trước đền có giêng Ngọc xây bằng đá xanh, sau đền là dãy núi đá Cấm Sơn đứng sừng sững. Đền Thái Vi là một tác phẩm nghệ thuật của con người hoà nhập với kiệt tác của thiên nhiên kỳ thú.\n\nRời bến thuyền Đình Các gần 3km nữa, du khách tiếp tục tới thăm chùa Bích Động, một trong những thắng cảnh nổi tiếng được mệnh danh là “Nam thiên đệ nhị Động”. Chùa Bích Động là một công trình kiến trúc cổ, mái cong lượn, dáng nét trang nghiêm được xây cất ở trên sườn núi cao, dựa vào thế núi. Du khách sẽ được hướng dẫn vào thăm động tối, thâm nghiêm và tĩnh mịch... thiên nhiên đã miệt mài bao thế kỷ để tạo nên muôn vàn các “tượng đá”. Không xa chùa Bích Động là động Tiên đẹp mê hồn nằm bên sườn một quả núi hùng vĩ tiếp tục với bao điều ngạc nhiên cho khách. Núi, động và chùa ở đây đã tạo nên một sự hài hoà và có sức thu hút kỳ lạ đến từng du khách. Bích Động là cả một cái đẹp hoàn hảo và vĩnh hằng.  \n', 'Tam Cốc nghĩa là Ba hang còn có tên Xuyên Thuỷ động nằm ở xã Ninh Hải, huyện Hoa Lư, tỉnh Ninh Bình. Xa xưa vùng này là biển cả sóng vỗ qua nhiều thế kỷ bào mòn vào vách đá tạo nên những hình thù kỳ lạ. Du khách đi thăm Tam Cốc chỉ có 1 con đường thuỷ duy', '', '', '7', '1', 'bnk.jpg');
INSERT INTO `destinations` VALUES ('67', 'Làng Việt cổ-Cố Vân Lầu', 'Nếu ai đó đã từng ví Ninh Bình là hình ảnh của một đất nước Việt Nam thu nhỏ thì Làng Việt Cổ - Cố Viên Lầu là điển hình của những làng quê Bắc Bộ Việt Nam, của những giá trị dân gian truyền thống. Và chắc hẳn mỗi du khách khi đến với đất Ninh Bình, về với đất Cố Đô chắc không thể không đến với Làng Việt Cổ - Cố Viên Lầu.\nLàng Việt Cổ  - Cố Viên Lầu nằm bên cạnh bến thuyền du lịch Tam Cốc Bích Động, tỉnh Ninh Bình có diện tích 22.000m2, phía Đông giáp với đường vào đền Thái Vi nơi thờ các vị vua nhà Trần, phía Tây giáp với sông Ngô Đồng, phía Nam giáp bến đò Tam Cốc, phía Bắc giáp với dãy núi cửa Quen. Đây là một làng quê còn giữ được những nét xưa với những nếp nhà Việt cổ giữa núi non hùng vĩ và sông nước hữu tình, một điển hình của  làng quê Bắc Bộ. Nơi đây đang bảo tồn và lưu giữ hơn 20 nếp nhà cổ có niên đại từ thế kỷ 18-20 và hàng nghìn cổ vật có giá trị văn hóa gắn liền với lịch sử phát triển của dân tộc ta qua mấy nghìn năm dựng nước và giữ nước. Những căn nhà cổ được quy  tụ từ nhiều làng quê ở đồng bằng Bắc Bộ, mỗi ngôi nhà ở đây đều mang trong nó những câu chuyện riêng. Nhà cổ Thọ Xuân của một thầy mo ở Thanh Hóa gần 200 năm tuổi. Khi mang về đây, những người thợ không thể lắp ráp được. Chỉ đến khi trực tiếp ông thầy cúng ra tay tháo bùa ở trần nhà thì mới lắp ghép lại được. Hay ngôi nhà cổ Văn Hải ở huyện Hậu Lộc, Thanh Hóa. Ngôi nhà này được xây dựng năm Quý Sửu 1853, dài 12,6m, rộng 6m, diện tích sử dụng 75,6m2 được làm theo lối “Hiên tiền cổ ngỗng” với kết cấu 3 gian 2 chái, vật liệu chủ yếu bằng gỗ xoan vừa kỵ mối mọt, lại thích nghi với sự ẩm thấp. Toàn bộ hiên tiền gồm các xà gồ cổ ngỗng, các bức xuyên hoa (khung cửa), 2 bên chồng rường đục chạm hoa lá… Nhà cổ Lưu Phương sưu tập tại xã Lưu Phương, huyện Kim Sơn, Ninh Bình được cất dựng năm 1807 với vật liệu chủ yếu là gỗ mít và gỗ xoan rừng, có diện tích sử dụng hơn 90 mét vuông, gồm 5 gian, 2 dĩ, 2 chái, ngóp lợp vẩy cá có trải ngói chiếu hình chữ Thọ, nền nhà lát gạch bát.\nTại đây còn có một ngôi nhà đất rất đặc biệt, được phục chế nguyên bản từ ý tưởng nhà chị Dậu với cấu trúc 3 gian chính và 2 buồng, mái lợp bằng lá, nền đất sét, vật liệu chủ yếu của nhà là đất và rơm rạ kết hợp với tre, luồng. Nhà có một cửa chính và hai cửa sổ bằng tre, ba gian chính kê chõng tre và rường ổ, ngoài sân có đụn rơm cao, có chum đựng nước, một chiếc cối đá, một chiếc đơm cá, quanh rào tre thưa là một vườn rau.\nĐặc biệt tại ngôi làng này còn có cả đình làng. Đây là ngôi đình cổ Thanh Liêm được sưu tập tại huyện Thanh Liêm, tỉnh Hà Nam với diện tích rộng hơn 100m2 với những đầu đao cong trên mái được lợp ngói vảy cá bên trên lớp ngói chiếu hình chữ Thọ. Trong đình có 28 cột lim đường kính từ 75-85cm được kê bằng những tảng đá xanh chống ẩm thấp và mối mọt.\nKhông chỉ là những ngôi đình, nhà cổ, đến đây du khách còn được nhìn thấy những vật dụng quen thuộc như tủ chè, sập gụ, tràng kỷ, đôn…đều có tuổi đời hàng trăm năm, được chạm khắc hoa văn sống động và nghệ thuật tinh sảo. Đâu đó trong những ngôi nhà cổ vẫn còn có nhiều cổ vật có niên đại từ trước Công nguyên, và niên đại từ thời Đinh, Lý, Trần…tất cả đều được trưng bày theo từng chủ đề và từng thời kỳ lịch sử. Ngoài các cổ vật bằng đồng, còn có các cổ vật bằng gốm, sứ như những chiếc chum bằng gốm nung nhẹ lửa được sản xuất thủ công đời Hán hay đời Đường bên Trung Quốc, những chiếc ang, chiếc hũ từ thời Bắc thuộc cho tới các loại bát, đĩa, nậm, tước, chân đèn, lư hương… với kỹ thuật sản xuất thủ công đạt đến trình độ đỉnh cao như gốm Bát Tràng, Chu Đậu… và các loại gốm Cảnh Đức, Giang Tây của Trung Quốc.\n\nNếu muốn tận hưởng không khí của núi rừng và tìm hiểu những nét kiến trúc tiêu biểu của làng quê Việt Nam, bạn hãy đến với Làng Việt Cổ của mảnh đất lịch sử kinh đô Hoa Lư, đến đây bạn sẽ cảm nhận rõ hơn vẻ xa xưa và hiểu hơn về cuộc sống người Việt. Một cảm giác trong lành, bình yên là điều mà ai cũng có thể dễ dàng nhận thấy khi tới nơi này.\n\n', 'Nằm ngay trung tâm Khu du lịch Tam Cốc- Bích Động, Cố Viên Lầu ngay lập tức mê hoặc bạn bởi khung cảnh bình yên với hàng cau xanh mướt, thẳng tắp hai bên đường. 20 ngôi nhà cổ trong Cố Viên Lầu được dựng theo 20 lối kiến trúc khác nhau của từng vùng, bên ', '02293591718', 'http://langvietco.com/', '7', '1', 'bg.jpg');
INSERT INTO `destinations` VALUES ('68', 'Động Thiên Hà', 'Động Thiên Hà nằm trong lòng dải núi Tướng với độ cao gần 200m. Để tới được động, du khách xuống thuyền nan du ngoạn trên dòng kênh nhỏ nằm giữa cánh đồng chừng 1km rồi lên bến thuyền dẫn vào động. Sau khi thả bộ trên con đường đá uốn lượn dưới chân núi Tướng chừng 500m, du khách đã tới trước cửa động. Đứng trước cửa động nghỉ chân, luồng không khí mát lạnh từ dưới động truyền lên khiến bao mệt nhọc của du khách dường như tan biến. Cửa động Thiên Hà cao chừng 4m với vô số nhũ đá đủ mọi hình dạng ngay tại lối vào. Bước chân vào trong động rồi quay đầu nhìn lại, ta sẽ thấy một dải ánh sáng lung linh tuyệt đẹp chiếu len qua cửa động rọi lên hệ thống nhũ đá. Toàn bộ động Thiên Hà dài chừng 700m chia ra làm hai khu vực động khô dài 200m và động nước dài 500m. Ngăn cách giữa hai khu vực là cổng trời tỏa ánh sáng tự nhiên từ trên cao òa xuống khiến du khách mở rộng tầm mắt ngắm nhìn những khối nhũ đá ánh lên màu vàng, màu bạc. Với bàn tay của tạo hóa, nhũ đá trong động hiện lên với nhiều hình thù và màu sắc khơi gợi trí tò mò, khám phá của du khách. Bên này là hình chú cáo, bên kia là voi phục, rồi hình hổ rình mồi, khỉ leo cây... tạo nên một thế giới sống động đưa du khách như lạc vào chốn thần tiên.\n\nĐến động nước, du khách xuống thuyền lướt nhẹ trên dòng sông ngầm mà người dân nơi đây đặt tên gọi: Dải Ngân Hà. Dải Ngân Hà uốn lượn với vô vàn khối thạch nhũ lung linh sắc màu với các tên gọi đảo Hoa tiên, Bầu sữa mẹ, Cá hoá long... bất ngờ hiện ra ở một khúc quanh phía trước hay ngay trên vòm động. Ngoài ra còn rất nhiều nhũ đá mang đủ loại hình dạng chưa có tên đang chờ du khách khám phá để được đặt tên. Trong không gian tĩnh lặng, du khách có thể cảm nhận rõ tiếng mái chèo khua nhè nhẹ, tiếng giọt nước nhỏ tong tong và bắt gặp hàng ngàn chú dơi đang cư trú trong hang. Điều đặc biệt theo chị Hà – người chèo thuyền đưa khách tham quan động, khi đi đến khu vực dơi cư ngụ, bị đánh động nên dơi bay tán loạn nhưng tuyệt nhiên không có con nào chạm vào người khách.\nTrao đổi với chúng tôi, ông Hà Huy Lợi, Giám đốc Công ty Du lịch Ngôi Sao – đơn vị được giao quản lý và khai thác quần thể động Thiên Hà cho biết, động được phát hiện từ năm 2007 và bắt đầu đi vào khai thác từ năm 2010. Khi mới phát hiện, cửa động rất nhỏ và bị cây cối che phủ rất khó tìm, trong lòng động đầy bùn đất, hệ thống cơ sở hạ tầng gần như chưa có gì. Để có được hiện trạng như ngày nay, Công ty đã đầu tư, cải tạo và xây dựng mới: bến xe thuyền, khu đón tiếp, nạo vét tuyến sông, tạo tuyến du lịch bằng đường thủy đến hang động… Riêng trong lòng động, Công ty đã phải nạo vét bùn đất để mở rộng không gian lên đến 12.000m2 tương đương với hang Sửng Sốt (Hạ Long), thuê chuyên gia nước ngoài khảo sát địa chất. Tất cả các công đoạn đều phải làm thủ công. Theo đánh giá của chuyên gia Mỹ, hệ thống nhũ đá trong động Thiên Hà vẫn còn sống và đang trong quá trình phát triển, không giống như nhũ đá ở nhiều hang động khác trên địa bàn tỉnh Ninh Bình.\n\nCùng với hang Bụt Hiện ngay cạnh đó, động Thiên Hà đang là điểm du lịch mới đang chờ du khách tới khám phá khi tới vùng đất Ninh Bình.\n', 'Động Thiên Hà thuộc địa phận xã Sơn Hà, huyện Nho Quan góp thêm vào sự đa dạng của các điểm đến trên bản đồ du lịch Ninh Bình.', '', '', '7', '1', '09.jpg');
INSERT INTO `destinations` VALUES ('69', 'Đền Thái Vy', 'Đền thờ Trần Nhân Tông, hoàng hậu Thuận Thiên và Trần Thánh Tông - ông vua có công rất lớn đối với làng Văn Lâm\nAi xuôi thuyền Tam Cốc dạo chơi thắng cảnh nhớ ghé đền Thái Vi chiêm ngưỡng một không gian văn hóa lịch sử vô cùng độc đáo và có giá trị này.\n\nĐến đền Thái Vi có hai cách, hoặc là trên đường xuôi thuyền vào Tam Cốc, đến lối lên bờ thì dừng chân ở đầu con đường nhỏ đi bộ vào đền. Hai là từ bến đò Văn Lâm rẽ phải, đi theo đường bộ, con đường song hành với dòng Ngô Đồng để vào đền.\n\nĐền nằm trong một không gian tĩnh mịch, dáng dấp vô cùng cao quý, thanh tao. Nơi đây là một ngôi đền thiêng liêng, thờ các vị vua đầu của triều đại nhà Trần như Trần Thái Tông, Trần Thánh Tông, Trần Nhân Tông, Trần Anh Tông, các vị tướng Trần Hưng Đạo, Trần Quang Khải và hoàng hậu Thuận Thiên.\n\nNgôi đền đầu tiên nơi này đã được xây dựng ngay sau khi kháng chiến chống quân Nguyên Mông thắng lợi năm 1258, khi vua Trần Thái Tông quyết định nhường ngôi cho con rồi lui về vùng núi non này, lập am Thái Vi để xuất gia. Sau này các vị vua Trần Thánh Tông và Trần Nhân Tông cũng xuất gia tại đây.\nĐường vào đền cây xanh ngát tỏa bóng mát cả lối đi. Dựa lưng vào núi Cấm Sơn, mặt hướng ra sông Ngô Đồng, cả một khung cảnh của đền tạo nên cảm giác thật yên bình thanh tịnh.\n\nTrước đền còn lại Giếng Ngọc xây bằng đá xanh và hai con ngựa ngay trước cổng Nghi Môn cũng được xây dựng bằng đá xanh nguyên khối. Con đường chính trục dẫn vào chính điện băng qua một gác chuông làm bằng gỗ lim, mái lợp mũi hài, các góc nhọn cong vút lên như hình đuôi chim phượng.\nSân đền và con đường chính đạo đều được làm bằng đá xanh. Hàng hiên trước là sáu hàng cột tròn làm bằng đá xanh, chạm nổi đầu rồng chầu vào chính điện. Nhang án đặt giữa chính điện cũng là một khối đá xanh lớn và bề thế, tạo nên giá trị vô cùng lớn cho ngôi đền này.\n\nBởi đây có thể được xem là một ngôi đền duy nhất được làm hoàn toàn bằng đá xanh nguyên khối nhưng đường nét trang trí vô cùng uyển chuyển như thể là chạm trổ trên gỗ, thể hiện tài năng chạm khắc đá của người thợ lành nghề trong vùng, đã tạo nên mọi chi tiết sống động còn nguyên giá trị đến ngày nay và cả đến mai sau.\nChính điện thấp và tĩnh mịch, theo đúng phong cách đền chùa miền Bắc, bên trong trầm và tối, tạo cảm giác trang nghiêm. Tượng các vị vua Trần, các tướng lĩnh, hoàng hậu Thuận Thiên.. đặt trang trọng trên án thờ. Mùi hương trầm lan đi khắp nơi. Người đến viếng đền không bao giờ vãn nên hương không bao giờ tàn hết. Người giữ đền thấy có khách đến thăm bèn gõ một hồi trống thiêng để không khí trong đền thêm long trọng.\nĐền Thái Vi gắn liền với lịch sử đời nhà Trần, nên đây là một nơi linh thiêng để người dân khắp nơi trên cả nước đến để tưởng nhớ công lao của các vị vua Trần. Bên cạnh đó, với kiến trúc truyền thống “nội công ngoại quốc”, đường nét trang trí tinh tế sắc sảo, đền còn chuyên chở những giá trị văn hóa, kiến trúc, tinh thần vô giá cần được yêu quý, trân trọng, giữ gìn mãi với thời gian.', 'Nằm yên tĩnh giữa rừng núi đại ngàn vùng đất huyền thoại cố đô Hoa Lư, Ninh Bình, đền Thái Vi là một di tích lịch sử vô cùng quý báu, gắn liền với lịch sử triều đại nhà Trần.', '', '', '7', '1', 'dalat.jpg');
INSERT INTO `destinations` VALUES ('70', 'Suối khoáng Kênh Gà', 'Nước khoáng Kênh Gà là điểm du lịch sinh thái nghỉ dưỡng hấp dẫn và kỳ thú. Nước nóng chảy ra từ trong núi, nước chứa nhiều bọt khí phun lên từng đợt như sôi, bốc hơi nghi ngút.\n\nỞ vị trí đẹp của làng nổi Kênh Gà, cách biệt với khu dân cư. Cảnh quan ở đây còn rất hoang sơ nên vẫn giữ được nét đẹp tự nhiên. Khu du lịch suối nước nóng Kênh Gà mới được xây dựng cách đây 3 năm, trên diện tích khoảng 2ha. Điểm hấp dẫn lớn nhất ở khu du lịch này so với các khu du lịch khác của Ninh Bình đó là được thiên nhiên ban tặng dòng nước khoáng nóng tinh khiết chảy ra từ lòng núi. Dòng suối nóng này có từ bao giờ? bắt nguồn từ đâu đến? nay vẫn chưa có câu trả lời.\nTương truyền, Nguyễn Minh Không đã đến suối nước nóng này làm thịt gà. Từ đó nhân dân truyền tụng đây là suối ông Minh Không đun để làm thịt gà. Dân gian gọi là suối Canh Gà sau này gọi là Kênh Gà. Người dân kể rằng, từ xa xưa họ đã lấy nước về uống và chữa bệnh. Tắm ngâm nhiều lần vào nước này có thể chữa khỏi một số bệnh: khớp mãn tính, viêm dây thần kinh, các bệnh ngoài da…; uống nước nóng Kênh Gà có thể chữa được đau dạ dày, viêm đại tràng mãn tính… Họ coi đó là suối thần, nước thần bởi đầu nguồn của dòng nước khoáng có nhiệt độ ổn định từ 450C đến 500C, chảy ra từ lòng núi trong vắt, không bao giờ ngừng. Ngoài tên Kênh Gà, người dân địa phương còn gọi là hang ẩm hay Lỗ Sôi. Điểm hấp dẫn lớn nhất ở khu du lịch này so với các khu du lịch khác của Ninh Bình đó là được thiên nhiên ban tặng dòng nước khoáng nóng tinh khiết chảy ra từ lòng núi. Dòng suối nóng này có từ bao giờ? bắt nguồn từ đâu đến? nay vẫn chưa có câu trả lời. Tương truyền, Nguyễn Minh Không đã đến suối nước nóng này làm thịt gà. Từ đó nhân dân truyền tụng đây là suối ông Minh Không đun để làm thịt gà. Dân gian gọi là suối Canh Gà sau này gọi là Kênh Gà. \nNgười dân kể rằng, từ xa xưa họ đã lấy nước về uống và chữa bệnh. Tắm ngâm nhiều lần vào nước này có thể chữa khỏi một số bệnh: khớp mãn tính, viêm dây thần kinh, các bệnh ngoài da…; uống nước nóng Kênh Gà có thể chữa được đau dạ dày, viêm đại tràng mãn tính… Họ coi đó là suối thần, nước thần bởi đầu nguồn của dòng nước khoáng có nhiệt độ ổn định từ 450C đến 500C, chảy ra từ lòng núi trong vắt, không bao giờ ngừng. Ngoài tên Kênh Gà, người dân địa phương còn gọi là hang ẩm hay Lỗ Sôi. Tuy đã có từ lâu nhưng đến năm 1940 Kênh Gà mới được người Pháp biết đến và nghiên cứu, những năm sau đó các nhà khoa học Việt Nam nghiên cứu và nhận định, đây là loại nước khoáng mặn rất tốt, có chứa nhiều muối Natriclorua, Kaliclorua, Canxi, Magiêclorua và muối Bicacbonat, nhiệt độ ổn định cả hai mùa: mùa đông và mùa hè. \n\nDu khách có thể tới đây nghỉ dưỡng kết hợp du thuyền, tham quan, tìm hiểu cuộc sống của ngư dân làng nổi Kênh Gà, thưởng thức các món ăn đặc sản của Ninh Bình như cơm cháy, thịt dê, đặc biệt là đặc sản mắm tép của Gia Viễn – món ăn dân dã đã được nhiều người biết tới. Từ Kênh Gà, du khách có thể tới thăm các khu du lịch, điểm du lịch khác như: động Vân Trình với nhiều nhũ đá đẹp (nằm trong núi Mõ, thuộc thôn Vân Trình, xã Thượng Hoà, huyện Nho Quan); khu bảo tồn thiên nhiên đất ngập nước Vân Long – khu bảo tồn thiên nhiên đất ngập nước lớn nhất đồng bằng Bắc bộ với hệ sinh thái đa dạng, phong phú; chùa và động Địch Lộng (mệnh danh là “Nam thiên đệ tam động” - động đẹp thứ ba trời Nam); khu du lịch sinh thái Tràng An; vườn quốc gia Cúc Phương,… \nTừ Kênh Gà, du khách có thể tới thăm các khu du lịch, điểm du lịch khác như: động Vân Trình với nhiều nhũ đá đẹp (nằm trong núi Mõ, thuộc thôn Vân Trình, xã Thượng Hoà, huyện Nho Quan); khu bảo tồn thiên nhiên đất ngập nước Vân Long – khu bảo tồn thiên nhiên đất ngập nước lớn nhất đồng bằng Bắc bộ với hệ sinh thái đa dạng, phong phú; chùa và động Địch Lộng (mệnh danh là “Nam thiên đệ tam động” - động đẹp thứ ba trời Nam); khu du lịch sinh thái Tràng An; vườn quốc gia Cúc Phương,…', 'Suối chảy ra từ lòng một quả núi nằm trên làng nổi Kênh Gà. Nước suối Kênh Gà có hàm lượng cao các muối natriclorua, kaliclorua, canxiclorua, magieclorua và muối bicacbonat. Nước trong suối không màu, không mùi, vị hơi chát. Nước có nhiệt độ ổn định là 53', '', '', '7', '1', 'bh.jpg');
INSERT INTO `destinations` VALUES ('71', 'Chùa Bích Động', 'Năm 1705, có hai vị hoà thượng, pháp danh là Trí Kiên và Trí Thể, một người quê ở Đông xuyên, thuộc huyện Nghĩa Hưng, tỉnh Nam Định gặp nhau kết nghĩa làm anh em. Hai nhà sư đều có lòng mộ đạo, muốn đi nhiều nơi để truyền bá đạo Phật và xây dựng các ngôi chùa. Đến đây, thấy núi Bích Động có địa thế tuyệt đẹp và đã có chùa, nên hai nhà sư quyết định dừng chân, tự mình sửa sang chùa cũ, đi quyên giáo xây dựng lại thành 3 ngôi chùa: Hạ, Trung và Thượng để tu hành. Năm Đinh hợi (1707), hai nhà sư Trí Kiên và Trí Thể đã đúc một quả chuông lớn, hiện còn treo ở Động Tối.\nKhoảng năm Giáp Ngọ (1774), Tĩnh Đô Vương Trịnh Sâm (1767 - 1782) đã đến thăm chùa và đặt tên cho chùa Bích Động. Bích Động có nghĩa là động Xanh. Cõ lẽ khi chúa Trịnh Sâm đến đây, nhìn toàn cảnh núi, động , sông nước, đồng ruộng, cây cối đều xanh tươi, chùa như hội tụ nền xanh nên phải là Động Xanh, cái tên rất đẹp và mộng mơ. Chùa Bích Động là một công trình kiến trúc cổ nên cũng như những ngôi chùa khác được xây dựng bằng gỗ lim, mái lợp bằng ngói ta không có mấu, mũi lượn tròn, các góc của mái đều có đầu đao cong vút lên như hình lưỡi đao ,hoặc như hình cái đuôi con chim phượng, làm cho mái uốn lượn, uyển chuyển như sóng nước thuỷ triều, nhìn bán diện như hình một chiếc thuyền rồng ngoạn mục trôi trên nước hoặc như hai cánh chim đang dang rộng bay lên.\n\nNhưng chùa Bích Động lại xây dựng theo kiểu chữ \"Tam\" Hán tự, ba toà không liền nhau, tam cấp dọc theo sườn núi, dựa vào thế núi từ thấp lên cao thành 3 ngôi chùa riêng biệt: Hạ, Trung và Thượng.\n\nĐiều độc đáo của chùa Bích Động là núi, động và chùa bổ sung cho nhau, lại ẩn hiện giữa những cây đại thụ xanh biếc, làm cho chùa hoà nhập với cảnh trí thiên nhiên ngoại mục. Toàn cảnh như một bức tranh núi rừng hùng tráng, dát lên một phù điêu gồm 3 ngôi chùa cổ kính, mái ngói rêu phong, có đủ 8 cảnh đẹp mà người xưa đã gọi là \'\'Bích sơn bát cảnh\'\', ba chùa lại được xây trên sườn núi cao, dưới gầm lại có động Xuyên Thuỷ.\n\nChùa Hạ có 5 gian xây trên một nền cao dưới chân núi. Trong chùa thờ phật, kiến trúc chùa theo kiểu chữ Đinh. Vì kèo, xà ngang, xà dọc cũng bằng gỗ lim. Mái chùa là hai tầng mái uốn cong, gồm 8 mái. Các cột đá ở chùa hạ đều bằng đá liền một khối, không chắp nối, cao hơn 4m, làm được những cột đá thư thế là một kỳ công.\nSau khi tham quan chùa hạ, trở ra sân quay về hướng Bắc, bước khoảng 80 bậc đá men quanh sườn núi, tới lưng chừng núi là đến chùa Trung, kiến trúc bán mái phía ngoài. Đây là một chùa rất độc đáo, ít nơi có được, một nửa gắn vào hang động, một nửa lộ thiên, chùa có 3 gian thờ phật. Lễ Phật xong ở Thượng điện, bước lên 21 bậc đá là đến Động tối. Đây là động chính, thâm nghiêm, tĩnh mịch, thiên nhiên đã miệt mài bao đời chau chuốt tỉ mỉ vô cùng tinh tế sắc sảo đến từng chi tiết nhỏ để tạo nên những ông tiên, cô tiên, tiểu đồng, rồng lượn, rùa bơi, voi chầu, hổ phục...\nLên chùa Thượng, du khách phải bước tới gần 40 bậc đá theo sườn núi. Chùa Thượng còn gọi là chùa Đông, chùa thờ phật bà Quan Âm . Đây là ngôi chùa nằm ở vị trí cao nhất, gần đỉnh núi Bích Động.\nBích động quả là một ngôi chùa độc nhất vô nhị ở Việt Nam, không nơi nào có thế đất, thế núi như vậy\n', 'Chùa Bích Động xây dựng trên sườn núi Bích Động thuộc thôn Đàm Khê, xã Ninh Haỉ, huyện Hoa Lư. Bích Động là một trong những thắng cảnh nổi tiếng nhất của tỉnh Ninh Bình được mệnh danh là \"Nam Thiên đệ nhị động\", có nghĩa là động đẹp thứ nhì của trời Nam, ', '', '', '7', '1', '05.jpg');
INSERT INTO `destinations` VALUES ('72', 'Hang Múa', 'Đường lên đỉnh núi được xây dựng mô phỏng theo kiến trúc Vạn Lý Trường Thành với gần 500 bậc đá.\nTừ đây, du khách có thể chiêm ngưỡng toàn bộ cảnh đẹp của khu Tam Cốc, danh thắng nổi tiếng ở Ninh Bình. Hang Múa còn được đầu tư xây dựng thành điểm du lịch sinh thái kết hợp thể thao leo núi.\nTheo truyền thuyết, vua Trần khi về vùng Hoa Lư lập Am Thái Vi thường tới đây để nghe các mỹ nữ, cung tần múa hát. Vì vậy, nơi đây được đặt tên là Hang Múa.\nNúi có hình như một quả chuông, nằm trong quần thể núi đá Tam Cốc.\nĐể đến đây, bạn xuôi theo quốc lộ 1A tới thành phố Ninh Bình và rẽ vào Tràng An hoặc Tam Cốc sẽ thấy biển chỉ vào khu du lịch Hang Múa.\n Trên đường đi, du khách sẽ được qua nhiều đồng lúa, làng mạc cùng bến nước, sông hồ và núi non hùng vĩ.\n', 'Đến Hang Múa ở xã Ninh Xuân, huyện Hoa Lư, Ninh Bình, du khách sẽ được thả mình giữa khung cảnh đồng quê đang vào vụ lúa chín vàng.', '', '', '7', '1', 'cct.jpg');
INSERT INTO `destinations` VALUES ('73', 'Hồ Hoàn Kiếm', 'Hồ Hoàn Kiếm có vị trí kết nối giữa khu phố cổ gồm các phố Hàng Ngang, Hàng Đào, Cầu Gỗ, Lương Văn Can, Lò Sũ... với khu phố Tây do người Pháp quy hoạch cách đây hơn một thế kỷ là Bảo Khánh, Nhà thờ, Tràng Thi, Hàng Bài, Đinh Tiên Hoàng, Tràng Tiền, Hàng Khay, Bà Triệu.', 'Hồ Hoàn Kiếm hay còn được gọi là Hồ Gươm là biểu tượng của Hà Nội. Gắn với lịch sử lâu đời, Hồ Hoàn Kiếm được coi là biểu tượng chứng kiến lịch sử ngàn năm văn hiến của thủ đô. Hồ Hoàn Kiến – Đền Ngọc Sơn là danh thắng tự nhiên hàng đầu. Cả hai điểm du lị', '', '', '8', '1', 'banner.jpg');
INSERT INTO `destinations` VALUES ('74', 'Văn Miếu Quốc Tử Giám', 'Văn Miếu - Quốc Tử Giám (chữ Hán: 文廟 - 國子監) là quần thể di tích đa dạng và phong phú hàng đầu của thành phố Hà Nội, nằm ở phía Nam kinh thành Thăng Long. Hiện nay, nơi đây đã được thủ tướng chính phủ Việt Nam đưa vào danh sách xếp hạng 23 di tích quốc gia đặc biệt. ', 'Nếu ở Hà Nội coi Hồ Hoàn Kiếm là điểm du lịch gắn với thiên nhiên thì Văn Miếu Quốc Tử Giám được coi là điểm di tích lịch sử văn hóa. Là trường đại học đầu tiên của Việt Nam, Trải qua gần 1000 năm lịch sử, Văn Miếu- Quốc Tử Giám vẫn giữ được vẻ cổ kính vớ', '0437472566', 'http://vanmieu.gov.vn/', '8', '1', 'aboutus-dl.jpg');
INSERT INTO `destinations` VALUES ('75', 'Quảng Trường Ba Đình', 'Quảng trường Ba Đình là quảng trường lớn nhất Việt Nam, nằm trên đường Hùng Vương và trước Lăng Chủ tịch Hồ Chí Minh.', 'Bên cạnh nhiều địa danh ghi dấu lịch sử hào hùng của dân tộc, Quảng trường Ba Đình là địa danh nổi tiếng trong những trang sử hào hùng của dân tộc, cũng là nơi được nhiều người nhắc đến nhất khi du lịch Hà Nội do nằm trong khu vực Hoành Thành Thăng Long, ', '', '', '8', '1', 'dalat.jpg');
INSERT INTO `destinations` VALUES ('76', 'Khu di tích Chủ tịch Hồ Chí Minh', 'Nằm ngay cạnh quảng trường Ba Đình là khu di tích chủ tịch Hồ Chí Minh.\nKhu đất này nguyên là phần đất phía tây bắc của Hoàng thành thuộc Kinh thành Thăng Long xưa', 'Nằm ngay cạnh quảng trường Ba Đình là khu di tích chủ tịch Hồ Chí Minh. Khu di tích này đã trở thành khu tưởng niệm quan trọng liên quan đến 15 năm sống và làm việc của Chủ tich Hồ Chí Minh từ tháng 12 năm 1954 đến tháng 9 năm 1969. Khu di tích gồm Lăng B', '0438044529', 'http://ditichhochiminhphuchutich.gov.vn/', '8', '1', 'place.jpg');
INSERT INTO `destinations` VALUES ('77', 'Nhà Thờ Lớn Hà Nội', 'là nhà thờ chính tòa của Tổng giáo phận Hà Nội, nơi có ngai tòa của tổng Giám mục. Đây cũng là một nhà thờ cổ tại thành phố này, thường xuyên diễn ra các sinh hoạt tín ngưỡng của các giáo dân thuộc tổng giáo phận Hà Nội.', 'Nhà thờ Lớn là Nhà Thờ Chính Toà của Tổng Giáo phận Hà Nội, cũng là một trong những công trình kiến trúc mang dấp dáng phương Tây đầu tiên được xây tại Hà Nội khoảng thế kỉ 11. Vào năm 1057, vua Lý Thánh Tông cho khởi công xây tháp Đại Thắng Tư Thiên, gọi', '02439286350', 'https://tonggiaophanhanoi.org/', '8', '1', 'bg.jpg');
INSERT INTO `destinations` VALUES ('78', 'Hồ Tây', 'Hồ Tây trước đây còn có các tên gọi khác như Đầm Xác Cáo, Hồ Kim Ngưu, Lãng Bạc, Dâm Đàm, Đoài Hồ, là một hồ nước tự nhiên lớn nhất ở nội thành Hà Nội. Hồ có diện tích hơn 500 ha với chu vi là 18 km [2]. Hồ nằm ở vị trí phía tây bắc trung tâm Hà Nội. ', 'Hồ Tây được người dân ví thân mật như lá phổi của chốn Long thành có diện tích rộng hơn 500 ha có đường vòng hồ lên đến 17km với một bề dày lịch sử mấy nghìn năm. Ngành địa lý lịch sử đã chứng minh rằng hồ là một đoạn sông Hồng cũ còn rớt lại sau khi sông', '', '', '8', '1', '09.jpg');
INSERT INTO `destinations` VALUES ('79', 'Hoàng Thành Thăng Long', ' Là quần thể di tích gắn với lịch sử kinh thành Thăng Long - Đông Kinh và tỉnh thành Hà Nội bắt đầu từ thời kì tiền Thăng Long (An Nam đô hộ phủ thế kỷ VII) qua thời Đinh - Tiền Lê, phát triển mạnh dưới thời Lý, Trần, Lê và thành Hà Nội dưới triều Nguyễn', 'Hoàng Thành Thăng Long là quần thể di tích gắn với lịch sử kinh thành Thăng Long – Hà Nội bắt đầu từ thời kì trước Thăng Long (An Nam đô hộ phủ thế kỷ VII) qua thời Đinh – Tiền Lê, phát triển mạnh dưới thời Lý, Trần, Lê và thành Hà Nội dưới triều Nguyễn. ', '0904481157', 'http://www.hoangthanhthanglong.vn/', '8', '1', 'bnk2.jpg');
INSERT INTO `destinations` VALUES ('80', 'Chùa Một Cột', 'còn có tên khác là Diên Hựu tự (延祐寺) hoặc Liên Hoa Đài (蓮花臺, \"đài hoa sen\"), là một ngôi chùa nằm giữa lòng thủ đô Hà Nội. Đây là ngôi chùa có kiến trúc độc đáo ở Việt Nam.', 'Chùa Một Cột là nhắc đến công trình được xây dựng với kiến trúc cổ cực kì độc đáo mà đến nay, năm chính xác năm xây dựng Chùa Một Cột vẫn được một số nhà sử học tranh cãi. Chỉ chắc chắn rằng Chùa được xây dựng rất lâu từ năm 1954 khi quân Pháp rút khỏi Hà', '098086529', 'http://theonepillar.blogspot.com/', '8', '1', 'bh.jpg');
INSERT INTO `destinations` VALUES ('81', 'Phố Cổ Hà Nội', 'Khu phố cổ Hà Nội là tên gọi thông thường của một khu vực đô thị có từ lâu đời của Hà Nội nằm ở ngoài hoàng thành Thăng Long. Khu đô thị này tập trung dân cư hoạt động tiểu thủ công nghiệp và buôn bán giao thương, hình thành lên những phố nghề đặc trưng, mang những nét truyền thống riêng biệt của cư dân thành thị, kinh đô. Ngày nay khu phố cổ Hà Nội là điểm đến hấp dẫn cho những ai muốn tìm hiểu về Thăng Long - Đông Đô - Hà Nội.', 'Khu phố cổ Hà Nội, từng được các du khách phương Tây ví với thành Venice cổ kính, cho đến hôm hay vẫn là khu phố cổ xưa độc đáo ở Việt Nam. Khu phố cổ Hà Nội thường được gọi là khu 36 phố phường nằm ở trung tâm thành phố Hà Nội, thuộc quận Hoàn Kiếm, có d', '', '', '8', '1', 'bnk.jpg');
INSERT INTO `destinations` VALUES ('82', 'Nhà Hát Lớn TP.HCM', 'Nhà Hát Lớn Thành Phố Hồ Chí Minh, hay thường được biết đến với tên gọi Nhà hát Thành Phố là một nhà hát nằm trên đường Công trường Lam Sơn, Quận 1, Thành phố Hồ Chí Minh. Nằm ở một vị trí thuận lợi tại trung tâm thành phố, nhà hát được xem là nhà hát trung tâm, đa năng chuyên tổ chức biểu diễn sân khấu nghệ thuật đồng thời cũng được sử dụng để tổ chức một số sự kiện lớn. Đây cũng là nhà hát thuộc loại lâu đời theo kiến trúc Tây Âu và được xem như một địa điểm du lịch của thành phố này.', 'Nhà hát lớn Sài Gòn là một đối trọng về mặt kiến trúc với Nhà hát lớn Hà Nội (cất năm 1911, kiến trúc theo mẫu Đại hí viện Garnier tại Paris, 900 chỗ ngồi, kiến trúc sư Broger et Harloy). Nhà hát Sài Gòn giữ riêng nét đặc thù có một không hai. Tác giả của', '02862704450', 'http://www.hbso.org.vn/', '9', '1', '05.jpg');
INSERT INTO `destinations` VALUES ('83', 'Nhà Thờ Đức Bà', 'Trải qua hơn 100 năm và qua 3 thế kỷ, Nhà thờ Đức Bà Sài Gòn, tên chính thức là Vương cung Thánh đường Chính tòa Đức Mẹ Vô nhiễm Nguyên tội (Immaculate Conception Cathedral Basilica) vẫn đẹp lộng lẫy, tráng lệ và uy nghiêm; được coi là một tuyệt tác kiến trúc đô thị Sài Gòn. Đây là một công trình nhà thờ Công giáo nói riêng và tôn giáo nói chung rất đặc sắc, có quy mô thuộc loại lớn nhất ở Việt Nam. Cùng với một số công trình lân cận ở quận 1 như Nhà Bưu Điện trung tâm, Nhà hát thành phố, Bệnh viện Nhi Đồng 2…; Nhà thờ Đức Bà là một công trình tiêu biểu tạo nên bộ mặt kiến trúc đô thị Sài Gòn – Thành phố Hồ Chí Minh.', 'Tọa lạc tại số 1 Quảng trường Công xã Paris, Quận 1. Nhà thờ Chính tòa còn được gọi là nhà thờ Đức Bà, được xây dưới thời Đức Giám mục Colombert, phụ trách giáo phận. Giám mục là người đặt viên đá đầu tiên (07/10/1877) và cũng là người cử hành lễ khánh th', '2838220477', 'https://giothanhle.net/gio-le/nha-tho-duc-ba-sai-gon', '9', '1', 'dalat.jpg');
INSERT INTO `destinations` VALUES ('84', 'Chợ Bến Thành', 'Nằm ở khu vực trung tâm thành phố, từ lâu chợ Bến Thành đã trở thành biểu tượng của Sài Gòn. Không chỉ thuần túy là nơi buôn bán, gần một trăm năm qua ngôi chợ này đã trở thành một chứng nhân lịch sử chứng kiến bao đổi thay thăng trầm của thành phố, là bộ mặt kinh tế nói lên sự phát triển của một thành phố thương mại lớn nhất nước và là điểm giao hòa giữa Sài Gòn xưa và nay.', 'Nằm ở khu vực trung tâm thành phố, từ lâu chợ Bến Thành đã trở thành biểu tượng của Sài Gòn. Không chỉ thuần túy là nơi buôn bán, gần một trăm năm qua ngôi chợ này đã trở thành một chứng nhân lịch sử chứng kiến bao đổi thay thăng trầm của thành phố, là bộ', '', '', '9', '1', 'aboutus-dl.jpg');
INSERT INTO `destinations` VALUES ('85', 'Cảng Nhà Rồng', 'Kể từ thời khắc lịch sử Chủ tịch Hồ Chí Minh rời Bến Nhà Rồng, trên sông Sài Gòn, Thành phố Hồ Chí Minh, ra đi tìm đường cứu nước đã hơn 100 năm. Ngày nay, bến Nhà Rồng đã trở thành nơi mà các thế hệ cháu con đất Việt tìm về để hiểu và trân trọng hơn những giá trị của lòng yêu nước và tinh thần đấu tranh Cách mạng kiên cường của Chủ tịch Hồ Chí Minh.', 'Bến cảng Nhà Rồng hiện nay thuộc quận 4, thành phố Hồ Chí Minh. Vào thời điểm năm 1863, người Pháp xây dựng công trình này để làm trụ sở Công ty tàu biển Năm Sao. Trong lúc nhân dân Việt Nam phải sống trong phận đời nô lệ, bị áp bức, lầm than, từ chính nơ', '02839402060', 'http://www.quan4.hochiminhcity.gov.vn/pages/ben-nha-rong.aspx', '9', '1', 'banner.jpg');
INSERT INTO `destinations` VALUES ('86', 'Khu du lịch văn hóa Suối Tiên', 'Khu du lịch văn hóa Suối Tiên tọa lạc tại cửa ngõ Ðông Bắc Sài Gòn, trên tuyến Xa lộ Hà Nội, thuộc địa bàn phường Tân Phú, Quận 9, Tp. Hồ Chí Minh, cách trung tâm Thành phố khoảng 19km. Là một trong những địa điểm vui chơi giải trí cuối tuần nổi tiếng của người dân TPHCM và mọi du khách trong và ngoài nước. Đến đây, du khách sẽ được tận hưởng phong cảnh tự nhiên hữu tình: có suối chảy, có rừng cây, hồ cá... được bố trí xem kẽ, kết hợp hài hòa trong một tổng thể không gian xanh mát, rộng lớn', 'Khu du lịch Văn hóa Suối Tiên được xây dựng, cải tạo với mục đích kết hợp du lịch với giáo dục văn hoá lịch sử, nguồn cội dân tộc. Khu du lịch tọa lạc trên một vùng đất đồi hình chữ S, rộng 200.000m2, chính giữa có dòng suối với nhiều mạch nước ngầm uốn l', '02838960260', 'http://suoitien.com/', '9', '1', '09.jpg');
INSERT INTO `destinations` VALUES ('87', 'Công viên văn hóa Đầm Sen', 'Công viên Văn hóa Đầm Sen là một trong những công viên lớn và hiện đại nhất cả nước. Với diện tích gần 50 ha, trong đó có hơn 60% diện tích là cây xanh - hoa cảnh và 20% diện tích mặt hồ. Công viên Văn hóa Đầm Sen thật sự trở thành một ốc đảo xanh giữa lòng Thành Phố Hồ Chí Minh. Bên cạnh vẻ đẹp của thiên nhiên, Công Viên Văn Hóa Đầm Sen còn là nơi vui chơi giải trí rất hấp dẫn cho các em thanh - thiếu nhi.\nNằm trên đường Hòa Bình (Quận 11, Tp. Hồ Chí Minh), Công viên văn hóa Đầm Sen được xem là ốc đảo nhỏ giữa lòng thành phố. Đây là điểm đến ưa thích của người dân thành phố và du khách phương xa.', 'Vốn là một khu ruộng hoang, đầm lầy rộng , sau hơn 30 năm cải tạo bằng công sức của hàng triệu công nhân lao động, đến nay, Đầm Sen đã trở thành một quần thể hài hòa giữa con người với thiên nhiên.\n\nĐầm Sen là một trong những công viên văn hóa lớn và hiện', '02839632483', 'http://damsenpark.com.vn/', '9', '1', 'dalat.jpg');
INSERT INTO `destinations` VALUES ('88', 'Mũi Cà Mau', 'Mũi Cà Mau hướng về phía tây, thuộc địa phận xóm Mũi, xã Đất Mũi, huyện Ngọc Hiển, tỉnh Cà Mau, cách thành phố Cà Mau hơn 100 km. Bên trái mũi là biển Đông, bên phải là biển Tây, tức Vịnh Thái Lan.', 'Đất mũi Cà Mau – nơi cực Nam của đất nước là vùng đất được khai phá vào cuối thế kỷ 17, đầu thế kỷ 18 gắn liền với cuộc sống quần tụ của ba dân tộc: Việt, Hoa, Khmer. Do vậy mà có sự giao thoa những nét sinh hoạt văn hoá đa sắc tộc thể hiện qua nhiều phon', '', '', '10', '1', 'bg.jpg');
INSERT INTO `destinations` VALUES ('89', 'Rừng U Minh', ' thuộc Khu dự trữ sinh quyển Mũi Cà Mau đã được UNESCO công nhận là khu dự trữ sinh quyển thế giới.', 'Về Cà Mau, du khách ngồi trên những chiếc vỏ lãi xuôi theo dòng sông Trèm Trẹm, Cái Tàu, sông Đốc để đến khám phá rừng tràm U Minh Hạ. Rừng tràm U Minh Hạ tiếp giáp với rừng tràm U Minh Thượng (tỉnh Kiên Giang), có tổng diện tích khoảng 35.000 ha. Trong đ', '', '', '10', '1', 'bnk2.jpg');
INSERT INTO `destinations` VALUES ('90', 'Đảo Hòn Khoai', 'Hòn Khoai (tên cũ: Đảo Giáng Hương, Ile Independence, Paulo Obi) là tên một cụm đảo thuộc tỉnh Cà Mau. Đảo cách đất liền 14,6 km, nằm về phía nam xã Đất Mũi, thuộc huyện Ngọc Hiển.', 'Hòn Khoai là tên một cụm đảo, được đánh giá là một trong những hòn đảo đẹp nhất miền cực nam của Tổ quốc với không khí trong lành, bãi biển xanh trong cùng khu rừng nguyên sinh…\n\nHòn Khoai còn được nhắc đến với di tích cuộc khởi nghĩa chống Pháp của Thầy ', '', '', '10', '1', '09.jpg');
INSERT INTO `destinations` VALUES ('91', 'Rừng Đước Năm Căn', 'Rừng đước và rừng tràm nối tiếp vây quanh mũi Cà Mau từ Đông sang Tây, rừng Cà Mau đứng thứ nhì trên thế giới về tầm quan trọng và diện tích, sau rừng ngập mặn ở cửa sông Amazon của châu Mỹ La Tinh. ', 'Cà Mau là tỉnh thuộc châu thổ đồng bằng sông Cửu Long, nằm về phía cực Nam của đất nước, hình dạng giống chữ V, như một bán đảo có 3 mặt giáp biển. Dọc theo đất liền và vùng ven biển Cà Mau có hệ sinh thái độc đáo và đa dạng, đó là rừng ngập mặn. Đây là t', '', '', '10', '1', 'dalat.jpg');
INSERT INTO `destinations` VALUES ('92', 'Hòn Đá Bạc', 'Đến trung tâm TP Cà Mau, theo tỉnh lộ băng qua rừng U Minh, quê nhà của vua \"nói dóc\" Ba Phi khoảng hơn 40 cây số nữa sẽ đến với một cụm đảo đẹp và kỳ thú với nhiều nét hoang sơ. \n\nĐây là một cụm hòn nằm nhô cao khoảng 50m so với mặt nước biển, gồm các hòn liền nhau: hòn Trọi, hòn Ông Ngộ và hòn Đá Bạc với tổng diện tích khoảng 6,4ha, thuộc xóm Kinh Hòn, xã Khánh Bình Tây, huyện Trần Văn Thời, tỉnh Cà Mau.', 'Hòn Đá Bạc với diện tích khoảng 6,43ha, là một cụm đảo đẹp bao gồm ba hòn lớn, nhỏ nằm gần nhau là: Hòn Ông Ngộ, Hòn Đá Lẻ và Hòn Đá Bạc.\n\nTrong cụm ba hòn này, hòn cao nhất phải đến 50m so với mực nước biển. Theo nhiều tài liệu ghi lại, Hòn Đá Bạc có niê', '', '', '10', '1', 'bh.jpg');
INSERT INTO `destinations` VALUES ('93', 'Đầm Thị Tường', 'Đầm Thị Tường nằm trên phần đất hai huyện Cái Nước và Trần Văn Thời của tỉnh Cà Mau', 'Đầm có diện tích mặt nước khoảng 700ha, với chiều dài hơn 10km và bề ngang gần 2km, chia thành ba phần gọi là đầm Trong, đầm Giữa và đầm Ngoài.\n\nTrong 3 đầm này, Đầm Giữa lớn nhất. Trên mặt đầm này có nhiều nhà sàn, thực tế là chòi, lớn nhỏ nằm rải rác kh', '', '', '10', '1', 'createtour.jpg');
INSERT INTO `destinations` VALUES ('94', 'Biển Khai Long', 'Biển Khai Long nằm ở phía Đông Nam mũi Cà Mau, với vẻ đẹp hoang sơ và mới mẻ, bãi biển trong xanh được bao bọc giữa bốn bề hệ sinh thái rừng ngập mặn, là một bãi cát giồng uốn lượn hình Rồng dọc bờ biển thuộc ấp Khai Long, xã Đất Mũi, huyện Ngọc Hiển.', 'Đến với vùng đất mũi Cà Mau. Khách du lịch sẽ có cơ hội ghé thăm một bãi biển mang tên Khai Long. Bãi biển này tuy không mang vẽ đẹp lộng lẫy, kiêu sa như Vịnh Hạ Long. Không rộng lớn, bao la như các bãi biển lớn khác. Nhưng nó mang vẻ đẹp tiềm ẩn, hoang ', '', '', '10', '1', '09.jpg');
INSERT INTO `destinations` VALUES ('95', 'Vườn Quốc gia Mũi Cà Mau', 'Vườn quốc gia Mũi Cà Mau nằm trong Khu dự trữ sinh quyển thế giới Mũi Cà Mau', 'Là nơi tập trung hệ sinh thái rừng ngập mặn đa dạng và phong phú về chủng loại động, thực vật quý hiếm đóng vai trò là vùng đệm ổn định đất, ngoài ra còn có tác dụng điều hòa khí hậu, cân bằng hệ sinh thái. Đây còn là Khu bảo tồn động vật thiên nhiên hoan', '', '', '10', '1', 'aboutus-dl.jpg');
INSERT INTO `destinations` VALUES ('96', 'Sân Chim Ngọc Hiển', 'Sân chim Ngọc Hiển thuộc huyện Ngọc Hiển, tỉnh Cà Mau.', 'Sân chim Ngọc Hiển có diện tích tự nhiên rộng 130ha. Là một trong những sân chim tự nhiên lớn nhất nước. Sân chim Ngọc Hiển có dòng sông Bảy Háp chảy qua cùng với hệ thống kênh ngòi chằng chịt, với thảm thực vật phong phú và xanh tươi quanh năm đã là môi ', '', '', '10', '1', 'banner.jpg');
INSERT INTO `destinations` VALUES ('97', 'Chợ Nổi Cà Mau', 'Chợ nổi Cà Mau là một chợ nổi trên sông Gành Hào, cách cầu Gành Hào khoảng hơn 200 m, thuộc địa bàn phường 8 ở trung tâm thành phố Cà Mau.', 'Ngày trước, chợ nổi Cà Mau là nơi buôn bán tấp nập các hàng hóa của người dân khắp nơi. Nhưng càng về sau, chợ chỉ còn tập trung mua bán sỉ hàng hóa nông sản tươi, những rau trái miệt vườn cho các thương lái..\nỞ đây hội tụ rất nhiều loại trái cây và sản v', '969691117', '', '10', '1', '09.jpg');
INSERT INTO `destinations` VALUES ('98', 'Chợ nổi Cái Răng', ' Địa điểm không thể không thể không đi đến du lịch Cần Thơ. Chợ nổi là một nét văn hoá đặc trưng của người dân miền Tây Nam Bộ. Đặc biệt chợ nổi Cái Răng là một trong năm chợ nổi lớn nhất khu vực đồng bằng sông Cửu Long. Bạn nên đi vào lúc tờ mờ sáng bởi vì đây là thời điểm chợ hoạt động sôi nổi và đông vui nhất.\n', '', '', '', '11', '1', 'bg.jpg');
INSERT INTO `destinations` VALUES ('99', 'Cầu Cần Thơ', 'Chiếc cầu bắt qua sông Hậu nối\n liền giữa 2 tỉnh Vĩnh Long và Cần Thơ, cây cầu dây văng có nhịp chính 550 m dài nhất khu vực Đông Nam Á.', '', '', '', '11', '1', 'bnk.jpg');
INSERT INTO `destinations` VALUES ('100', 'Nhà cổ Bình Thuỷ', 'Ngôi nhà cổ được gia đình họ Dương xây vào năm 1870 với kiến trúc Á – Âu kết hợp, gồm 5 gian với toàn bộ vật liệu được đặt từ Pháp sang.', '', '', '', '11', '1', 'dalat.jpg');
INSERT INTO `destinations` VALUES ('101', 'Bến Ninh Kiều', 'Bến Ninh Kiều là một bến nước,\n địa danh du lịch và văn hóa. Nằm ở vị trí đắc địa, giao thoa hữu ngạn sông Hậu, ngay ngã ba sông Hậu và sông Cần Thơ.\nCông viên Ninh Kiều rộng lớn và khang trang, có bờ kè tản bộ dọc sông, cùng những chiếc ghế đá kê dưới hàng dừa lao xao theo gió. Bên trong công viên được trồng nhiều cây kiểng, hoa kiểng đẹp mắt, điểm tô những thảm cỏ xanh mọc len lỏi giữa những tấm xi măng trắng, và có tượng Bác Hồ bằng đồng cao 7.2m, bố trí tôn nghiêm trên bệ cao 3.6m. Xung quanh công viên là các nhà hàng thủy tạ, phục vụ nhiều món ăn đặc sản địa phương.\n', '', '', '', '11', '1', 'dalat.jpg');
INSERT INTO `destinations` VALUES ('102', 'Cầu Tình Yêu', 'Khánh thành vừa tròn 1 năm. Cầu đi\n bộ có vị trí khá đẹp khi nằm giữa ngã ba sông Hậu, đứng từ trên cầu có thể nhìn khá rõ cầu Cần Thơ, cồn Ấu và gần như toàn cảnh bến Ninh Kiều. Không những thế, vào buổi chiều, cầu đi bộ là nơi dạo chơi quen thuộc của những du khách đến Cần Thơ và người dân trên địa bàn thành phố.', '', '', '', '11', '1', 'cct.jpg');
INSERT INTO `destinations` VALUES ('103', 'Biển Cần Thơ', 'Biển Cần Thơ là bãi biển nhân tạo,\n khoảng 400m bãi bờ sông được đổ hơn 1 triệu mét khối cát xuống để làm bãi tắm không bùn. Từ biển, khách tham quan có thể ngắm cầu Cần Thơ với khoảng cách khá gần. Các quán nước bày bàn ghế dọc bãi tắm được che chắn bởi hàng dừa có tán rộng, gần gũi và mát mẻ. Thời điểm thích hợp để đến đây vào khoảng chiều tà, vì tầm giờ này thời tiết mát mẻ, dịu nhẹ, bớt nắng gắt. ', '', '', '', '11', '1', '05.jpg');
INSERT INTO `destinations` VALUES ('104', 'Thiền viền Trúc Lâm Phương Nam', 'Với diện tích gần 4 ha và được xem là thiền viện lớn nhất đồng bằng sông Cửu Long. Toàn bộ công trình kết cấu mái lợp ngói, khung cột bằng gỗ lim, vách tường gạch, nền và lối đi đều lát gạch tàu với tổng giá trị xây dựng 145 tỉ đồng.', '', '', '', '11', '1', 'aboutus-dl.jpg');
INSERT INTO `destinations` VALUES ('105', 'Làng du lịch sinh thái Mỹ\n Khánh', 'Với hơn 20 loại cây được trồng đan xen dọc lối đi như: mận, xoài, chôm chôm, mít, dâu, sầu riêng… lúc nào cũng tươi tốt, trĩu quả, ', '', '', '', '11', '1', 'place.jpg');
INSERT INTO `destinations` VALUES ('106', 'Chùa Ông', 'Có kiến trúc theo hình chữ Quốc (Trung Hoa) với màu sắc sặc sỡ, vui tươi, nhưng chùa Ông vẫn đảm bảo nét cổ kính với các dãy nhà khép kín vuông góc với nhau. Trong chùa treo nhiều hương vòng lớn được người dân đến thành kính và hương khói quanh năm. Chùa Ông được công nhận là di tích lịch sử cấp quốc gia năm 1993.', '', '', '', '11', '1', 'bnk2.jpg');
INSERT INTO `destinations` VALUES ('107', 'Bãi sau', 'Nổi tiếng với bờ biển đẹp và ít sóng lớn, tập trung rất nhiều khách sạn và khu ăn uống. Bãi sau còn có cung đường Thùy Vân khá nổi tiếng tương tự như con đường Trần Phú ở Nha Trang, có khá nhiều khách sạn từ bình dân đến cao cấp nằm trên con đường này.', '', '', '', '12', '1', 'bh.jpg');
INSERT INTO `destinations` VALUES ('108', 'Bãi trước', 'Trung tâm của thành phố Vũng Tàu \nnằm ở bãi trước, nơi đây tập trung khá nhiều cao ốc và các khu mua bán sầm uất. Du khách thường chọn bãi tắm ở khu vực bãi sau vì bãi trước ô nhiễm hơn do mật độ dân cư sinh sống và du khách tập trung đông đúc. Tuy nhiên, bãi trước sẽ là nơi lý tưởng để bạn ngắm hoàng hôn hoặc đi dạo.', '', '', '', '12', '1', '09.jpg');
INSERT INTO `destinations` VALUES ('109', 'Long Hải', 'Long Hải có bãi biển đẹp với làn \nnước trong xanh, cát vàng trải dài và những khu resort gần biển. Đặc biệt, biển Long Hải có nhiều hải sản tươi ngon với giá khá rẻ. Suối khoáng nóng Bình Châu nằm trên tuyến đường du lịch Long Hải, cũng là điểm dừng chân thú vị với du khách.', '', '', '', '12', '1', '09.jpg');
INSERT INTO `destinations` VALUES ('110', 'Thích Ca Phật Đài', 'Đây là một ngôi chùa nằm trên \nsườn núi Lớn của thành phố Vũng Tàu. Vẻ đẹp của ngôi chùa kết hợp rất khéo léo giữa kiến trúc tôn giáo và phong cảnh thiên nhiên. Đáng chú ý nhất là ngọn tháp Bát Giác cao 19m và tượng Phật Thích Ca ngồi thiền trên tòa sen xây bên lưng chừng núi, du khách đứng từ xa có thể chiêm ngưỡng được.', '', '', '', '12', '1', 'banner.jpg');
INSERT INTO `destinations` VALUES ('111', 'Đức Tượng Chúa dang tay', 'Tượng Đức Chúa dang tay đứng trên \nđỉnh Núi Nhỏ của thành phố Vũng Tàu, được xây từ năm 1974. Bức tượng này cao 32 m, sải tay dài 18,3 m trên độ cao 170 m nhìn ra biển, bên trong có cầu thang 133 bậc lên tận 2 tay của tượng. Bức tượng có thể xem như một phiên bản tương tự tượng chúa dang tay tại thành phố Rio de Janeiro ở Brasil. Từ cổng tượng đài, đi lên 800 bậc thang lát đá rộng, bạn sẽ thấy trước mắt tượng Chúa Jesus dang rộng đôi tay ôm lấy cả vùng trời', '', '', '', '12', '1', '05.jpg');
INSERT INTO `destinations` VALUES ('112', 'Bạch Dinh', 'Năm 1898, Toàn quyền Đông Dương Paul Doumer đã cho xây Bạch Dinh (Villa Blanche) trên nền pháo đài Phước Thắng nơi từng khai hỏa bắn vào tàu chiến Pháp gần 50 năm trước. Bạch Dinh là một công trình kiến trúc La Mã 3 tầng, cao 19 m, lưng tựa vào Núi Lớn. Tại đây hiện còn lưu giữ 19 khẩu thần công.', '', '', '', '12', '1', 'bg.jpg');
INSERT INTO `destinations` VALUES ('113', 'Khu du lịch Hồ Mây', 'Đây là một trong những điểm đến\n thú vị nên khám phá khi đến Vũng Tàu.Vừa được đi cáp treo ngắm cảnh,chơi trò chơi thoải mái lại còn được tắm hồ.\nLà một khu du lịch phức hợp, Hồ Mây triển khai và mở rộng đa dạng các loại hình du lịch khác nhau như du lịch sinh thái, khu nghỉ dưỡng, khu vui chơi giải trí, khu văn hóa tín ngưỡng, khu văn hóa dân gian, di tích lịch sử… Với diện tích rộng gần 1ha, điểm nhấn nổi bật của Khu du lịch Hồ Mây là hồ Mây, giữ kỷ lục hồ nước nhân tạo trên đỉnh núi đầu tiên và duy nhất ở Việt Nam.', '', '', '', '12', '1', 'bnk.jpg');
INSERT INTO `destinations` VALUES ('114', 'Hòn Bà', 'Hòn Bà là một hòn đảo nhỏ, dưới chân đảo sóng biển đánh tung bọt trắng xoá rất lên thơ, nằm phía ngoài biển theo đường hạ Long vòng Núi nhỏ, Từ Bãi Trước, qua Bãi Dứa đến mũi Nghinh Phong. Hòn Bà nằm cách chân Núi Nhỏ khoảng 200m. Năm 1881 ông Hồ Quang Minh gốc miền Trung đã bỏ kinh phí ra xây dựng một ngôi miếu nhỏ trên đảo gọi là Miếu Bà.\n\nKhi thủy triều xuống thấp, có thể men theo một lối đá chập trùng để ra đảo. Ngày rằm hay mồng một, bà con thường ra đảo rất đông để thắp hương cầu may tại ngôi miếu nhỏ này.', '', '', '', '12', '1', 'dalat.jpg');
INSERT INTO `destinations` VALUES ('115', 'Chùa Quan Thế Âm Bồ Tát', 'Đây là ngôi chùa nhỏ nổi bật với pho tượng phật Bà Quan Âm trắng cao 16m hướng ra biển đứng trên tòa sen, tay cầm bình Cam Lộ, với khuôn mặt hiền hòa, đức độ. Pho tượng Phật Quan Âm Bồ Tát không chỉ là một kiến trúc đẹp, thể hiện tài nghệ người tạc tượng mà du khách đến đây để đứng dưới chân Phật, thắp nén nhang thơm, tỏ lòng kính cẩn, cầu bình an, thấy lòng tĩnh lại, nhẹ nhàng hơn.\nNếu có thời gian đi du lịch đến thành phố Vũng Tàu xinh đẹp, thì bạn cũng đừng quên bỏ qua chuyến hành hương về chùa Phật Quan Âm Bồ Tát. Đến đây để vãn cảnh chùa, để tìm một chốn thanh tịnh, để lòng thấy nhẹ nhàng hơn giữa cuộc đời vạn biến này.', '', '', '', '12', '1', 'aboutus-dl.jpg');
INSERT INTO `destinations` VALUES ('116', 'Hải Đăng Vũng Tàu', ' Sau khi men theo đường hầm được \nxây kiên cố trong ngôi nhà hai tầng vốn là nơi cư trú và sinh hoạt của những người gác hải đăng bạn sẽ lên đến đỉnh tháp. Từ đây, bạn có thể thu vào tầm mắt cả thành phố Vũng Tàu ẩn hiện trong sương, các bãi tắm hình lưỡi liềm, núi Minh Đạm xanh ngát. Hay nhìn xuống ngay bên dưới, cả rừng hoa sứ rực sáng làm nổi bật nét kiên cố, vững chãi của toàn bộ cụm tháp.\nThời điểm lý tưởng nhất để tham quan hải đăng là lúc hoàng hôn, khi vầng ráng hồng của mặt trời nhuộm thắm vùng biển và cả ngọn hải đăng trắng cổ kính. Nếu có điều kiện, du khách hãy nán lại đây đến tối để ngắm nhìn được khung cảnh lung linh khi thành phố biển lên đèn và ánh sáng nhấp nháy của những con thuyền trên biển.', '', '', '', '12', '1', 'nhahang7.jpg');
INSERT INTO `destinations` VALUES ('117', 'Động Thiên Cung', 'Là một trong những hang động đẹp nhất ở Hạ Long. Hang rộng gần 10.000m² có cấu trúc rất phức tạp, gồm nhiều cấp, nhiều ngăn với các trần và bờ vách rất cao, rộng. Đặc biệt trong hang, ở đâu đâu ta cũng thấy vô vàn các khối nhũ, mảng đá với các hình dáng kì lạ.\nĐộng Thiên Cung nơi có cảnh đẹp được ví như cung điện của nhà trời. Đưởng lên Động Thiên Cung vách đá cheo leo, hai bên cây che phủ um tùm, qua một khe cửa hẹp hang động đột ngột mở ra khoảng không bên trên một mặt bằng tứ giác với chiều dài 130m. Càng vào trong ta càng ngỡ ngàng trước vẻ đẹp hết sức sinh động, lộng lẫy do thạch nhũ tạo nên. Trên vách động phía đông như một bức tranh hoành tráng đố sộ, trong đó nổi lên những nhân vật cổ tích xưa với đường nét mềm mại uyển chuyển, vô cùng tinh tế tới từng chi tiết nhỏ.', '', '', '', '13', '1', 'bh.jpg');
INSERT INTO `destinations` VALUES ('118', 'Hang Đầu Gỗ', 'Đầu Gỗ là hang động rộng, đẹp mang\n nét cổ kính rêu phong, người Pháp gọi là “Động các kỳ quan”.  Hang có hệ động thực vật đa dạng phong phú. Do có cửa hang được mở rộng nên độ ẩm trong lòng hang cao, cộng với sự tác động của ánh sáng mặt trời nên có thể thấy ngay được sự phát triển đa dạng của hệ thực vật, đặc biệt là rêu, cây dương xỉ và cây thân gỗ… Đây là một đặc điểm khác biệt so với nhiều hang động khác trên vịnh Hạ Long.', '', '', '', '13', '1', 'dalat.jpg');
INSERT INTO `destinations` VALUES ('119', 'Động Mê Cung', ' Nhìn từ xa cửa động như một mái\n nhà ăn sâu vào sườn đảo. Động Mê Cung có cấu trúc phức tạp nhiều tầng cấp, nhiều ngăn, ngách trải rộng trong phạm vi mái đá với những hành lang dài hơn 100m, cao dần về phía tây và trông xuống một hồ nhỏ có tên Hồ Mê Cung.\nQua một khe cửa nhỏ chỉ vừa một người qua, lòng động mở ra nhiều ngăn, tuy nhỏ hẹp nhưng lại hết sức tinh xảo, những nhũ đá mang hình những pho tượng, hoa văn tuyệt đẹp, nhũ đá từng chùm muôn màu rủ xuống từ trần động, những sư tử đá, gấu đá đang vờn nhau, những bức rèm đá chảy dài trên vách động… Một luồng ánh sáng nhạt từ xa hắt lại, đó là con đường dẫn ra cửa động. Ra khỏi cửa động, leo tiếp vài bậc đá sắc nhọn lởm chởm, nhìn xuống dưới là một hồ nước bị núi vây kín rất tròn và rộng, bốn mùa nước xanh biếc phẳng lặng như mặt gương, trong đó là thế giới của các loài sinh vật quần tụ như cá, tôm, mực, rong, tảo, san hô, cua… Bên cạnh là một khu đất có nhiều cây cổ thụ mà người dân thường gọi là khu “vườn thượng uyển”, đẹp đến mê hồn.', '', '', '', '13', '1', '09.jpg');
INSERT INTO `destinations` VALUES ('120', 'Hang Trống và Hang Trinh Nữ', 'Hai hang này chẳng những có rất nhiều nhũ đá và cảnh đẹp, mà còn hấp dẫn du khách vì một sự tích rất cảm động. Ở một hang có một tảng đá nằm ngang trông như một cô gái nằm xoã tóc vươn tay ra biển vì vậy được gọi là hang Trinh Nữ. Chiếc hang kia có một cột nhũ đá rất cao trông như một chàng trai khổng lồ đứng nhìn ra khơi xa. Dân chài nói là vào các ngày mưa to gió lớn, đi qua đây nghe tiếng gió đập vào vách núi bập bùng như tiếng trống và họ gọi hang này là hang Trống.', '', '', '', '13', '1', 'bnk.jpg');
INSERT INTO `destinations` VALUES ('121', 'Đảo Mắt Rồng', 'Đảo Mắt Rồng với diện tích khoảng \n30 ha còn được biết đến bởi tên gọi là hòn Bái Đông.  Có thể nói điểm thu hút nhất của đảo Mắt Rồng nằm ở nét hoang sơ, nguyên thủy. Nếu có khả năng tài chính thực hiện một chuyến du lịch bằng thủy phi cơ, bạn sẽ được chiêm ngưỡng toàn bộ vịnh Hạ Long từ trên cao thì sẽ hiểu tại sao hòn đảo này được gọi bằng cái tên Mắt Rồng. Đảo nằm lọt thỏm giữa các dãy núi hùng vĩ. Và chắc chắn nếu bạn được tận mắt chiêm ngưỡng làn nước trong xanh mát lạnh của đảo bạn sẽ chỉ muốn đắm mình mãi ở nơi dường như có thể nhìn thấu cả đáy đó.', '', '', '', '13', '1', 'aboutus-dl.jpg');
INSERT INTO `destinations` VALUES ('122', 'Núi Bài Thơ', 'nằm giữa TP Hạ Long mang một dáng vẻ vừa  kỳ bí vừa thu hút du khách ngay từ cái nhìn đầu tiên. Từ những góc độ khác nhau, núi lúc có dáng như hổ phục, lúc có dáng như sư tử vờn mồi, lúc có dáng như con rồng sắp cất cánh. Từ đỉnh núi Bài Thơ cao 168m – một trong những ngọn núi cao nhất tại Hạ Long, du khách có thể phóng tầm mắt ra xa nhìn bao quát hầu hết các trục đường chính của TP Hạ Long – thủ phủ tỉnh Quảng Ninh cũng như di sản thiên nhiên thế giới vịnh Hạ Long.\nNúi Bài Thơ là một ngọn núi đá vôi đẹp cao hơn 200m, nằm sừng sững giữa lòng thành phố. Núi có kiến tạo địa chất đặc biệt: một nửa chân núi gắn với đất liền, nửa kia ngâm trong nước biển.\nKhông chỉ là một thắng cảnh, núi Bài Thơ còn là di tích lịch sử và văn hóa độc đáo. Chùa Long Tiên nằm dựa vách núi là ngôi chùa nổi tiếng linh thiêng của thành phố Hạ Long. Khách du lịch nên tới đây thắp hương và tận hưởng không khí tĩnh lặng trước khi bắt đầu hành trình lên núi.', '', '', '', '13', '1', '05.jpg');
INSERT INTO `destinations` VALUES ('123', 'Bảo tàng Quãng Ninh', 'Bảo tàng – thư viện Quảng Ninh là một công\n trình kiến trúc nghệ thuật độc đáo. Chỉ mới nhìn từ bên ngoài thôi nhưng đã có rất nhiều bạn trẻ phải “wow” lên rồi! Ngay từ hàng bậc thang rất cao tới phần kính đen tuyền như tấm gương khổng lồ phản chiếu hình ảnh biển trời Hạ Long, cộng thêm font chữ viết tên Bảo tàng đầy ấn tượng đã đủ để chụp một tá tấm hình sống ảo. Vào đến phía trong thì hẳn là ai cũng phải ngợp vì không gian rộng rãi. Với 3 tầng nhà, Bảo tàng Quảng Ninh đem đến một cái nhìn đầy đủ nhất cho khách tham quan về thiên nhiên và con người nơi đây. ', '', '', '', '13', '1', 'banner.jpg');
INSERT INTO `destinations` VALUES ('124', 'Dragon Park', 'Nếu bạn đi đông người, ưa vui chơi, khám \nphá và muốn thử qua cảm giác mạnh thì Dragon Park sẽ rất thích hợp đây. Đảm bảo là vui chơi đã đời không thua kém bất kỳ công viên giải trí nào đâu nhé! Đây là khu công viên chủ đề lớn nhất Đông Nam Á cơ mà! Công viên chủ đề Dragon Park nằm trong quần thể Sun World Group Park có tới hơn 30 trò chơi đủ các thể loại, từ siêu mạo hiểm, mang đến cảm giác được chinh phục rất đã cho đến những trò chơi đã quen thuộc và gắn liền tuổi thơ.', '', '', '', '13', '1', 'bg.jpg');
INSERT INTO `destinations` VALUES ('125', 'Cáp treo Nữ Hoàng ', 'nên nếu có mặt trên hệ thống cáp treo này \nbạn sẽ phải choáng ngợp trước cảnh sắc xinh đẹp của vịnh Hạ Long từ trên cao. Dù là ngày hay đêm thì khung cảnh mà bạn được trực tiếp trải nghiệm đều rất rất tuyệt! Nằm trên đỉnh đồi Ba Đèo, Vòng quay Mặt trời là vòng quay lớn thứ hai Việt Nam và cũng là một trong những vòng quay lớn hàng đầu thế giới. Tại đây, bạn sẽ được ngắm vịnh Hạ Long từ độ cao 215m so với mực nước biển cơ đấy! Thu vào mắt mình những hình ảnh rộng lớn, kỳ vĩ và tuyệt đẹp của vịnh Hạ Long nhất định sẽ là trải nghiệm không thể bỏ lỡ.', '', '', '', '13', '1', 'place.jpg');
INSERT INTO `destinations` VALUES ('126', 'Chùa Ba Vàng', 'chùa còn có tên gọi là Bảo Quang Tự, tên\n dân gian thường gọi là Ba Vàng. Về đêm, ngôi chùa được thắp sáng tạo nên một khung cảnh vô cùng thoát tục như chốn bồng lai tiên cảnh. Chùa nằm ở độ cao 340m trên một vị trí rất đẹp ở phía Tây thành phố Uông Bí, phía trước là Bạch Đằng giang uốn lượn, xa xa là thành phố cảng Hải Phòng, hút tầm mắt là biển Đồ Sơn với muôn trùng sóng vỗ. Bên trái là những dãy núi Thanh Long trùng điệp chầu về, bên phải là những dãy núi Bạch Hổ hùng vĩ phục xuống.', '', '', '', '13', '1', '09.jpg');
INSERT INTO `destinations` VALUES ('127', 'Bãi Khem', 'Bãi Khem còn hoang sơ, cát trắng và mịn như bột. Một điểm trừ là bãi Khem có nhiều rác và lá cây, cảm giác biển không được sạch. Bù lại, ăn hải sản Bãi Khem rất tuyệt. Tại đây chuyên bán các món cá nướng và gỏi cá trích với giá khá rẻ. Bạn có thể ghé ăn quán Cúc Mân nếm món cồi biên mai rồi ngả lưng thư thái trên võng. Ở Bãi Khem bạn cũng nên ghé thăm khu nuôi ngọc trai, rất thú vị.', '', '', '', '14', '1', 'bnk.jpg');
INSERT INTO `destinations` VALUES ('128', 'Vườn tiêu khu Tượng', 'Hồ tiêu Phú Quốc nổi tiếng cay nồng có vị thơm đậm hơn tiêu trồng xứ khác. Trên đường từ Dương Đông đến Gành Dầu nhìn 2 bên đường bạn sẽ thấy những vườn tiêu rất đẹp. Sau khi tham quan, bạn cũng có thể mua một ít hồ tiêu khô về làm quà tặng người thân.', '', '', '', '14', '1', 'bnk2.jpg');
INSERT INTO `destinations` VALUES ('129', 'Mũi Gành Dầu', 'Mũi đất nhô ra biển Tây Bắc đảo thu hút du khách bởi vẻ đẹp thiên nhiên hoang sơ và đặc trưng nhất. Từ đây có thể nhìn thấy được hải giới của Campuchia. Gành dầu có bãi tắm hình cánh cung trải dài 500m. Đây cũng là nơi thưởng thức hải sản tuyệt vời cho du khách.\n\n', '', '', '', '14', '1', 'bh.jpg');
INSERT INTO `destinations` VALUES ('130', 'Hòn Thơm', 'Cụm đảo Hòn Thơm nằm phía Bắc\n Phú Quốc. Tại đây bạn có thể lặn ngắm san hô, xem các khu nuôi trồng thủy sản của ngư dân, khu nuôi ngọc trai Cách Hòn Thơm khoảng 10 phút đi tàu, bạn có thể được xem làng câu mực rất nổi tiếng tại Phú Quốc.', '', '', '', '14', '1', 'banner.jpg');
INSERT INTO `destinations` VALUES ('131', 'Suối Tranh', 'Suối Tranh tạo nên từ nhiều dòng \nsuối nhỏ, len lỏi qua rừng cây khe núi, có nước từ tháng 6 – tháng 9 hàng năm. Ở đây có phong cảnh thiên nhiên đẹp với hoa cỏ, núi rừng, biển và suối, là địa điểm tổ chức cắm trại, dã ngoại thú vị.', '', '', '', '14', '1', '05.jpg');
INSERT INTO `destinations` VALUES ('132', 'Suối Đá Bàn', 'Sở hữu những tảng đá lớn và bằng \nphẳng tựa như mặt bàn do đó người dân Phú Quốc gọi là Suối Đá Bàn. Đây là một trong những điểm tham quan không nên bỏ lỡ khi bạn ghé thăm vườn Quốc gia Phú Quốc.', '', '', '', '14', '1', '09.jpg');
INSERT INTO `destinations` VALUES ('133', 'Suối Đá Ngọc', 'Với 7 thác nước, suối Đá Ngọn hùng\n vĩ và đẹp đến mê hồn vì vẫn là một bí mật cho những du khách thích khám phá và ưa mạo hiểm. Từ tháng 11 đến tháng 4 năm sau là thời điểm tham quan suối Đá Ngọn lý tưởng nhất, vì vào mùa mưa các phiến đá trở nên trơn trượt.', '', '', '', '14', '1', '05.jpg');
INSERT INTO `destinations` VALUES ('134', 'Bảo tàng Cội Nguồn', 'Bảo tàng tư nhân thứ 9 hiện có ở Việt Nam \nđược xem là nơi lưu giữ những câu chuyện về hòn đảo Phú Quốc, “hồn vía” Phú Quốc. Bảo tàng Cội Nguồn lưu giữ hơn 3.000 cổ vật, trong đó có 300 bộ thư mục quý về Phú Quốc bằng các chữ Hán, Việt, Anh, Pháp. Bên cạnh đó là các khu vực trưng bày mỹ nghệ gỗ lũa; khu mỹ nghệ ốc biển; khu sản phẩm quà lưu niệm, ngọc trai; khu nhà sàn truyền thống vùng nông thôn Phú Quốc; khu bảo tồn chó xoáy, đại bàng biển và ó biển.', '', '', '', '14', '1', 'bg.jpg');
INSERT INTO `destinations` VALUES ('135', 'Bãi Dài', ' Đắm mình cùng biển và cát trắng của bãi biển được BBC bình chọn là 1 trong 10 bãi biển hoang sơ và đẹp nhất thế giới. Bãi Dài Phú Quốc có bờ biển dài 1500m, dọc theo bãi biển với cát biển là hàng dương xanh cao to, mọc theo hàng thẳng tắp.', '', '', '', '14', '1', 'aboutus-dl.jpg');
INSERT INTO `destinations` VALUES ('136', 'Nhà lao Cây Dứa (Nhà tù Phú Quốc)', 'Đến với nhà tù Phú Quốc bạn sẽ được \nchứng kiến những tàn tích của cuộc chiến tranh Việt Nam và tìm hiểu những cách tra tấn man rợ tại đây 50 năm về trước.', '', '', '', '14', '1', '09.jpg');
INSERT INTO `destinations` VALUES ('137', '(Hòn Củ Tron) Hòn Lớn', ' Đây được xem là bãi biển đẹp nhất trong quần đảo Nam Du. Những hàng dừa xanh nghiêng bóng, tuổi thọ có cây lên tới 70 – 80 năm. Đến đây, bạn có thể lặn bắt mực cá hoặc ngắm san hô đủ màu sắc. Bãi Cây Mến vắng người, nên bạn có thể tha hồ chơi đùa, tắm thỏa thích. Nước biển trong vắt và mát lạnh. Thêm nữa, bạn cũng có thể bắt ốc ở bãi đá dọc bãi tắm.\n', '', '', '', '15', '1', '05.jpg');
INSERT INTO `destinations` VALUES ('138', 'Bãi Ngự', 'Tương truyền trên đường qua Xiêm,\n vua Gia Long đã dừng lại đây nên khu vực này có tên là bãi Ngự. Mùa khô, bãi này vẫn đầy đủ nước ngọt trong khi các khu vực khác thiếu nước trầm trọng. Tại đây, vẫn còn một cái giếng luôn đầy nước. Người dân địa phương cho rằng giếng được đào khi vua đặt chân đến đây nên được đặt tên là giếng Vua.', '', '', '', '15', '1', 'bh.jpg');
INSERT INTO `destinations` VALUES ('139', 'Hải Đăng Nam Du', 'Đây được xem là ngọn hải đăng cao\n nhất Việt Nam nhờ nằm ở định đồi cao hơn 300 mét so với mực nước biển.', '', '', '', '15', '1', 'dalat.jpg');
INSERT INTO `destinations` VALUES ('140', 'Hòn Dầu', 'Giống với Hòn Lớn, bãi biển vẫn\n xanh ngắt và hàng dừa rì rào bên bờ. Hòn Dầu tương đối lớn so với các đảo khác, rừng nguyên sinh chiếm khoảng 90% diện tích. Gần bờ có rất nhiều rặng san hô đang phát triển, không đẹp như vùng nước sâu khác nhưng nước biển trong vắt và rất sạch. Một số cây dừa ngả mình hướng ra biển thoai thoải, bạn có thể nằm lên đó và đánh một giấc trưa giữa cơn gió mát rượi.\n Hòn Dầu có một bãi đón bình minh và một bãi đón hoàng hôn.\n', '', '', '', '15', '1', 'nhahang7.jpg');
INSERT INTO `destinations` VALUES ('141', 'Hòn Nồm', 'Là một trong 11 đảo có dân sinh \nsống, Hòn Nồm giữa hiện chỉ có duy nhất đại gia đình ông Dương Văn Sáu sinh sống. Hòn đảo được ông Vương Văn Kiều, cha ông sáu đến khai hoang và xây dựng từ năm 1960. Toàn đảo có diện tích khoảng 10 ha nhưng chỉ có 3 ha là có thể trồng trọt, phần diện tích còn lại hoàn toàn là núi đá.', '', '', '', '15', '1', 'bnk.jpg');
INSERT INTO `destinations` VALUES ('142', 'Hòn Mấu', 'Hòn Mấu rộng khoảng 200 ha với \nhơn 120 hộ dân nằm liền nhau vắt ngang qua phần thấp nhất của đảo. Hầu hết người dân trên đảo này đều làm nghề biển. Ðảo nhỏ nên vừa đặt chân lên tới đây, người dân trên đảo từ người già đến trẻ em đều biết bạn là người khác đến đảo này.\n\nTrong số 21 hòn đảo của quần đảo này, tạo hóa có vẻ thiên vị khi ban phát cho hòn đảo nhỏ này những bãi biển tuyệt đẹp. Có đến năm bãi biển trên đảo. Trong đó, có hai bãi cát trắng mịn hiếm nơi nào có được là Bãi Chướng và Bãi Nam; còn lại là ba bãi đá: Bãi Bắc, bãi Ðá Ðen và bãi Ðá Trắng. Bãi Nam là mặt tiền của đảo. Bãi này hầu như yên ắng quanh năm, nên tàu bè đến giao thương đều dừng lại ở mặt này. Vì thế, cư dân ở đây cũng đông hơn. Dù vậy, bãi cũng rất sạch sẽ, cát trắng mịn và bãi Lài.', '', '', '', '15', '1', 'banner.jpg');
INSERT INTO `destinations` VALUES ('143', 'Bãi Chướng', 'Thú vị nhất là được đắm mình trong lòng nước mát lành ở Bãi Chướng. Bãi như một cái vịnh trông như một hồ nước khổng lồ bao bọc chung quanh là những hàng dừa có trên một đời tuổi người. Bãi cát chạy dài, nước có màu xanh lam trong vắt. Ra xa hàng chục mét vẫn còn thấy đáy.\n\nCạnh đó là hai bãi đá không chê vào \nđâu được. Bãi Ðá Ðen có nhiều loại đá đẹp. Phần lớn là đá có màu đen bóng nên người dân lấy đó làm tên đặt. Ðá ở bãi này muôn hình vạn trạng, nhiều màu sắc. Khi mặt trời soi xuống, đá dưới biển lấp lánh nhiều màu sắc bắt mắt. Có những viên hoa văn rất lạ. Vân đá ngoằn ngoèo xanh, đỏ như vân cẩm thạch. Từ bãi Ðá Ðen đi bộ chừng 15 phút là đến bãi Ðá Trắng. Toàn bãi chỉ duy nhất một màu trắng của đá. Những viên đá nhỏ bằng ngón tay đến bằng bàn tay nằm dọc theo bãi biển. Bãi này hầu như không có cát, chỉ có đá trắng. Ai đến hai bãi đá cũng cầm về vài hòn đá như một món quà của biển khơi.', '', '', '', '15', '1', 'bnk2.jpg');
INSERT INTO `destinations` VALUES ('144', 'Hòn Ngang', 'Hòn Ngang có bến cảng êm sóng nhất Nam Du nên thu hút hàng ngàn tàu thuyền, ghe xuồng và những lồng bè nuôi cá. Từ Hòn Lớn qua Hòn Ngang mất 30 phút đi đò, mỗi ngày \ncó hai chuyến xuất bến lúc 7h và 15h hàng ngày.\nHòn Ngang là trung tâm xã Nam Du. Bến tàu Hòn Ngang có hàng ngàn tàu thuyền ghe xuồng và gần 60 lồng bè nuôi cá neo đậu không theo một trật tự nào. Bờ cảng là dãy nhà sàn trên cọc tre và bêtông san sát nhau chạy dài 2km. Chỉ có một con đường nhỏ chừng 1,5m, không có bất cứ loại phương tiện giao thông nào.', '', '', '', '15', '1', '05.jpg');
INSERT INTO `destinations` VALUES ('145', 'Hòn Sơn', ' trên nền xanh thẳm của đại dương, Hòn Sơn (hòn Sơn Rái) hiện lên như một quả núi khổng lồ. Từ năm 1983, hòn đảo duyên dáng này được mang tên là Lại Sơn, một trong 4 xã đảo thuộc huyện Kiên Hải (Kiên Giang) diện tích 11,5 km2 với hơn 2.000 hộ sinh sống. Đến Hòn Sơn, du khách mới thấy hết cảnh sắc nên thơ, \nsự kết hợp hài hòa giữa biển – đảo với những giá trị nhân văn gắn liền với lịch sử, văn hóa của vùng đất nơi trập trùng sóng nước.\n\nVào những ngày trời đẹp, mây quang đãng, nhìn từ xa Hòn Sơn như một viên ngọc lấp lánh với 7 đỉnh nhấp nhô trên sóng nước. Càng đến gần, màu xanh trên đảo càng cuốn hút bởi quanh đảo được bao phủ bằng những rặng dừa xanh ngút ngàn, cảnh sắc êm đềm, thơ mộng. Dọc theo bờ biển là làng chài, tàu ghe tấp nập, không khí vô cùng nhộn nhịp.\n\nĐứng từ trên bờ nhìn ra, ai cũng say mê ngắm nhìn những hòn đá to nhỏ, chồng chất lên nhau, tạo thành những dáng vẻ kỳ thú. Hấp dẫn nhất là tại bãi Thiên Tuế, gần đền Nam Hải với những tảng đá sừng sững muôn hình vạn trạng nổi lên trên những viên đá cuội, tạo cảm giác lạ lẫm.', '', '', '', '15', '1', 'aboutus-dl.jpg');
INSERT INTO `destinations` VALUES ('146', 'Đồi Ma Thiên Lãnh', 'Đa số du khách đến Hòn Sơn thích \nkhám phá đồi Ma Thiên Lãnh, nơi còn lưu giữ nhiều huyền thoại mà mỗi người dân ở đây đều biết đến. Đó là chuyện các nàng tiên thường giáng trần nơi đỉnh núi, gọi là sân tiên. Về sau, nơi đây có nhiều cây rừng, nhiều hang động thanh tịnh nên có nhiều đạo sĩ tìm đến ẩn tu. Trên đường đến Ma Thiên Lãnh hiện còn một tượng Phật lộ thiên và nhiều vết tích của người xưa ghi lại trên đá.', '', '', '', '15', '1', '05.jpg');
INSERT INTO `destinations` VALUES ('147', 'Núi Đá Dựng', 'Đây là một khối đá vôi cao khoảng\n 100 m. Nhìn từ xa, núi như một hình thang cân, và vì các vách đá đứng nên được gọi là núi Đá Dựng.\nNúi có tên chữ là Châu Nham Sơn, là một tác phẩm kỳ vĩ của thiên nhiên đã ban tặng cho Hà Tiên cùng với nhiều huyền thoại và truyền thuyết. Đường đi vào các hang động trong núi Đá Dựng có chỗ gần như dốc đứng, có đoạn lại như đổ xuống vực, quanh co, cũng có đoạn bạn phải lách qua hang đá chỉ một người lọt.\nDo đặc trưng cấu tạo, cấu trúc địa chất, cùng với sự xâm thực và tác động của thiên nhiên qua thời gian dài, nên trong lòng núi có khoảng 14 hang động lớn nhỏ gắn với nhiều huyền thoại như hang Mẹ Sanh, hang Lê Công Gia, hang Biệt Động, hang Bồng Lai, hang Thần Kim Quy…', '', '', '', '16', '1', 'bg.jpg');
INSERT INTO `destinations` VALUES ('148', 'Núi Tô Châu', 'Tô Châu bao gồm hai ngọn là Đại Tô Châu và Tiểu Tô Châu. Đại Tô Châu tuy cao hơn nhưng lại mang vẻ nhún nhường trước Tiểu Tô Châu tràn đầy sức sống. Nằm sát đầm Đông Hồ, Tiểu Tô Châu lúc nào cũng như đang soi mình xuống mặt nước mênh mông sâu thẳm để làm duyên.\n', '', '', '', '16', '1', 'place.jpg');
INSERT INTO `destinations` VALUES ('149', 'Thạch Động', 'Thạch Động hay còn được gọi Thạch động Thôn Vân là một trong mười thắng cảnh của đất Hà Tiên xưa; \nTừ trung tâm thị xã Hà Tiên theo con đường nhựa đi về hướng biên giới Tây Nam, khoảng 3 km sẽ gặp núi Thạch Động nằm cạnh bên đường, với nhiều cỏ dại và cây xanh.\nĐứng ở lưng chừng núi, bạn có thể phóng tầm mắt nhìn toàn cảnh thị xã Hà Tiên thơ mộng thu nhỏ, thấy các phum sóc của người Campuchia dọc biên giới ẩn hiện dưới chân đồi.', '', '', '', '16', '1', 'bh.jpg');
INSERT INTO `destinations` VALUES ('150', 'Lăng Mạc Cửu', 'Lăng Mạc Cửu còn có tên gọi khác là Trung Nghĩa Đường hay miếu Ông Lịnh (vì Mạc Thiên Tứ được tôn xưng là Mạc Lịnh Công).  Lăng là một quần thể kiến trúc đền thờ, lăng mộ dòng họ Mạc từ dưới chân núi lên đến đỉnh núi.\nPhía trước đền thờ là hai ao sen, tương truyền do Mạc Cửu sai đào để chứa nước ngọt cho người dân Hà Tiên sử dụng vào thời điểm khô hạn. Ngôi đền, ngoài giá trị lịch sử, nó còn là một công trình có giá trị nghệ thuật cao, bởi cách bố trí hài hòa và lối chạm trổ tinh vi, sắc sảo. Tuy trải qua gần 300 năm, nhưng đền thờ, lăng mộ dòng họ Mạc vẫn giữ được nguyên vẹn những nét kiến trúc của thời kỳ đầu. Ngày nay, nơi này là điểm đến thu hút du khách khi đến thăm quan Hà Tiên.', '', '', '', '16', '1', 'dalat.jpg');
INSERT INTO `destinations` VALUES ('151', 'Chùa Tam Bảo', 'Chùa có khuôn viên rộng khoảng 2,5 ha. Mặt tiền chùa hướng phía Đông. Chùa Tam Bảo còn có tên gọi khác là chùa Tiêu, là một trong 10 cảnh đẹp từng được Mạc Thiên Tứ ca ngợi qua bài vịnh Tiêu Tự Thần Chung khá nổi tiếng.\nNgôi chùa xưa đã hỏng, chỉ còn dấu vết ở các bức tường thành, chùa đã được trùng tu nhiều lần. Kiến trúc chùa hiện nay do Hòa thượng Phước Ân, dòng Lâm Tế đời thứ 40 cho xây vào năm 1930 và cho trồng một số cây sao. Tam Bảo là một trong những là ngôi chùa cổ nổi tiếng ở Hà Tiên. Mỗi năm, chùa đã đón tiếp hằng vạn du khách, Phật tử đến tham quan, chiêm bái.', '', '', '', '16', '1', 'banner.jpg');
INSERT INTO `destinations` VALUES ('152', 'Bãi tắm Mũi Nai', 'Bờ biển Mũi Nai có khí hậu ôn hòa\n quanh năm, với 2 bãi cát đẹp là bãi Nô và bãi Bằng: bãi Nô nằm cạnh xóm chài với nhà cửa đông vui, còn bãi Bằng có triền cát thoai thoải và sóng không to, lý tưởng để đắm mình trong làn nước mát.\nĐiểm độc đáo của bãi biển Mũi Nai là màu cát nâu sậm, một gam màu đối lập với những làn sóng trắng bạc, liên hồi vỗ bờ từ phía biển khơi. Và khi những cơn sóng chồm lên, quyện vào nhau, một màu đen nhánh hiện ra lạ mắt. Theo người dân địa phương, màu đen này là do cát biển nơi đây chứa rất nhiều bùn, rất tốt cho da của bạn. Đến Mũi Nai, du khách có thể tắm biển, ngắm cảnh thiên nhiên, thưởng thức những đặc sản của miền biển, tham quan các dịch vụ vui chơi giải trí trên biển…', '', '', '', '16', '1', '09.jpg');
INSERT INTO `destinations` VALUES ('153', 'Đầm Đông Hồ', 'Đông Hồ rộng khoảng 1.047 ha. Lẽ ra\n nơi đây phải được gọi là đầm, phá hay vũng; nhưng người xưa đã quen gọi là hồ, vì lẽ từ trên cao nhìn xuống, núi Tô Châu, núi Kim Dữ và núi Bình San vây quanh, không còn trông thấy cửa biển, nên nó trông giống một cái hồ hơn.\nĐầm Đông Hồ có tiềm năng lớn cho du lịch sinh thái nhờ cảnh quan thiên nhiên đẹp và thơ mộng: phía hữu ngạn là núi Ngũ Hổ, phía tả ngạn là dãy núi Tô Châu, phía Đông có sông Giang Thành, phía Tây có sông Hà Tiên đoạn dẫn ra biển. Nổi tiếng không chỉ bởi cảnh đẹp dung dị, thanh bình và hoang sơ, đầm Đông Hồ còn thu hút khách tham quan bởi sự đa dạng sinh học vô cùng quý giá.', '', '', '', '16', '1', 'nhahang7.jpg');
INSERT INTO `destinations` VALUES ('154', 'Chùa Xà Xía', ' Chùa được xây dựng theo lối kiến trúc độc \nđáo của người dân tộc Khmer Nam bộ. Những mái nhà được chạm khắc tinh tế với những chi tiết nổi uốn lượn dọc theo cột mái nhà. Xung quanh ngôi chùa có khuôn viên rộng rãi với nhiều cây cho bóng mát để du khách đến hành hương. Chùa cũng là địa điểm diễn ra các lễ hội theo phong tục tập quán của người Khmer địa phương và các vùng lân cận.', '', '', '', '16', '1', '05.jpg');
INSERT INTO `destinations` VALUES ('155', 'Nhà tù Hà Tiên', 'trước đây được gọi là Khám Hà Tiên do thực \ndân Pháp xây dựng vào những năm 1897 hết 1.800 đồng Đông Dương. Nhà tù Hà Tiên nằm trên một khu đất bằng phẳng hình chữ nhật chiều dài 30m, chiều rộng 25m, bao quanh là bức tường bằng đá kiên cố, bên trong có 3 dãy phòng giam kiên cố có song sắt, không cửa sổ, chỉ có khe nhỏ lấy ánh sáng, bốn gốc có bốn tháp canh.\nNhà tù Hà Tiên là dấu vết lịch sử của thời kỳ thực dân Pháp xâm lược, đô hộ nước ta và có ý nghĩa lịch sử quan trọng. Đây vừa là nơi tố cáo tội ác thực dân Pháp và cũng là bằng chứng về tinh thần yêu nước, tinh thần cách mạng quật cường của nhân dân Việt Nam.', '', '', '', '16', '1', 'bnk2.jpg');
INSERT INTO `destinations` VALUES ('156', 'Chợ đêm Hà Tiên', ' đây là khu trung tâm thương mại nhộn nhịp nhất của thị xã. Qua khỏi cầu Tô Châu rẽ phải thì đến khu vực chợ. Chợ Hà Tiên nằm bên cạnh bờ sông nối liền với công viên Đông Hồ.\nChợ đêm Hà Tiên có bán đầy đủ mọi thứ từ mỹ phẩm, vải vóc, hàng thủ công mỹ nghệ,… được bày bán ngay trên vỉa hè. Ngoài ra, đến đây bạn còn có thể thưởng thức nhiều đặc sản của vùng này như hủ tiếu Nam Vang, hải sản, xôi, bánh canh ghẹ…', '', '', '', '16', '1', 'aboutus-dl.jpg');
INSERT INTO `destinations` VALUES ('157', 'Đảo Hải Tặc', 'là một quần đảo gồm 16 hòn đảo  nằm gần nhau gồm: Hòn Kèo Ngựa, hòn Kiến Vàng, hòn Tre Lớn, hòn Tre Vinh, hòn Gùi, hòn Ụ, hòn Giang, hòn Chơ Rơ, hòn Đước Non, hòn Bô Dập, hòn Đồi Mồ, mà lớn nhất là đảo Hòn Tre (Hòn Đốc) cách đảo Phú Quốc khoảng 40km. Sở dĩ đảo Hải Tặc có tên lạ như vậy là do từ xa xưa nơi đây từng lừng lẫy, khét tiếng với nhiều câu chuyện kỳ bí có liên quan đến nạn cướp biển. Có lẽ vì như vậy mà người dân đặt tên là đảo Hải Tặc cho tới ngày nay.\nTrên đảo có những bãi biển tuyệt đẹp các bạn có thể dạo chơi trên bờ biển hoặc lặn biển ngắm san hô, mò cua ốc.\nĐịa điểm không thể bỏ qua khi đến đảo Hải Tặc là bia chủ quyền quốc gia, trên cột mốc ghi tên tất cả 16 đảo thuộc quần đảo Hải Tặc. Tới đây, bạn sẽ được trải nghiệm cảnh quan thiên nhiên và chiêm ngưỡng cảnh đẹp hoang sơ, trong lành. Hoạt động thú vị khác trên đảo đó là câu mực, câu cá ban đêm, lặn biển bắt ốc, ghẹ, sò…rất thú vị.', '', '', '', '17', '1', 'bg.jpg');
INSERT INTO `destinations` VALUES ('158', 'Hòn Tre', 'Hòn Tre là hòn đảo nhiều đồi núi thuộc\n tỉnh Kiên Giang, có độ cao trung bình trên 30m so với mặt nước biển. Toàn đảo có diện tích chưa tới 500km2 do đó bạn có thể thoải mái khám phá thiên nhiên toàn đảo trong một ngày nhé. Hòn đảo có 2 ngọn núi cao ở bắc đảo và nam đảo, đây là nơi để các tay leo núi cự phách tìm đến để chinh phục. Nên trang bị đầy đủ vật dụng và đồ nghề khi chinh phục nhé.\nTrên đảo có những bãi đá trải dài tạo thành cảnh quan thiên nhiên khá hoang sơ như Bãi Chén, Động Dừa, Bãi Dứa (Đuôi Hà Bá), Hòn Đá Bà Già (còn gọi là Đá Bia)…\nBãi Chén nằm ở phía tây bắc của hòn đảo, có chiều dài 2 km, có rất nhiều tảng đá to nhìn như những chiếc chén úp nên có tên là Bãi Chén. Đây là bãi đẹp nhất của hòn Tre, cảnh vật còn giữ được những nét hoang sơ, có nhiều cây xanh phủ bóng mát nguyên một vùng. Tại đây du khách sẽ được thưởng thức các đặc sản biển và ngắm cảnh thiên nhiên.\nĐộng Dừa là một vịnh nhỏ với rất nhiều dừa mọc ven biển, có làng chài nên ghe thường ghé về để lấy lương thực, nước ngọt và nghỉ ngơi sau những chuyến đi biển xa. Bãi biển ở đây rất đẹp với nhiều ghềnh đá nhấp nhô.\nĐuôi Hà Bá (Bãi Dứa) có nhiều cây dứa gai và cổ thụ lớn, du khách ngắm cảnh thiên nhiên, và có thể lặn xuống biển cạy hào bám ở ghềnh đá để thưởng thức.\n ', '', '', '', '18', '1', 'bh.jpg');
INSERT INTO `destinations` VALUES ('159', 'Cổng Tam Quan', 'Ngay khi đến Rạch Giá, bạn đã có thể \nthấy cổng Tam Quan, đây được coi là biểu tượng của Rạch Giá, cổng Tam Quan với 3 ngỏ, được xây dựng kiên cố, có 3 cổng vào.\nCửa ngõ vào thành phố Rạch Giá là một công trình kiến trúc đẹp, mang đậm nét văn hóa cổ truyền Việt Nam một biểu tượng của thành phố biển Rạch Giá. Gần nửa thế kỷ, Cổng Tam Quan là niềm tự hào của Kiên Giang luôn mở rộng đón chào khách tứ phương đến thăm.', '', '', '', '19', '1', 'bnk.jpg');
INSERT INTO `destinations` VALUES ('160', 'Đền Nguyễn Trung Trực', 'Đền thờ Nguyễn Trung Trực tọa lạc tại \nsố 8 đường Nguyễn Công Trứ, phường Vĩnh Thanh, thành phố Rạch Giá, tỉnh Kiên Giang. Mặt đền quay ra cửa biển và cách biển khoảng 100 m. Đây là ngôi đền lớn nhất trong số 9 ngôi đền thờ Nguyễn Trung Trực trên địa bàn tỉnh. Thứ hai phải kể đến là ngôi đền nằm trên mũi Gành Dầu ở đảo Phú Quốc.\nTrong khuôn viên đền thờ có một phòng thuốc nam miễn phí được thành lập năm 1989. Các lương y ở đây tuy đến từ nhiều vùng quê khác nhau nhưng có cùng mục đích là tự nguyện cứu chữa người nghèo.\n', '', '', '', '19', '1', '05.jpg');
INSERT INTO `destinations` VALUES ('161', 'Chùa Tam Bảo', 'Chùa Tam Bảo toạ lạc ở số 6 đường Thích Thiện Ân, phường Vĩnh Bảo, thành phố Rạch Giá. Chùa do bàn Dương Thị Cán, tục gọi là Bà Hoàng dựng nên vào đầu thế kỷ XIX để làm nơi tu hành.\n\nLúc đầu chùa có kết cấu rất đơn sơ, vật liệu chính vẫn là tre nứa. Đây từ là nơi trú ẩn của Nguyễn Ánh trong khoảng thời gian lẩn tránh Tây Sơn. Vì thế sau khi lên ngôi, vua đã ban biển Sắc tứ cho chùa. Năm 1917, hòa thượng Thích Trí Thiền đã cho trùng tu, xây dựng ngôi chùa bằng gạch ngói. Từ đó đến nay cũng đã trải qua nhiều lần trùng tu, mở rộng.\nKiến trúc Chánh điện có 14,50m x 22m, được thiết kế theo kiểu thượng lầu hạ hiên. Năm bao lam ở các bàn thờ được chạm trổ công phu, thếp vàng rực rỡ. Trong chùa còn giữ bức tượng đức Phật A Di Đà tạc bằng đá xanh cao 1,03 m. Ngoài ra, còn có các hạng mục khác như: Đông lang được dùng làm phòng khách và phòng làm việc của Hòa thượng trụ trì. Tây lang và giảng đường của chùa được dùng làm Tuệ Tĩnh đường, nơi chữa bệnh miễn phí cho đồng bào. Phía trước hai bên Chánh điện là ngọn bảo tháp ba tầng tượng trưng Cửu phẩm Liên hoa.\n', '', '', '', '19', '1', '09.jpg');
INSERT INTO `destinations` VALUES ('162', 'Nhà Bảo Tàng Kiên Giang', 'Đây là ngôi nhà của địa chủ Nhuệ. Ngôi\n nhà cổ lớn và đẹp nhất còn lại ở Tp.Rạch Giá, được dùng làm nhà trưng bày của Bảo tàng tỉnh Kiên Giang. Kiến trúc ngôi nhà hình “nội nhất ngoại quốc” lạ và đẹp. Bên ngoài như một biệt thự kiểu Pháp, bên trong lại thiết kế theo kiểu nhà Việt Nam cổ truyền. Hoa văn chạm trổ cầu kỳ, đường nét sắc sảo. Đồ đạc bằng gỗ quí khảm xà cừ, tất cả tạo nên dáng vẽ lộng lẫy cho ngôi nhà.\n\nBảo tàng Kiên Giang: 27 Nguyễn Văn Trỗi, phường Vĩnh Thanh Vân, Rạch Giá. Xem đường đi ở ', '', '', '', '19', '1', 'banner.jpg');
INSERT INTO `destinations` VALUES ('163', 'Khu đô thị Lấn Biển', 'Khu đô thị Lấn Biển được qui hoạch trên \ndiện tích 420.000ha. Đây là khu dân cư, trung tâm hành chính mới của tỉnh Kiên Giang. Khu vực dân cư gồm những khu nhà xây cất hiện đại, biệt thự cao cấp. Du khách có thể đến với những nhà hàng, quán cà phê hữu tình của khu Lấn Biển để thưởng thức và ngắm mặt trời lặn xuống biển Tây.', '', '', '', '19', '1', 'float.jpg');
INSERT INTO `destinations` VALUES ('164', 'Trung tâm Thương mại 30-4( trung \ntâm thương mại Rạch Giá )', 'Đây là Trung tâm thương mại lớn nhất Kiên Giang, được thiết kế thành 3 khu với qui mô rộng lớn và hiện đại. Ở đây du khách có thể tham quan mua sắm tất cả các loại vật dụng, đồ lưu niệm đến đặc sản, hải sản tươi sống. Quanh trung tâm còn có nhiều khách sạn khang trang, nhà hàng, quán ăn ngon. Bến xe khách chất lượng cao tại Trung tâm phục vụ khách tất cả các tuyến trong và ngoài tỉnh.', '', '', '', '19', '1', 'aboutus-dl.jpg');
INSERT INTO `destinations` VALUES ('165', 'Công viên Văn Hóa An Hòa', 'Công viên Văn hóa An Hòa có diện tích trên \n52ha, nằm ngay chân cầu Rạch Sỏi. Công viên có nhiều khu vui chơi giải trí và thưởng xuyên tổ chức hội chợ thương mại, hoạt động văn hóa lớn của tỉnh.\nRạch Giá là một đô thị sầm uất, có nhiều nơi để đi chơi, từ những di tích văn hóa và công viên văn hóa, du khách cũng rất dễ dàng đến Hà Tiên.\nKiên Giang cũng là tỉnh có nhiều lễ hội đặc sắc của đồng bào Chăm, Kh’mer, Hoa… Như các lễ Chôl Chnăm Thmây, lễ Đôlta, lễ Ooc-om-bok, lễ vía các vị thần, du khách đến đây vào mùa lễ hội sẽ thấy được không khí nhộn nhịp và nét đặc trưng độc đáo nơi đây.', '', '', '', '19', '1', 'dalat.jpg');
INSERT INTO `destinations` VALUES ('166', 'Đảo Bà Lụa', 'Quần đảo Bà Lụa (còn có tên là Bình \nTrị) với khoảng hơn 40 đảo lớn nhỏ trong vùng biển huyện Kiên Lương, Kiên Giang. Quần đảo Bà Lụa còn khá hoang sơ với nhiều du khách, lại nằm trong vùng biển ít có gió to, sóng lớn nên gần đây được nhiều du khách tìm đến để khám phá, trải nghiệm. Nhiều du khách ví quần đảo này “Tiểu Hạ Long” của phương Nam.\nTrong số trên 40 đảo của quần đảo Bà Lụa chỉ có 10 đảo có cư dân sinh sống. Những hòn đảo do dân bản địa đặt tên tuỳ theo hình dạng, cùng với những truyền thuyết, giai thoại như: Hòn Heo, Hòn Dê, Hòn Ngang, Hòn Đước… Khu vực biển xung quanh quần đảo Bà Lụa là biển nông, nhiều nơi nước ròng có thể đi được từ đảo này sang đảo khác, nước ngập không quá lưng người lớn.', '', '', '', '20', '1', 'bg.jpg');
INSERT INTO `destinations` VALUES ('167', 'Vườn Quốc Gia U Minh Thượng', 'Vườn Quốc gia U minh Thượng là điểm\n du lịch cuối tuần hấp dẫn của không chỉ của Kiên Giang mà còn của khu vực Miền Tây Nam Bộ.   Với hệ thống sinh thái độc đáo U Minh Thượng còn được xem kiểu rừng đặc thù  xếp vào loại  quý hiếm của thế giới.\nNằm trên địa phận tỉnh Kiên Giang , U Minh thượng có diện tích 21.107 ha, trong đó Vùng lõi chiếm 8.038ha còn vùng đệm là 13.069ha. Ở đây chủ yếu là những khu rừng nguyên sinh với kiểu rừng sinh bên trong rừng là nơi bảo tồn các hệ động thực vật đa dạng  với  và quý hiếm.\nHệ thống thực vật Bao gồm: rừng tràm bản địa, 243 loại thực vật có mạch bậc cao trong đó có nhiều cây thân cao, to như: Dấu, Gáo Trâm , Bùi…\nRừng là nơi trú ngụ của nhiều loài chim nước, các loại thủy sản cũng như các loại động vật hoang dã. Theo thống kê có 158 loài chim thuộc 39 họ , 24 loài thú thuộc 10 họ, 7. Trong đó có 10 loại thú thuộc loại quý, hiếm được ghi vào sách đỏ của Việt Nam và thế giới như  ráy cá long mũi, mèo cá, Bồ nông chân xám, tê tê…\nNhững cánh rừng cánh rừng nguyên sinh kỳ bí cùng với hệ động thực vật phong phú chính là điểm thu hút nhất đối với khách du lịch đặc biệt là những du khách thích trải nghiệm những chuyến du lịch đồng quê.\nTrên chiếc xuồng máy rẽ sóng nước đưa bạn đi sâu vào  trong khu rừng. Càng tiến sâu vào bên trong lại càng có nhiều bất ngờ thú vị khiến bạn không khỏi ngạc nhiên thích thú. Bạn sẽ cảm thấy vô cùng nhỏ bé trước một không gian rộng lớn xung quanh là rừng lau sậy ngút ngàn, những rừng tràm thẳng tắp, đâu đó là tiếng vỗ cánh bay vào không trung của một chú chim giật mình vì tiếng xuồng máy, tiếng gió rì rào  qua những tán cây, hay tiếng vo ve của những đàn ong rừng đang đi  kiếm mật , tất cả trở nên sống động khác với vẻ  u tịch khi nhìn từ bên ngoài.\nĐiểm dừng chân đầu tiên chính là Hồ Hoa Mai. Sau chuyến hành trình du ngoạn trong khu rừng bạn có thể nghỉ ngơi tại trong một chiếc chòi canh lửa ngay sát hồ, vừa nghỉ ngơi, vừa chiêm ngưỡng bức khung cảnh tuyệt đẹp ngày trước mắt mình, xa xa là rừng tràm thấp thoáng những cánh chim bay vút lên bầu trời.\nNgoài ra bạn có thể đến thăm  Trảng Dơi  là điểm tụ tập của hàng nghìn con dơi,  quạ trên diện tích 15ha.  Bầy dơi có nhiều loại, thường đi ăn ở Cần Thơ và trở về trú ngụ tại đây.\nHay Trảng Chim đây là điểm tập trung của nhiều loài chim lên tới hàng chục vạn con, chúng tụ tập thành từng bầy  tạo thành một sân chim với nhiều màu sắc phong phú khiến bạn không khỏi thích thú.\n\n\n\n\n', '', '', '', '21', '1', 'bh.jpg');
INSERT INTO `destinations` VALUES ('168', 'Vườn hoa Đà Lạt', 'Vườn hoa thành phố là một địa danh đặc trưng của thành phố Đà Lạt với rất nhiều loài hoa được trồng tại đây, về cả màu sắc và kiểu dáng đều rất đa dạng. Chúng được sắp đặt khéo léo bởi các nghệ nhân làm vườn chuyên nghiệp tạo nên một vườn hoa vô cùng xinh đẹp và mang nhiều ý nghĩa.\nVườn hoa thành phố Đà Lạt nằm ngay trung tâm thành phố và trước mặt là hồ Xuân Hương thơ mộng. Nơi đây chính là nơi hội tụ của những loài hoa đẹp nhất của thành phố Đà Lạt ngàn hoa. Được xây dựng từ những năm 1966 nhưng lúc đó do du lịch chưa phát triển nên việc chăm sóc các loài hoa tại đây còn chưa được quan tâm và rất sơ sài. Tuy nhiên đến năm 1985, khách du lịch đến thăm Đà Lạt bắt đầu nhiều hơn và khu vườn hoa đã được cải tạo để trở thành địa danh quan trọng trong thành phố, thu hút nhiều khách du lịch.\nCác loài hoa phổ biến tại đây là hoa hồng, hoa mimosa, cúc, hoa đỗ quyên, cẩm tú cầu, hoa đồng tiền, dạ yến thảo, phong lan, xương rồng,... Bước chân trong vườn hoa, bạn như lạc vào một thiên đường hoa với đủ màu sắc và hương thơm. Bên cạnh đó không thể không nhắc tới những khoảng màu xanh mướt với những cây cảnh được tạo dáng với nhiều thế đẹp mắt. Tất cả những loài cây và hoa tại đây đều được chăm sóc tỉ mỉ để cho ra đời những bông hoa to và đẹp nhất.\nNơi đây cũng là nơi pose hình yêu thích của du khách đến Đà lạt. Hoa ở đây còn được tạo hình rất đẹp mắt với những hình thù như lâu đài, cỗ xe ngựa hay những ấm trà khổng lồ bắt mắt. Đây là nơi thường xuyên được lựa chọn để tổ chức lễ hội festival hoa Đà Lạt cùng nhiều sự kiện lớn khác nên đã trở thành một địa danh nổi tiếng nhất của thành phố.\n', '', '', '', '22', '1', '05.jpg');
INSERT INTO `destinations` VALUES ('169', 'Hồ Xuân Hương', 'Hồ Xuân Hương Đà Lạt như điểm nhấn thơ mộng giữa khu trung tâm, làm tăng thêm vẻ yêu kiều, duyên dáng cho thành phố. Xung quanh hồ có rừng thông và thảm cỏ xanh mát, cùng những khóm hoa khoe sắc quanh năm.\n\nVới chu vi 5km, độ sâu 1.5m, rộng 38ha, hình trăng lưỡi liềm kéo dài gần 7km, đi qua nhiều địa danh hấp dẫn như vườn hoa trung tâm, công viên Yersin, Đồi Cù... nên nhiều người miêu tả hồ Xuân Hương Đà Lạt như trái tim của thành phố.\n\nVẻ đẹp nơi đây còn trở nên rất lãng mạn vào hai thời khắc. Sáng sớm, khi những tia nắng đầu tiên len qua vạt thông già, hình ảnh hồ Xuân Hương Đà Lạt bồng bồng như tấm thảm trắng bạc, phủ lớp sương mờ huyền ảo. Chiều xuống, hoàng hôn nhuộm tím không gian, mặt hồ biến thành tấm gươm khổng lồ, phản chiếu ánh mặt trời đỏ rực. Dễ hiểu vì sao thi sỹ Hàn Mặc Tử đã cảm cảnh sinh thơ về hồ Xuân Hương Đà Lạt : “Ai hãy lặng thinh chớ nói nhiều/ Để nghe dưới nước đáy hồ reo/ Để nghe tơ liễu run trong gió/ Và để nghe trời giải nghĩa yêu”.\n\nVới khách đến du lịch Đà Lạt, thì ngoạn cảnh Hồ Xuân Hương dường như không thể thiếu. Du khách thường tản bộ quanh hồ, rồi dừng chân bên nhà Thủy Tạ, tham quan một nét kiến \ntrúc khác biệt đã gắn bó với hồ Xuân Hương Đà Lạt từ thuở hình thành. Một ngôi nhà màu trắng tinh tươm với lan can rộng, nổi bật trên mặt hồ xanh biếc như dáng một chiếc du thuyền sang trọng. Đây còn là quán cafe xinh xắn, không gian riêng tư, thêm chút nhạc du dương, rất thích hợp để vừa ngắm cảnh Hồ Xuân Hương vừa nhâm nhi hương vị đậm đà của cafe Tây Nguyên.\n\nMuốn thêm phần thú vị, bạn có thể tham gia đạp thuyền thiên nga, lướt nhẹ trên mặt hồ và ngắm Đà Lạt từ góc nhìn rất khác. Hay thử một chuyến dạo chơi bằng xe ngựa, nghe tiếng lốc cốc và hoài niệm về chút cổ xưa. Tối đến, thì thuê xe đạp đôi, chầm chậm dạo quanh hồ Xuân Hương Đà Lạt về đêm dưới ánh đèn tình tứ, dừng chân thưởng thức các món ăn vặt dân dã như chiếc bánh tráng nướng cùng ly sữa đậu nành nóng giữa tiết trời se lạnh...\n\nNgoài ra, độ từ Noel đến Tết ta, hoa Mai Anh Đào sẽ nở rực ven hồ rất đẹp. Hồ Xuân Hương Đà Lạt còn là nơi tổ chức nhiều sự kiện văn hóa du lịch của thành phố và tỉnh Lâm Đồng. Đặc biệt, “vòng đua quanh hồ Xuân Hương” đã trở thành vòng đua chính thức trong lịch trình cuộc đua xe đạp toàn quốc, và được truyền hình trực tiếp. Các nhà hàng, khách sạn gần hồ Xuân Hương Đà Lạt cũng được nhiều du khách lựa chọn bởi không gian hữu tình nơi đây.', '', '', '', '22', '1', 'bnk2.jpg');
INSERT INTO `destinations` VALUES ('170', 'Nhà thờ chính tòa Đà Lạt(nhà thờ con Gà)', 'Cùng với bác sỹ Alexandre Yersin khám phá ra Đà Lạt, có linh mục Robert thuộc Hội Linh mục Thừa sai Paris (MEP) vào năm 1893. Đến 1917, linh mục quản lý của MEP tại Viễn Đông là cha Nicolas Couveur đã đến Đà Lạt với mục đích tìm nơi nghỉ dưỡng cho các giáo sĩ và đã cho xây dựng một dưỡng viện giáo đồ nay là một phần của nhà xứ. Vào cuối tháng 4/1920, Giám mục Quinton (Giám quản Tổng tại Sài Gòn) ban quyết định thành lập Giáo phận Đà Lạt.\nNhà thờ chính tòa Đà Lạt hiện nay được chính thức khởi công vào 9 giờ sáng chủ nhật ngày 19/7/1931 do giám mục Coloban Dreyer (khâm sứ Tòa Thánh tại Đông Dương và Thái Lan) đặt viên đá đầu tiên. Được xây dựng theo đồ án của linh mục Cesleste Nicolas, cha sở lúc bấy giờ thiết kế theo “kiểu mẫu” của các nhà thờ Công giáo Rooma ở Châu Âu, tiêu biểu cho trường phái kiến trúc Roman. Công trình được xây dựng trong suốt 11 năm.\nMặt bằng nhà thờ theo hình chữ thập (giống thánh giá) có chiều dai 65m, rộng 14m, tháp chuông cao 47m. Với độ cao đó, từ tháp chuông của nhà thờ có thể nhìn thấy mọi nơi của thành phố. Cửa chính của nhà thờ hướng về núi Langbiang.\n\nNội thất thánh đường gồm 3 gian: 1 gian lớn ở giữa và 2 gian nhỏ ở hai bên. Mặt cắt công trình thể hiện rõ hệ cuốn theo dạng cung nguyên với dãy cuốn và hệ vòm nôi. Các cột trong nội thất có hệ đầu cột mô phỏng dạng cổ điển kết hợp với tụ phát. Cả mặt bằng và mặt đứng đều được thiết kế đối xứng nghiêm ngặt theo lối cổ điển.\n\nMặt đứng với phần tháp chuông vươn cao. Những đường nét, chi tiết trên mặt đứng hoàn toàn phỏng theo nguyên gốc của các kiểu mẫu Châu Âu. Cửa sổ có vòm cung tròn, các đường nét mạnh mẽ, dứt khoát, tổ chức theo phân vị đứng, mái lợp ngói thạch bản, đặc biệt là tỷ lệ giữa các mảng khối rất hài hòa và chặt chẽ. Phần áp mái trang trí bằng 70 tấm hính màu do xưởng Louis Balmet ở Grenoble (Pháp) chế tạo, làm cho khung cảnh thánh đường thêm phần huyền ảo. Tường chịu lực xây dựng bằng gạch đá dày khoảng 30 – 40 cm. Trên tường trong nội thất được gắn các bức phù điêu với kích thước 1m x 0.8m, làm bằng vật liệu xi măng và sắt (do nhà điêu khắc Xuân Thi thể hiện). Riêng phần tường ngoài luôn được quyets sơn màu hồng, càng tôn thêm sự trang nghiêm của một công trình kiến trúc tôn giáo.\nTrên thánh giá có tượng một con gà (cách mặt đất 27m) bằng hợp kim nhẹ rỗng bên trong được tráng phủ một lớp hóa chất đặc biệt đồng dài 0.66m, cao 0.58m quay quanh một trục bạc đạn để chỉ hướng gió.\nVào dịp lễ Giáng sinh hàng năm, nơi đây thu hút rất nhiều người cả trong và ngoài đạo đến dự lễ tham quan.', '', '', '', '22', '1', 'banner.jpg');
INSERT INTO `destinations` VALUES ('171', 'Nhà thờ Domaine de Marie/ Lãnh địa Đức Bà', 'được xây dựng từ năm 1940 đến năm 1944 do phu nhân toàn quyền Đông Dương Jean Decoux đứng ra quyên góp của nhiều giáo dân.\nNhà thờ Domaine de Marie, hay Lãnh địa Đức Bà, hay còn gọi là Nhà thờ Mai Anh (vì nằm trên ngọn đồi có nhiều hoa anh đào - đồi Mai Anh) là một cụm kiến trúc bao gồm nhà nguyện và hai dãy nhà của tu viện nữ tử Bác Ái Thánh Vinh Sơn (Filles de la charité de saint Vincent de Paule) - một tu hội nữ tu có mặt tại Việt Nam từ năm 1928.\nNhà thờ được thiết kế xây dựng theo phong cách Châu Âu thế kỉ XVII, lối kiến trúc độc đáo hơn bất cứ nhà thờ nào khác ở Đà Lạt bởi được xây dựng bằng một chất kết dính là vôi, mật mía, tường xây bằng đá chẻ tới ngang bệ cửa sổ và một số vật phụ gia khác.\nNét đặc sắc của nhà thờ Domain de Marie là không có tháp chuông, và hệ thống chiếu sáng của nhà thờ được làm bằng những khung kính màu. Ngoài ra du khách còn có thể nhìn thấy một pho tượng Đức Mẹ ban ơn cao 3m, nặng 1 tấn đứng trên quả địa cầu, được khắc hoạ theo hình người phụ nữ Việt Nam, do kiến trúc sư người Pháp Jonchere thiết kế. Mà pho tượng chính là quà tặng của phu nhân Toàn quyền Pháp Decoux dâng tặng. Đến tham quan vùng đất lãnh địa  của Đức Bà Đà Lạt du khách còn nhìn thấy được sự gắng bó máu thịt giữa phu nhân Decoux và nơi đây, bởi thế nên phía sau lưng nhà thờ chính là nơi yên nghĩ của phu nhân.\nVào khuôn viên nhà thờ bạn có thể thấy rất nhiều loại hoa đà lạt, đặc biệt là hoa Hải Tiên. Phía sau nhà thờ là một quần thể kiến trúc được thiết kế theo kiểu mới, càng làm tăng thêm vẽ uy nghi và trang nghiêm cho nhà thờ. Vì chỉ dùng duy nhất một màu vôi hồng đậm để quét tường, nên dưới ánh nắng nhà thờ như sáng rực lộng lẫy hẳn lên.', '', '', '', '22', '1', 'aboutus-dl.jpg');
INSERT INTO `destinations` VALUES ('172', 'Núi Lang Biang', 'Sau quãng đường uốn lượn qua các vườn\n rau xanh tốt, những đồi thông vi vu gió hát, bạn sẽ đến với Langbiang bạt ngàn mây. Cảm giác đầu tiên của bạn sẽ là có chút choáng ngợp trước không gian bao la của đất trời. Trong những ngày nắng đẹp, giữa đỉnh núi cao, bạn sẽ thấy bầu trời xanh vời vợi, những đám mây điểm xanh - trắng lững lờ trôi, thời gian dường như lắng đọng. Dưới bầu trời trong xanh, những bông hoa đủ màu sắc khoe mình càng trở nên rực rỡ hơn, khiến cho cả không gian trở nên tươi đẹp, lãng mạn.\nVào buổi sáng, những tia nắng xuyên qua từng đám mây chiếu xuống cỏ cây hoa lá và dòng suối Vàng dưới chân núi. Có khi mây chỉ là một cụm đứng yên, có khi bay sát đỉnh núi uốn lượn len lỏi trong không chung. Mây, núi, tia nắng… tất cả tạo nên một không gian hư ảo huyền hoặc làm say đắm bước chân lữ khách. Ai cũng cố gắng chụp thật nhiều ảnh để lưu giữ khoảnh khắc tuyệt vời ấy.\nVào những ngày trời hơi mù, các đám mây sà xuống sát mặt đất, có cảm giác như đưa tay ra có thể chạm vào và nắm được mây. Lúc này, trên đỉnh Langbiang, mây như những người bạn thân tình vờn quanh du khách. Xung quanh là một màu bàng bạc của mây, tầm nhìn của bạn có thể bị hạn chế. Tuy nhiên điều đó không khiến bạn quá phiền lòng, vì giữa không gian của mây mù mọi thứ trở nên hư hảo, bí ẩn và khiến bạn như chìm vào cõi tiên.', '', '', '', '22', '1', '05.jpg');
INSERT INTO `destinations` VALUES ('173', 'Làng Cù Lần', ' rộng hơn 20 ha. Nơi đây có một con suối chảy quanh, là nguồn nước chính cho ngôi làng người K’ho sinh sống.\nĐường vào làng nhìn từ camera bay. Từ \ntrung tâm thành phố Đà Lạt tới đây khoảng 20 km. Đây là một phần của con đường Đông Trường Sơn nối liền TP Đà Lạt và tỉnh Đak Lak.\nLàng Cù Lần là khu du lịch sinh thái văn hóa đầu tiên và có tính hoạch định cụ thể rõ ràng nhất ở vùng đất Lạc Dương kể từ khi ra chủ trương mời gọi đầu tư, một kiểu kiến tạo thân quen nhưng hài hòa, lạ lẫm trong nhiều góc độ.\nCác mẫu hoa văn đặc trưng của cộng đồng dân tộc thiểu số Tây Nguyên cũng xuất hiện tại đây khá nhiều.\nDu khách được trải qua cảm giác mạnh khi băng qua những quãng địa hình bất ngờ của núi đồi, suối nước, các cánh rừng được chăm chút, tái sinh màu xanh và sức sống mới.\nNgôi làng nhỏ xinh này được cho là lấy tên từ một loài cây cù lần mọc xen kẽ ở núi rừng, đồng thời từ loài động vật cù lần quý hiếm nằm trong Sách Đỏ.\nCũng có ý kiến cho rằng, xưa kia có một chàng trai ở đồng bằng lên núi, vào rừng với ước mơ nhặt đá xây dựng một thiên đường giữa rừng để tặng cho người mình yêu.\nVới ước mơ và cách làm khác người khờ dại ấy đã khiến người đời gọi anh ta là \"thằng Cù Lần\".\nChoáng ngợp với vẻ đẹp lộng lẫy của thiên nhiên núi rừng hoang dã, cảm động trước tình yêu chân thành của anh, cô gái đã ở lại cùng Cù Lần xây tổ uyên ương, lập làng sương khói bên bờ suối vắng, giữa những đồi xanh, rừng hoa dại. Từ đó người đời đặt tên làng là Cù Lần.\nTại đây, khách du lịch có thể tham gia các hoạt động ngoài trời, hòa mình với thiên nhiên như thả diều, bắt cá, leo núi, chèo bè...', '', '', '', '22', '1', '05.jpg');
INSERT INTO `destinations` VALUES ('174', 'Hồ Tuyền Lâm', 'Nó được tạo thành bởi dòng suối Tía hay còn có tên gọi khác là Da Trea, thượng nguồn của sông Đạ Tam. Cái tên Hồ Tuyền Lâm không biết đã có tự bao giờ và do người nào đặt. Có lẽ, nó được xuất phát từ khung cảnh thiên nhiên hết sức hùng vĩ của suối và rừng hòa quyện gắn bó chặt với nhau đầy thơ mộng. Tuyền là suối còn Lâm là rừng. Tuyền Lâm nghĩa là nơi sông suối, núi rừng giao hòa với nhau. Theo thuyết ngũ hành, Tuyền Lâm còn là nơi vạn vật bắt đầu sự sống, sinh sôi nảy nở vì thủy sinh mộc.\n\nHồ Tuyền Lâm rộng hơn 360 ha, đây là địa điểm thích hợp cho những hoạt động thể thao, tham quan, dã ngoại như leo núi, câu cá, chèo thuyền. Được bắt đầu từ một thung lũng hoang vu ở độc cao 1000m so với mặt nước biển, khu du lịch Hồ Tuyền Lâm được cải tạo thành điểm đến lý thú tại Đà Lạt.\nĐộ sâu của hồ có nơi trên 30m. Nước hồ chảy qua đập tràn gồm 6 bậc và là nguồn cung cấp nước tưới cho những vùng đất dưới chân thác Prenn vào mùa khô. Mặt nước Hồ Tuyền Lâm luôn thấp thoáng nhấp nhô những bóng cây, hàng cây xanh thăm thẳm. Tương truyền trước đây, vua Bảo Đại đã từng dừng chân trong những chuyến đi săn và đặt tên cho một thác nước nhỏ là Thác Bảo Đại.\nĐến với khu du lịch Hồ Tuyền Lâm bạn sẽ có cơ hội vãn cảnh tại nhiều nơi với những thứ mới lạ, hấp dẫn. Khu du lịch Nam Qua có những nhà hàng, kiốt lợp tranh để phục vụ du khách nghỉ ngơi, ăn uống, trò chuyện trên suốt chặng đường khám phá Hồ Tuyền Lâm.\nKhu du lịch Đá Tiên – Núi Voi là khu du lịch dã ngoại liên hợp. Du khách có nhu cầu có thể câu cá, bơi thuyền, săn bắn, cưỡi voi, leo núi hoặc xem đốt lửa trại, nghỉ ngơi trong nhà sàn, xem trình diễn văn hóa của đồng bào các dân tộc địa phương. Bạn có thể tìm hiểu văn hóa thông qua trò chuyện, nghe kể sự tích, sử thi Tây Nguyên từ những già làng.\n\nThăm thú vui chơi tại Hồ Tuyền Lâm, các bạn sẽ được tới khu du lịch dã ngoại Đá Tiên gồm một dãy nhà sàn dài nhỏ mái lợp tranh với nhiều tảng đá lớn, trong đó có một tảng đá nổi bật mang dánh hình tiên ông. Từ bến thuyền gần đập hồ Tuyền Lâm để đến được Đá Tiên mất khoảng 15 phút, những điểm du lịch tại cuối hồ mất khoảng 25 phút.\nBạn có hình dung được sự thay đổi thú vị của không gian, khung cảnh nơi đây không. Mùa khô thường kéo dài 6 tháng, không có mưa nhưng lòng hồ vẫn đầy ăm ắp nước. Quanh năm, nước trong xanh một màu rất hiếm khi có sóng lớn. Rừng thông bạt ngàn bao la phủ kín những ngọn núi, quả đồi, trải dài ngút mắt tươi xanh. Tất cả chúng, tạo nên bức tranh thiên nhiên kì thú, ảo diệu, thanh bình cho bất cứ ai đến thăm. thành phố du lịch Đà Lạt thật thơ mộng.', '', '', '', '22', '1', 'bnk.jpg');
INSERT INTO `destinations` VALUES ('175', 'Thác Datanla', 'Thác Datanla nằm tựa mình trên đèo Prenn – một trong những cung đèo thơ mộng nhất Đà Lạt, quốc lộ 20, cách trung tâm thành phố khoảng 10 km về phía Nam. Nằm ở nơi thượng nguồn có độ cao hơn 20 mét nên dòng thác luôn chảy ổn định, lúc nhẹ nhàng, lúc dữ dội luồn qua các ghềnh đá tung bọt trắng xóa.\nĐến đây, du khách không chỉ tham quan ngắm thác rũ xuống mà còn có thể tham gia các hoạt động mạo hiểm, trò cảm giác mạnh như đu dây, trượt thác… thách thức bất kỳ ai.\nĐi cầu thang bộ ngắm cảnh\n\nCầu thang bộ được thiết kế khá dốc và thoải xuống về phía thác, với 200 bậc thang, chiều dài khoảng 1 km và thời gian đi thang bộ xuống thác khoảng 30 phút. Vì vậy, đây không phải là lựa chọn của du khách nhưng nếu ai thích tản bộ ngắm cảnh núi rừng dưới chân đèo Prenn thì không còn gì bằng.\n\nĐi máng trượt lơ lửng giữa không trung\n\nSử dụng máng trượt là lựa chọn của hầu hết du khách khi tới thác, máng trượt chạy uốn lượn quanh các ngọn cây, đồi núi với chiều dài khoảng 1km. Giá vé cho máng trượt là 40.000 đồng/người. Nếu bạn muốn thử, trước hết hãy đo lòng dũng cảm của bạn, bởi vì tốc độ trượt của máng khá nhanh từ 20 đến 40 km/h  tùy vào mức độ điều chỉnh chân phanh và thời gian xuống thác chỉ trong nháy mắt.\nNgồi cáp treo ngoạn cảnh dọc thác\n\nHệ thống cáp treo được lắp đặt khá cao và uốn lượn theo dòng chảy của thác. Vì vậy, đây là phương tiện lý tưởng nhất để bạn có thể ngoạn cảnh một cách rõ nét bức tranh thiên nhiên núi rừng, thác chảy, vẻ đẹp thơ mộng dọc theo dòng thác khiến bất kỳ ai cũng ngỡ ngàng tán thưởng. Giá vé 50.000 đồng/chiều.\n\nNgắm sự hùng vỹ của dòng thác\n\nĐứng trên các mỏm đá nhìn lên, dòng thác đổ xuống từ độ cao hơn 20 mét, chảy xuống luồn lách qua các tảng đá tung bọt trắng xóa, những tảng đá đầy màu sắc pha lẫn bọt nước tạo nên bức tranh màu nổi bật, ấn tượng nơi núi rừng. Du khách thích thú đứng ngắm dòng thác đổ xuống, chụp hình kỷ niệm hay vui đùa cùng với những mảng bọt nổi bồng bềnh dưới chân mình.\n\nTắm và đu dây vượt thác\n\nSau đoạn đường mệt mỏi để đến thác, bạn có thể rũ bỏ mọi thứ để hòa mình vào với dòng thác xanh mát, ngọt lịm, ngã mình nhìn ngắm đất trời, núi rừng, men theo bờ thác để tham quan, ngắm cảnh hay đơn giản nằm trên đá nghe tiếng chim hót…cảm giác như xua đi tất cả mệt nhọc, căng thẳng.\n\nĐu dây vượt thác\nNgay dưới chân thác có một vực sâu nằm hai bên vách đá với độ cao khoảng 40 mét. Thác nước đổ từ trên xuống ầm ầm ngang tai, hơi nước bốc lên mịt mù bao phủ các vách đá. Điều này càng làm cho du khách ưa mạo hiểm thấy hứng thú để du dây đặc biệt là người nước ngoài. Cảm giác thật tuyệt vời khi đứng giữa lưng chừng núi chiêm ngưỡng dòng thác trên không trung, các phiến đá hình thù lạ mắt ấn tượng.\n\nTrượt thác\nNằm giữa dòng chảy đổ xuống ầm ầm, va vào đầu, vào người tung bọt tứ phía khiến trò chơi này có phần mạo hiểm mặc dù du khách được trang bị mọi thứ. Nhưng nếu bạn muốn và đủ can đảm để thử trò này, sẽ mang lại cho bạn cảm giác sảng khoái, tự tin và đầy năng lượng.', '', '', '', '22', '1', 'bg.jpg');
INSERT INTO `destinations` VALUES ('176', 'Thác Voi chùa Linh Ẩn', 'Thác Voi là một trong những thác nước đẹp của Tây Nguyên hùng vĩ với chiều cao hơn 30m, rộng chừng 15m.\nCác già làng K\'ho cư trú lâu đời ở miền đất này kể rằng: Ngày xưa, vị tù trưởng của vùng núi Jơi Biêng có cô con gái rất đẹp. Mỗi khi sơn nữ cất giọng hát thì lá rừng thôi xào xạc, đàn chim ngừng tiếng hót để lắng nghe. Người yêu của nàng là con trai của tù trưởng làng bên. Chàng được nhiều người yêu mến, quý trọng không chỉ bởi vóc dáng vạm vỡ, khuôn mặt khôi ngô mà còn vì sự gan góc, dũng cảm ít ai sánh kịp. Họ đã trao lời hẹn ước nên duyên chồng vợ song chàng trai phải lên đường giết giặc và rồi nhiều mùa trăng trôi qua mà chẳng thấy quay về. Cô gái đau khổ tìm đến ngọn núi hoang vắng mà trước kia họ từng hò hẹn, cất tiếng hát tha thiết, sầu thảm với hy vọng người trong mộng tìm về chốn xưa. Tiếng hát khiến loài chim B\'ling  xúc động. Chúng rủ nhau bay đi thật xa để dò la tin tức rồi về báo cho nàng biết là chàng trai đã hy sinh ngoài chiến trường. Thế nhưng, sơn nữ vẫn không chịu chấp nhận sự thật phũ phàng đó. Nàng cứ hát, hát mãi cho đến khi kiệt sức, ngã quỵ và không bao giờ gượng dậy được nữa. Đàn voi phủ phục nghe nàng hát bấy lâu nay cũng hóa đá lặng câm. Bỗng có tiếng nổ lớn, trời đất rung chuyển khiến ngọn núi gãy ngang và một dòng thác đột ngột tuôn chảy, tung bọt trắng xóa. Tiếng thác nước rì rầm hòa cùng tiếng xào xạc của rừng cây, tiếng líu lo chim hót như tiếp nối lời ca, tiếng đàn của sơn nữ xinh đẹp, thủy chung. Người K\'ho bèn đặt tên cho thác là Liêng Rơwoa Jơi Biêng - thác của những con voi phủ phục hóa đá trước tình yêu nồng nàn, son sắt.\nSẽ thật đáng tiếc khi đến Đà Lạt - Lâm Đồng mà không tới Liêng Rơwoa (thác Voi) kỳ bí, thơ mộng. Thác nước gắn liền với sự tích về mối tình thủy chung, bi tráng này đã được công nhận là di tích thắng cảnh quốc gia. Dòng nước trong veo tuôn chảy qua sườn núi đá hoa cương trông thật ngoạn mục, nhất là khi ánh nắng rực rỡ chiếu rọi xuống thác làm bừng lên cầu vồng bảy sắc. Muốn xuống chân thác, du khách phải \"chinh phục\" 145 bậc tam cấp vòng vèo: khi là những bậc đá thiên tạo \"ăn\" vào vách núi cheo leo, lúc là các tấm ván của chiếc cầu gỗ xinh xinh chênh vênh bên bờ vực thẳm. Ngút tầm mắt là rừng đại ngàn với những cây cổ thụ hàng trăm năm tuổi, thân và cành chằng chịt dây leo. Giữa mênh mang, lớp lớp cây rừng mầu xanh ngắt hoặc điểm xuyết những chòm lá đỏ rực như lửa, những thảm hoa màu vàng tươi hoặc tím biếc đẹp đến lạ lùng. Dưới chân thác và trong cánh rừng già xuất hiện một số tảng đá lớn có hình thù hệt như những con voi. Thế nên, tiếng thác đổ ầm ào khiến người thưởng ngoạn tưởng như có một đàn voi chạy đua hoặc tung vòi phun nước đùa nghịch với nhau. Phía sau dòng thác trắng xóa đang tung bụi nước mù mịt là những hang động sâu hun hút đầy bí ẩn. Đó là hang Dơi ăn sâu xuống lòng đất đến 50m với những vách đá có các hình thù, mầu sắc rất lạ mắt. Rễ cây và dây leo đan xen chằng chịt, càng xuống sâu, hang càng tối nhờ nhờ và lạnh lẽo như động của phù thủy. Đó là hang Gió với lối vào rất hẹp nhưng bên trong khá rộng, vi vút tiếng sáo gió trời.', '', '', '', '22', '1', 'bnk2.jpg');
INSERT INTO `destinations` VALUES ('177', 'Chợ Đà Lạt và Chợ Âm Phủ', 'Chợ Đà Lạt là một trong những ngôi chợ lầu đầu tiên ở Việt Nam, từ lâu đã là trung tâm mua bán sầm uất nhất của thành phố ngàn hoa, và dần trở thành điểm thu hút khách du lịch đến tham quan, mua sắm sản vật địa phương.\nChợ Đà Lạt bán gì, nơi đây có quy mô hàng nghìn gian hàng bày bán đa dạng chủng loại hàng hóa, phong phú về số lượng, và có giá cả tương đối ổn định. Trong đó, phải kể đến các mặt hàng đặc sản Đà Lạt hấp dẫn như:\n- Mứt Đà Lạt rất ngon : mứt mận, mứt khoai, mứt hồng…\n- Trà Đà Lạt còn gọi là trà Atiso : được đóng gói túi bịch hoặc được xấy khô, tác dụng dịu mát cho cơ thể.\n- Dâu tây Đà Lạt : từ dâu tươi chua chua, ngọt ngọt và chứa nhiều vitamin, cho đến Mật Dâu thêm đá vào uống rất ngon.\n- Rượu vang Đà Lạt : đặc biệt là rượu Nho hoặc rượu Mận, đã có thương hiệu trên thị trường.\nVà các mặt hàng điển hình khác tại chợ Đà Lạt như :\n\n- Hàng Len : có rất nhiều dạng và mẫu mã như áo len, vớ, tất, ủng, bao tay và các loại nón len...\n- Hoa tươi : đủ chủng loại cho bạn thỏa thích lựa chọn.\n- Rau củ tươi : bắp cải, súp lơ, su hào, bông atisô, tầng ô, bó xôi...\n- Trái cây cũng nhiều vô kể và chất lượng như : bơ, hồng, đào, mận, dâu tằm và chuối LaBa...\nĐịa chỉ chợ Đà Lạt nằm ở đâu : cổng vào tại số 4 đường Nguyễn Thị Minh Khai, ngay trung tâm TP Đà Lạt.\n- Chợ mở cửa từ sáng sớm và giãn dần từ 6 giờ chiều hàng ngày, riêng khu hàng đặc sản trong chợ Đà Lạt về đêm có thể mở đến 9, 10 giờ tối (tùy theo mùa, như mùa du lịch hè và tết thường bán khuya hơn).\nKhi trời vừa chập tối, thì khu vực phía trước cổng chợ Đà Lạt nhanh chóng thay đổi diện mạo, nhường chỗ lại cho chợ đêm Đà Lạt (còn được gọi là chợ Âm Phủ Đà Lạt), đến tầm 7 giờ tối là đã bắt đầu tấp nập người dân và du khách.\n- Sở dĩ có tên là chợ Âm Phủ, bởi cách gọi từ xưa khi người dân Đà lạt họp chợ lúc 2-3 giờ sáng dưới ánh đèn dầu leo lét, ẩn hiện trong màn sương mờ ảo tạo nên cảm giác lạnh lẽo, ma quái. Còn đi chợ Đêm Đà Lạt ngày nay thì đèn điện sáng trưng, lại sôi động hơn nhiều, và là nơi lý tưởng để khách du lịch tận hưởng thú vui ẩm thực.\nChợ đêm Đà Lạt bán gì, cũng đầy đủ các mặt hàng từ quần áo, vải vóc, quà lưu niệm, mỹ nghệ... cho đến nhộn nhịp nhất là khu hàng ăn với rất nhiều món ngon dân dã, đặc biệt là các món ăn vặt. Giữa không gian se lạnh của Đà Lạt, những làn khói tỏa hương nghi ngút từ các hàng ăn như mời gọi du khách dừng chân thưởng thức.\n- Bánh canh, hủ tíu, bún riêu... nóng hổi. Các món đồ nướng dậy mùi thơm phức. Hay bánh tráng nướng giòn rụm, bánh ống bảy màu thơm ngọt... nhâm nhi với ly sữa đậu nành nguyên chất. Cùng các món bắp luộc, khoai lang nướng, mía nướng... vừa ăn vừa thả bước dạo quanh, hay chọn một góc đẹp ngắm nhìn cuộc sống về đêm.\nKhám phá chợ đêm Đà Lạt có gì hấp dẫn nữa, đó là khoảnh khắc trải nghiệm nghệ thuật đường phố với ký họa chân dung do các họa sỹ trẻ khéo léo vẽ nên. Du khách chỉ cần ngồi làm mẫu trong thời gian từ 10 - 15 phút, là đã có một bức chân dung đẹp mắt trên khổ giấy A3 hoặc trên bề mặt của tấm gỗ oval lát mỏng, phun bóng...\nĐịa chỉ chợ đêm Đà Lạt nằm ở đâu : ngay trước cổng chợ Đà Lạt, tỏa ra xung quanh.\n- Chợ đêm Đà Lạt mở đến mấy giờ : kéo dài cho đến tận 2 - 3 giờ sáng mới thưa dần.', '', '', '', '22', '1', 'banner.jpg');

-- ----------------------------
-- Table structure for dishes
-- ----------------------------
DROP TABLE IF EXISTS `dishes`;
CREATE TABLE `dishes` (
  `dish_id` int(11) NOT NULL AUTO_INCREMENT,
  `dish_ten` varchar(255) CHARACTER SET utf8 DEFAULT NULL,
  `dish_hinhanh` varchar(255) DEFAULT NULL,
  `dish_trangthai` tinyint(1) NOT NULL,
  PRIMARY KEY (`dish_id`)
) ENGINE=InnoDB AUTO_INCREMENT=79 DEFAULT CHARSET=latin1;

-- ----------------------------
-- Records of dishes
-- ----------------------------
INSERT INTO `dishes` VALUES ('1', 'Gà chiên nước mắm', '', '1');
INSERT INTO `dishes` VALUES ('2', 'Chuột chiên sả', '', '1');
INSERT INTO `dishes` VALUES ('3', 'Đuông dừa', '', '1');
INSERT INTO `dishes` VALUES ('4', 'Cá bông lau kho tộ', '', '1');
INSERT INTO `dishes` VALUES ('5', 'Ếch đồng', '', '1');
INSERT INTO `dishes` VALUES ('6', 'Hải sản', '', '1');
INSERT INTO `dishes` VALUES ('7', 'Lẩu dê', '', '1');
INSERT INTO `dishes` VALUES ('8', 'Đồ nướng', '', '1');
INSERT INTO `dishes` VALUES ('9', 'Lẩu lươn nấu cơm mẻ', '', '1');
INSERT INTO `dishes` VALUES ('10', 'Tôm càng hấp tỏi', '', '1');
INSERT INTO `dishes` VALUES ('11', 'Cá tai tượng chiên xù', '', '1');
INSERT INTO `dishes` VALUES ('12', 'Tôm hấp nước dừa', '', '1');
INSERT INTO `dishes` VALUES ('13', 'Cơm nấu trái dừa', '', '1');
INSERT INTO `dishes` VALUES ('14', 'Bánh xèo', '', '1');
INSERT INTO `dishes` VALUES ('15', 'Bò Tơ', '', '1');
INSERT INTO `dishes` VALUES ('16', 'Bánh canh Trảng Bàng', '', '1');
INSERT INTO `dishes` VALUES ('17', 'Heo rừng nướng Tây Bắc', '', '1');
INSERT INTO `dishes` VALUES ('18', 'Đặc sản miền Tây', '', '1');
INSERT INTO `dishes` VALUES ('19', 'Dế chiên bột', '', '1');
INSERT INTO `dishes` VALUES ('20', 'Chuột đồng nướng', '', '1');
INSERT INTO `dishes` VALUES ('21', 'Phở', '', '1');
INSERT INTO `dishes` VALUES ('22', 'Nem', '', '1');
INSERT INTO `dishes` VALUES ('23', 'Lợn sữa', '', '1');
INSERT INTO `dishes` VALUES ('24', 'Gà quay', '', '1');
INSERT INTO `dishes` VALUES ('25', 'Lợn cắp nách', '', '1');
INSERT INTO `dishes` VALUES ('26', 'Thịt Nai', '', '1');
INSERT INTO `dishes` VALUES ('27', 'Thịt Nhím', '', '1');
INSERT INTO `dishes` VALUES ('28', 'Cá Hồi', '', '1');
INSERT INTO `dishes` VALUES ('29', 'Thịt Sơn Dương', '', '1');
INSERT INTO `dishes` VALUES ('30', 'Thắng Cố', '', '1');
INSERT INTO `dishes` VALUES ('31', 'Cơm Lam', '', '1');
INSERT INTO `dishes` VALUES ('32', 'Cá Sông', '', '1');
INSERT INTO `dishes` VALUES ('33', 'Rau rừng', '', '1');
INSERT INTO `dishes` VALUES ('34', 'Thịt trâu gác bếp', '', '1');
INSERT INTO `dishes` VALUES ('35', 'Thịt gà', '', '1');
INSERT INTO `dishes` VALUES ('36', 'Đặc sản Sa Pa', '', '1');
INSERT INTO `dishes` VALUES ('37', 'Món Nhật', '', '1');
INSERT INTO `dishes` VALUES ('38', 'Buffet', '', '1');
INSERT INTO `dishes` VALUES ('39', 'Ghẹ ram me', '', '1');
INSERT INTO `dishes` VALUES ('40', 'Hàu nướng phô mai', '', '1');
INSERT INTO `dishes` VALUES ('41', 'Cá lồi xối mỡ', '', '1');
INSERT INTO `dishes` VALUES ('42', 'Thịt cá sấu', '', '1');
INSERT INTO `dishes` VALUES ('43', 'Sushi', '', '1');
INSERT INTO `dishes` VALUES ('44', 'Ẩm thực cung đình Huế', '', '1');
INSERT INTO `dishes` VALUES ('45', 'Cháo ếch', '', '1');
INSERT INTO `dishes` VALUES ('46', 'Xôi ếch', '', '1');
INSERT INTO `dishes` VALUES ('47', 'Món ăn đặc trưng Huế', '', '1');
INSERT INTO `dishes` VALUES ('48', 'Bún thịt nướng', '', '1');
INSERT INTO `dishes` VALUES ('49', 'Bánh khoái', '', '1');
INSERT INTO `dishes` VALUES ('50', 'Bún bò Huế', '', '1');
INSERT INTO `dishes` VALUES ('51', 'Nem lụi', '', '1');
INSERT INTO `dishes` VALUES ('52', 'Bánh bèo', '', '1');
INSERT INTO `dishes` VALUES ('53', 'Bánh nậm', '', '1');
INSERT INTO `dishes` VALUES ('54', 'Bánh bột lọc', '', '1');
INSERT INTO `dishes` VALUES ('55', 'Cơm niêu', '', '1');
INSERT INTO `dishes` VALUES ('56', 'Vả trộn tôm thịt', '', '1');
INSERT INTO `dishes` VALUES ('57', 'Mít luộc mắm nêm', '', '1');
INSERT INTO `dishes` VALUES ('58', 'Thịt heo kho ruốc sả', '', '1');
INSERT INTO `dishes` VALUES ('59', 'Món Ý', '', '1');
INSERT INTO `dishes` VALUES ('60', 'Món Á - Âu', '', '1');
INSERT INTO `dishes` VALUES ('61', 'Cá Suối', '', '1');
INSERT INTO `dishes` VALUES ('62', 'Lẩu cá hồi', '', '1');
INSERT INTO `dishes` VALUES ('63', 'Các loại bánh Huế', '', '1');
INSERT INTO `dishes` VALUES ('64', 'chuột nướng lu', '', '1');
INSERT INTO `dishes` VALUES ('65', 'Bánh khọt', '', '1');
INSERT INTO `dishes` VALUES ('66', 'Vịt quay bánh bao chiên', '', '1');
INSERT INTO `dishes` VALUES ('67', 'Lẩu Mekong', '', '1');
INSERT INTO `dishes` VALUES ('68', 'ốc bươu hấp tiêu', '', '1');
INSERT INTO `dishes` VALUES ('69', ' lẩu ngũ quả Hoàng Cung ', '', '1');
INSERT INTO `dishes` VALUES ('70', 'Heo sữa quay', '', '1');
INSERT INTO `dishes` VALUES ('71', 'Mực xào sa tế', '', '1');
INSERT INTO `dishes` VALUES ('72', 'hamburger', '', '1');
INSERT INTO `dishes` VALUES ('73', 'Hào sống', '', '1');
INSERT INTO `dishes` VALUES ('74', 'Chả giò hải sản', '', '1');
INSERT INTO `dishes` VALUES ('75', 'Thưng nướng mỡ hành', '', '1');
INSERT INTO `dishes` VALUES ('76', 'bánh canh hải sản', '', '1');
INSERT INTO `dishes` VALUES ('77', 'mực xào chua ngọt', '', '1');
INSERT INTO `dishes` VALUES ('78', 'Cơm niêu', '', '1');

-- ----------------------------
-- Table structure for evaluates
-- ----------------------------
DROP TABLE IF EXISTS `evaluates`;
CREATE TABLE `evaluates` (
  `evaluate_id` int(11) NOT NULL AUTO_INCREMENT,
  `score_id` int(11) DEFAULT NULL,
  `user_id` int(11) DEFAULT NULL,
  `hotel_id` int(11) DEFAULT NULL,
  `restaurant_id` int(11) DEFAULT NULL,
  PRIMARY KEY (`evaluate_id`),
  KEY `scorefk1` (`score_id`),
  KEY `userfk1` (`user_id`),
  KEY `hotelfk1` (`hotel_id`),
  KEY `restaurantfk1` (`restaurant_id`),
  CONSTRAINT `hotelfk1` FOREIGN KEY (`hotel_id`) REFERENCES `hotels` (`hotel_id`),
  CONSTRAINT `restaurantfk1` FOREIGN KEY (`restaurant_id`) REFERENCES `restaurants` (`restaurant_id`),
  CONSTRAINT `scorefk1` FOREIGN KEY (`score_id`) REFERENCES `scores` (`score_id`),
  CONSTRAINT `userfk1` FOREIGN KEY (`user_id`) REFERENCES `users` (`user_id`)
) ENGINE=InnoDB AUTO_INCREMENT=8 DEFAULT CHARSET=utf8;

-- ----------------------------
-- Records of evaluates
-- ----------------------------
INSERT INTO `evaluates` VALUES ('4', '1', '1', '5', null);
INSERT INTO `evaluates` VALUES ('5', '4', '3', '1', null);
INSERT INTO `evaluates` VALUES ('6', '3', '1', '1', null);
INSERT INTO `evaluates` VALUES ('7', '4', '1', null, '1');

-- ----------------------------
-- Table structure for facilities
-- ----------------------------
DROP TABLE IF EXISTS `facilities`;
CREATE TABLE `facilities` (
  `facility_id` int(11) NOT NULL AUTO_INCREMENT,
  `facility_ten` varchar(255) DEFAULT NULL,
  `facility_mota` text,
  `facility_trangthai` tinyint(1) DEFAULT NULL,
  PRIMARY KEY (`facility_id`)
) ENGINE=InnoDB DEFAULT CHARSET=utf8;

-- ----------------------------
-- Records of facilities
-- ----------------------------

-- ----------------------------
-- Table structure for festimes
-- ----------------------------
DROP TABLE IF EXISTS `festimes`;
CREATE TABLE `festimes` (
  `festime_id` int(11) NOT NULL,
  `month_id` int(11) DEFAULT NULL,
  `festival_id` int(11) DEFAULT NULL,
  PRIMARY KEY (`festime_id`),
  KEY `time_festival` (`festival_id`),
  KEY `time_month` (`month_id`),
  CONSTRAINT `time_festival` FOREIGN KEY (`festival_id`) REFERENCES `festivals` (`festival_id`),
  CONSTRAINT `time_month` FOREIGN KEY (`month_id`) REFERENCES `months` (`month_id`)
) ENGINE=InnoDB DEFAULT CHARSET=utf8;

-- ----------------------------
-- Records of festimes
-- ----------------------------
INSERT INTO `festimes` VALUES ('1', '5', '1');
INSERT INTO `festimes` VALUES ('2', '5', '2');
INSERT INTO `festimes` VALUES ('3', '18', '3');
INSERT INTO `festimes` VALUES ('4', '4', '4');
INSERT INTO `festimes` VALUES ('5', '15', '5');
INSERT INTO `festimes` VALUES ('6', '7', '6');
INSERT INTO `festimes` VALUES ('7', '17', '7');
INSERT INTO `festimes` VALUES ('8', '1', '8');
INSERT INTO `festimes` VALUES ('9', '13', '9');
INSERT INTO `festimes` VALUES ('10', '20', '10');
INSERT INTO `festimes` VALUES ('11', '18', '11');
INSERT INTO `festimes` VALUES ('12', '24', '12');
INSERT INTO `festimes` VALUES ('13', null, '13');
INSERT INTO `festimes` VALUES ('14', '1', '14');
INSERT INTO `festimes` VALUES ('15', '1', '15');
INSERT INTO `festimes` VALUES ('16', '13', '16');
INSERT INTO `festimes` VALUES ('17', '9', '17');
INSERT INTO `festimes` VALUES ('18', null, '18');
INSERT INTO `festimes` VALUES ('19', '21', '19');
INSERT INTO `festimes` VALUES ('20', '19', '20');
INSERT INTO `festimes` VALUES ('21', '18', '21');
INSERT INTO `festimes` VALUES ('22', '20', '22');
INSERT INTO `festimes` VALUES ('23', '13', '23');
INSERT INTO `festimes` VALUES ('24', '9', '24');
INSERT INTO `festimes` VALUES ('25', '10', '24');
INSERT INTO `festimes` VALUES ('26', '13', '25');
INSERT INTO `festimes` VALUES ('27', '3', '26');
INSERT INTO `festimes` VALUES ('28', '7', '26');
INSERT INTO `festimes` VALUES ('29', '9', '27');
INSERT INTO `festimes` VALUES ('30', '1', '28');
INSERT INTO `festimes` VALUES ('31', '1', '29');
INSERT INTO `festimes` VALUES ('32', '13', '30');
INSERT INTO `festimes` VALUES ('33', '1', '34');
INSERT INTO `festimes` VALUES ('34', '12', '34');
INSERT INTO `festimes` VALUES ('35', '1', '35');
INSERT INTO `festimes` VALUES ('36', '12', '35');
INSERT INTO `festimes` VALUES ('37', '3', '31');
INSERT INTO `festimes` VALUES ('38', '14', '31');
INSERT INTO `festimes` VALUES ('39', '3', '32');
INSERT INTO `festimes` VALUES ('40', '14', '32');
INSERT INTO `festimes` VALUES ('41', '3', '33');
INSERT INTO `festimes` VALUES ('42', '14', '33');
INSERT INTO `festimes` VALUES ('43', '11', '36');
INSERT INTO `festimes` VALUES ('44', '22', '36');
INSERT INTO `festimes` VALUES ('45', '13', '37');
INSERT INTO `festimes` VALUES ('46', '24', '37');
INSERT INTO `festimes` VALUES ('47', null, '38');
INSERT INTO `festimes` VALUES ('48', '20', '39');
INSERT INTO `festimes` VALUES ('49', '21', '40');
INSERT INTO `festimes` VALUES ('50', '20', '41');
INSERT INTO `festimes` VALUES ('51', '22', '42');
INSERT INTO `festimes` VALUES ('52', null, '43');
INSERT INTO `festimes` VALUES ('53', '14', '44');
INSERT INTO `festimes` VALUES ('54', '20', '45');
INSERT INTO `festimes` VALUES ('55', '14', '46');
INSERT INTO `festimes` VALUES ('56', '13', '47');
INSERT INTO `festimes` VALUES ('57', '15', '47');
INSERT INTO `festimes` VALUES ('58', '15', '48');
INSERT INTO `festimes` VALUES ('59', '13', '49');
INSERT INTO `festimes` VALUES ('60', '15', '50');
INSERT INTO `festimes` VALUES ('61', '13', '51');
INSERT INTO `festimes` VALUES ('62', '15', '51');
INSERT INTO `festimes` VALUES ('63', '18', '52');
INSERT INTO `festimes` VALUES ('64', '17', '53');
INSERT INTO `festimes` VALUES ('65', '18', '53');
INSERT INTO `festimes` VALUES ('66', '20', '54');
INSERT INTO `festimes` VALUES ('67', '13', '55');
INSERT INTO `festimes` VALUES ('68', '22', '56');
INSERT INTO `festimes` VALUES ('69', '18', '57');
INSERT INTO `festimes` VALUES ('70', '15', '58');
INSERT INTO `festimes` VALUES ('71', '17', '59');
INSERT INTO `festimes` VALUES ('72', null, '60');
INSERT INTO `festimes` VALUES ('73', '24', '61');
INSERT INTO `festimes` VALUES ('74', null, '62');

-- ----------------------------
-- Table structure for festivalimages
-- ----------------------------
DROP TABLE IF EXISTS `festivalimages`;
CREATE TABLE `festivalimages` (
  `festivalimage_id` int(11) NOT NULL AUTO_INCREMENT,
  `festivalimage_hinhanh` varchar(255) CHARACTER SET latin1 DEFAULT NULL,
  `festival_id` int(11) DEFAULT NULL,
  PRIMARY KEY (`festivalimage_id`),
  KEY `image_festival` (`festival_id`),
  CONSTRAINT `image_festival` FOREIGN KEY (`festival_id`) REFERENCES `festivals` (`festival_id`)
) ENGINE=InnoDB DEFAULT CHARSET=utf8;

-- ----------------------------
-- Records of festivalimages
-- ----------------------------

-- ----------------------------
-- Table structure for festivals
-- ----------------------------
DROP TABLE IF EXISTS `festivals`;
CREATE TABLE `festivals` (
  `festival_id` int(11) NOT NULL AUTO_INCREMENT,
  `festival_ten` varchar(255) DEFAULT NULL,
  `festival_mota` text,
  `festival_thoigian` text,
  `place_id` int(11) DEFAULT NULL,
  `festival_trangthai` tinyint(1) DEFAULT NULL,
  PRIMARY KEY (`festival_id`),
  KEY `festival_place` (`place_id`) USING BTREE,
  CONSTRAINT `festival_place` FOREIGN KEY (`place_id`) REFERENCES `places` (`place_id`)
) ENGINE=InnoDB AUTO_INCREMENT=63 DEFAULT CHARSET=utf8;

-- ----------------------------
-- Records of festivals
-- ----------------------------
INSERT INTO `festivals` VALUES ('1', 'Ngày hội cây trái ngon', 'Là lễ hội truyền thống nhằm giới thiệu các loại trái cây, cây giống ở địa phương chợ Lách tỉnh Bến Tre qua đó xây dựng mối liên kết giữa nhà nông, doanh nghiệp và nhà khoa học để phát triển nông nghiệp bền vững.', 'Tháng 5', '1', '1');
INSERT INTO `festivals` VALUES ('2', 'Lễ hội truyền thống văn hóa tỉnh', 'Là lẽ hội kỷ nhằm kỷ niệm ngày sinh của nhà thơ yêu nước Nguyễn Đình Chiểu, đồng thời kỷ niểm ngày truyền thống văn hóa tỉnh.', 'Tháng 5', '1', '1');
INSERT INTO `festivals` VALUES ('3', 'Lễ hội tế thần cá ông', 'Lễ hội nghinh Ông là lẽ hội văn hóa truyền thống mang tính cộng đồng của cư dân miền biển vừa mang ý nghĩa tâm lình vừa cầu mong một mùa đánh bắt thuận lợi, bình an nơi biển cả.', 'Tháng 6 âm lịch', '1', '1');
INSERT INTO `festivals` VALUES ('4', 'Lễ hội dừa', 'Là lễ hội đặc trưng của vùng đất xứ dừa, lễ hội được tổ chức hai năm một lần và thường gắn liền với ngày hội truyền thống Cách mạng.', 'Tháng 4', '1', '1');
INSERT INTO `festivals` VALUES ('5', 'Hội đình Phú Lễ', 'Phần lễ trong hội đình Phú Lễ gồm có rước sắc thần, tế lễ Thành hoàng, Tiền, hậu hền (người khai khẩn, khai cơ). Phần hội, đêm hội có hát bội và ca nhạc tài tử. Lễ hội cầu cho mưa thuận gió hòa, mùa màng tươi tốt.', 'Tháng 3 âm lịch', '1', '1');
INSERT INTO `festivals` VALUES ('6', 'Lễ hội Nguyễn Đình Chiểu', 'Đến với lễ hôi, du khách có cơ hội tham quan triển lãm ảnh về thành tựu kinh tế - xã hội của tỉnh Bến Tre và các tác phẩm thơ văn của Nguyễn Đình Chiểu cũng như tìm hiểu về thân thế và sự nghiệp văn chương của nhà thơ.', 'Tháng 7', '1', '1');
INSERT INTO `festivals` VALUES ('7', 'Lễ hội Núi Bà Đen', 'Lễ được tổ chức vào các ngày mùng 4,5,6 tháng 5 âm lịch. Vào lúc không giờ đêm mùng 3 rạng mùng 4, lễ tắm bà được tổ chức trang nghiêm tại đền thờ', 'Ngày 4, 5, và 6 tháng 5 âm lịch', '2', '1');
INSERT INTO `festivals` VALUES ('8', 'Hội xuân núi Bà', 'Sau tết nguyên đán, tiết xuân mát mẻ, du khách từ bốn phương kéo về núi Bà ở Tây Ninh mở hội xuân. Bắt đầu từ ngày mùng 4 tháng Giêng, núi Bà trở nên đông vui, tấp nập và kéo dài trong suốt tháng giêng.', 'Tháng giêng', '2', '1');
INSERT INTO `festivals` VALUES ('9', 'Lễ hội truyền thống Động Kim Quang', ' Lễ hội Động Kim Quang là dịp để tuổi trẻ Hòa Thành được ôn lại truyền thống Cách mạng, tưởng nhớ công lao của các liệt sĩ đã hy sinh vì sự nghiệp giải phóng dân tộc.', 'Ngày 14 tháng Giêng âm lịch', '2', '1');
INSERT INTO `festivals` VALUES ('10', 'Lễ hội của Đạo Cao Đài Tây Ninh', 'Lễ hội của Đạo Cao Đài không chỉ đơn thuần là dấu ấn của một tôn giáo, mà đó còn là dịp để các tín đồ trong đạo tập hợp lại, cùng nhau sinh hoạt, hướng đến điều thiện và tích góp công đức cho tương lai.', 'Tháng 8 âm lịch', '2', '1');
INSERT INTO `festivals` VALUES ('11', 'Lễ hội “Nào Cống”', 'Lễ hội nào cống là lễ hội của các đồng bào dân tộc thiểu số H\'Mông, Dao, Giáy. Xuất hiện từ thập kỷ 50 về trước, Tả Van có một ngôi miếu thờ 3 gian. Ngôi miếu dựng ở ngay đầu cầu treo sang làng Tả Van Giáy. Ngôi miếu trở thành địa điểm tổ chức lễ \"Nào Cốn', 'Tháng 6 âm lịch', '3', '1');
INSERT INTO `festivals` VALUES ('12', 'Lễ Tết nhảy', 'Lễ tết nhảy là lễ hội của đồng bào dân tộc Dao Quần Chẹt, nhằm hậu tạ tổ tiên và chuẩn bị làm lễ hứa đầu năm mới. ', 'Ngày 15/12 âm lịch', '3', '1');
INSERT INTO `festivals` VALUES ('13', 'Lễ hội “Nhặn Sồng” & “Nào Sồng”', 'Lễ hội “Nhặn Sồng” và “Nào Sồng” của người Dao đỏ là một lễ hội ý nghĩa với ước mong bảo vệ rừng, chống thả rông gia súc, quy ước còn đề cập đến các vấn đề phòng chống trộm cắp, bảo vệ mùa màng, tương trợ giúp đỡ lẫn nhau…', '', '3', '1');
INSERT INTO `festivals` VALUES ('14', 'Lễ hội Roóng Poọc của người Giáy', 'Tuy vốn là lễ hội dân tộc truyền thống của người Giáy ở Tả Van, nhưng nhiều năm nay đã lan rộng, trở thành lễ hội chung của cả vùng thung lũng Mường Hoa.', 'Tháng giêng', '3', '1');
INSERT INTO `festivals` VALUES ('15', 'Hội Gầu Tào của người Mông ở Sapa', 'Là hoạt động nhằm tôn vinh bảo tồn, phát huy bản sắc văn hóa dân tộc và giới thiệu với du khách những nét văn hoá truyền thống của dân tộc Mông San Sả Hồ.', 'Tháng giêng', '3', '1');
INSERT INTO `festivals` VALUES ('16', 'Lễ hội Xuống đồng Sapa', 'Lễ hội xuống đồng là lễ hội để kết thúc một tháng Tết vui chơi, lễ hội quy tụ những sắc thái văn hóa đặc trưng nhất của mỗi dân tộc ở mỗi vùng miền khác', 'Mùng 8 Tết', '3', '1');
INSERT INTO `festivals` VALUES ('17', 'Lễ hội Hoa chuối của người Xá Phó', 'Hội hoa chuối là nơi tụ họp vui chơi, cầu chúc, múa hát, thể hiện tinh thần đoàn kết, nhớ ơn tổ tiên, cùng phấn đấu vươn lên trong cuộc sống, lao động của người dân tộc Xa Phó.', 'Ngày 9 tháng 9', '3', '1');
INSERT INTO `festivals` VALUES ('18', 'Tết đón hồn lúa mới (Tết cơm mới)', 'Tết cơm mới là một nghi lễ rất quan trọng để cảm ơn tổ tiên, trời đất đã phù hộ cho gia đình, cộng đồng có vụ mùa bội thu. Khi các cánh đồng lúa đã ngả màu, chuẩn bị cho một mùa thu hoạch mới, các gia đình trong làng chọn lấy một ngày tốt, ngày đẹp để tổ ', '', '3', '1');
INSERT INTO `festivals` VALUES ('19', 'Dinh Thầy Thím', 'Là một trong số ít những lễ hội phía Nam được đưa vào từ điển Lễ hội Việt Nam, Lễ hội Dinh Thầy Thím với khung cảnh thiên nhiên hữu tình và nét đặc sắc của riêng mình, đã mỗi ngày thêm thu hút đông đảo du khách gần xa tới Phan Thiết.', 'Từ ngày 14 đến ngày 16 tháng 9 âm lịch', '4', '1');
INSERT INTO `festivals` VALUES ('20', 'Lễ hội Nghinh Ông', 'Lễ hội Nghinh Ông là lễ hội của đồng bào người Hoa tại phan thiet tưởng nhớ đến Quan Thanh Đế quân (Quan Công), mang ý nghĩa văn hóa dân gian, thể hiện mong ước sự bình an, hạnh phúc và cuộc sống ấm no cho cả cộng đồng.', 'Ngày 24 và 25 tháng 7 âm lịch', '4', '1');
INSERT INTO `festivals` VALUES ('21', 'Lễ hội Cầu ngư', 'Cầu Ngư là lễ hội dân gian gắn liền với tín ngưỡng và đời sống cư dân ven biển miền Trung. Ở Bình Thuận, lễ hội Cầu Ngư có ở hầu hết các dinh vạn thờ cá Ông (cá Voi) trong tỉnh.', 'Ngày 20 tháng 6 âm lịch', '4', '1');
INSERT INTO `festivals` VALUES ('22', 'Lễ hội Trung thu', 'Lễ hội Trung thu tại thành phố Phan Thiết đã được sắc kỷ lịch Guiness Việt Nam công nhận là lễ hội Trung thu lớn nhất trong nước thu hút đông đảo du khách và nhân dân địa phương cùng tham gia.', 'Ngày 14 tháng 8 âm lịch', '4', '1');
INSERT INTO `festivals` VALUES ('23', 'Lễ hội đua thuyền', 'Đây là một trong những hoạt động thể thao lâu đời, gắn bó với đời sống văn hóa tinh thần của người dân nơi đây mỗi dịp xuân về.', 'Mùng 2 Tết', '4', '1');
INSERT INTO `festivals` VALUES ('24', 'Lễ hội Katê', 'Đây là lễ tết để tưởng nhớ các anh hùng, thần linh, tổ tiên, các vị vua có công với nước, với dân đã được thần thánh hóa như: Pôklông Garai, Pôrômê. Lễ hội đồng thời với việc hành hương, là dịp viếng thăm, gặp gỡ các người thân...', 'Từ ngày 25 tháng 9 đến ngày 5 tháng 10', '4', '1');
INSERT INTO `festivals` VALUES ('25', 'Lễ hội Cầu yên', 'Là một trong những lễ hội truyền thống của người Chăm tại Phan Thiết , được tổ chức hằng năm tại các xóm làng, xóm vùng dân tộc Chăm Bà Ni.', 'Đầu tháng Giêng', '4', '1');
INSERT INTO `festivals` VALUES ('26', 'Lễ điện Hòn Chén', 'Nghi lễ tại Ðiện Hòn Chén rất long trọng. Dân làng tổ chức tế tại đình, trước ngày chánh tế có lễ nghinh thần để rước tất cả các vị thần trong làng về đình. Ðám rước Thiên Y A Na Thánh Mẫu từ Huệ Nam đến đình làng Hải Cát tổ chức trọng thể hơn cả.', 'Ngày 2 ngày 3 tháng 3 và tháng 7', '5', '1');
INSERT INTO `festivals` VALUES ('27', 'Hội đua ghe truyền thống', 'Hội đua ghe truyền thống tỉnh Thừa Thiên Huế là một ngày lễ hội mới được tổ chức sau ngày giải phóng hoàn toàn miền Nam 1975. Hội được tổ chức trong một ngày, nhằm ngày lễ Quốc Khánh 02-9 (dương lịch). Địa điểm đua là bờ Sông Hương trước trường Quốc Học.', 'Ngày 2/9', '5', '1');
INSERT INTO `festivals` VALUES ('28', 'Lễ hội cầu ngư Thái Dương Hạ', 'Hội được tổ chức vào ngày 12 tháng Giêng để tưởng nhớ vị thành hoàng của làng là Trương Quý Công biệt danh của Trương Thiều, người gốc miền Bắc, có công bày cho dân nghề đánh cá và buôn bán ghe mành.', 'Ngày 12 tháng Giêng', '5', '1');
INSERT INTO `festivals` VALUES ('29', 'Hội vật Làng Sình', 'Lễ hội đấu Vật làng Sình được tổ chức tại khu vực đình làng Lại Ân (còn gọi là làng Sình), xã Phú Mậu, huyện Phú Vang (TT-Huế) để cầu sức khỏe, bình an, mùa màng bội thu, cũng là dịp để giải trí ngày đầu Xuân và khuyến khích thanh niên rèn luyện sức khỏe,', 'Ngày 10 tháng Giêng', '5', '1');
INSERT INTO `festivals` VALUES ('30', 'Hội chợ xuân Gia Lạc', 'Khác với những phiên chợ bình thường khác, chợ Xuân gia lạc lại họp vào ngày mùng 1 tết đầu năm.Những người đi chợ không quan trọng việc mua bán lỗ lãi mà chỉ coi đây là một dịp đi du xuân, cầu may.', 'Mùng 1 Tết', '5', '1');
INSERT INTO `festivals` VALUES ('31', 'Lễ hội Cố Đô Hoa Lư', 'Lễ hội Hoa Lư (tên cũ lễ hội Trường Yên) là một lễ hội truyền thống diễn ra hàng năm để tôn vinh vị anh hùng dân tộc Đinh Bộ Lĩnh đã xây dựng kinh đô Hoa Lư, lập ra nhà nước Đại Cồ Việt và mở đầu thời kỳ độc lập, thống nhất lâu dài của người Việt suốt các', '6/3 đến 10/3 âm lịch', '7', '1');
INSERT INTO `festivals` VALUES ('32', 'Lễ hội đền Thái Vi', 'Đây là dịp để nhân dân Ninh Bình và nhân dân cả nước tưởng nhớ công lao các vua Trần - những người có công lớn với dân với nước. \nPhần lễ được tiến hành dưới hai hình thức: rước kiệu và tế. Rước kiệu ở đền Thái Vi không chỉ có một đoàn, mà là trên 30 đoàn', 'từ ngày 14 đến ngày 17 tháng 3 âm lịch', '7', '1');
INSERT INTO `festivals` VALUES ('33', 'Lễ hội đền Địch Lộng ', 'Phần lễ tổ chức dâng hương và lễ Phật theo nghi thức nhà Phật. \nPhần hội cũng tổ chức các trò chơi dân gian như: múa lân, múa rồng, cờ tướng, thi viết chữ nho... ', 'mùng 6 và mùng 7 tháng 3 âm lịch', '7', '1');
INSERT INTO `festivals` VALUES ('34', 'Lễ hội chùa Bái Đính', 'Cũng như các lễ hội khác, hội gồm có hai phần là phần lễ và phần hội. \nPhần lễ thường tổ chức dâng hương, tưởng nhớ các vị anh hùng có công với nước với dân. \nPhần hội kéo dài từ 3 đến 5 ngày, tổ chức các trò chơi dân gian như: đánh cờ, đấu vật... ', 'mồng 6 tháng giêng', '7', '1');
INSERT INTO `festivals` VALUES ('35', 'Lễ hội Báo bản Nộn Khê', 'Phần lễ ngoài việc tổ chức tế, dâng hương tôn vinh công đức của các vị tiền bối lập ra làng xã, còn dâng hương tưởng nhớ, tỏ lòng biết ơn các liệt sỹ là con em của làng. Một nét độc đáo của lễ hội Báo bản là kính báo lên Thành Hoàng, các bậc tiên tổ về sự', 'ngày 14 tháng giêng âm lịch', '7', '1');
INSERT INTO `festivals` VALUES ('36', 'Lễ hội đền Nguyễn Công Trứ ', 'Ngày 13 tế yết cáo, ngày 14 tế chính kỵ, ngày 15 tế tạ. Hình thức tế theo phong tục tế lễ như các lễ hội khác. \nPhần hội có các trò dân gian như: múa lân, đấu vật, thi bơi trải trên sông Ân... ', 'từ ngày 13 đến ngày 15 tháng 11 âm lịch', '7', '1');
INSERT INTO `festivals` VALUES ('37', 'Lễ hội đình Bình Thủy', ' ngoài việc cúng tế vào ngày rằm mỗi tháng và tết Nguyên Đán. Một năm đình còn có 2 kỳ lễ hội lớn gắn liền dấu ấn sản xuất nông nhiệp. Lễ thượng điền để cúng đất đai bắt đầu vụ mùa mới vào ngày 14/4 và 15/4 âm lịch và lễ hạ điền để tạ ơn và cúng ruộng đồn', '14/4 - 15/4 và 15/12  âm lịch', '11', '1');
INSERT INTO `festivals` VALUES ('38', 'Lễ đấu đèn', 'Lễ đấu đèn được tổ chức 10 năm một lần. Lễ đấu đèn diễn ra ngay trong chánh điện của chùa Ông, mọi người đều có thể tham gia để được sở hữu chiếc đèn mình yêu thích. Theo quan niệm của người Hoa, được sở hữu chiếc đèn lồng từ lễ hội 10 năm mới có một lần ', '10 năm', '11', '1');
INSERT INTO `festivals` VALUES ('39', 'Lễ hội Nghinh Ông', 'Thời gian: từ ngày 16 đến 18/8 âm lịch.\nĐịa điểm: Đình thần Thắng Tam, đường Hoàng Hoa Thám, thành phố Vũng Tàu.\nKhông chỉ được Tổng Cục Du lịch chọn là một trong 15 lễ hội lớn của cả nước, lễ hội Nghinh Ông còn được xem là nét đẹp văn hoá tiêu biểu của n', ' 16 đến 18/8  âm lịch', '12', '1');
INSERT INTO `festivals` VALUES ('40', 'Lễ hội Trùng Cửu', 'Thời gian: Đêm mùng 8 và ngày mùng 9/9 âm lịch.\nĐịa điểm: Nhà Lớn Long Sơn, thôn 10, xã Long Sơn.\nĐây được xem là lễ hội cầu an cho toàn dân được mạnh khỏe, an lành, hạnh phúc. Đêm mùng 8/9 gọi là lễ Tiên Thường kỉnh mặn (cúng mặn), ngày mùng 9/9 gọi là l', '8/9 - 9/9 âm lịch', '12', '1');
INSERT INTO `festivals` VALUES ('41', 'Lễ giỗ Đức Thánh\nTrần', 'Thời gian: ngày 20/8 âm lịch.\nĐịa điểm: Hội đền Đức Thánh Trần, số 68 - Hạ Long, phường 2.\nĐây là nghi lễ được người dân Vũng Tàu tổ chức hàng năm theo tập tục dân gian, nhằm bày tỏ lòng biết ơn, kính trọng đối với Thánh tướng Trần Hưng Đạo, người ba lần ', ' 20/8 âm lịch', '12', '1');
INSERT INTO `festivals` VALUES ('42', 'Lễ hội Miếu Bà Ngũ Hành', 'Thời gian: từ ngày 16 đến 18/10 âm lịch.\nĐịa điểm: Miếu Bà Ngũ Hành, đường Hoàng Hoa Thám, phường Thắng Tam.\nMiếu Bà Ngũ Hành do ngư dân Vũng Tàu lập nên để tôn thờ 5 vị Thần nữ là: Kim, Mộc, Thủy, Hỏa, Thổ cùng Thủy Long Thần Nữ, Thánh Mẫu Thiên Y Ana, n', '16 đến 18/10 âm lịch.', '12', '1');
INSERT INTO `festivals` VALUES ('43', 'Lễ hội bắn súng Thần\n Công', 'Thời gian: Tổ chức vào những dịp khai hội đầu năm và các sự kiện lịch trọng đại của thành phố và tỉnh Bà Rịa – Vũng Tàu.\nĐịa điểm: Di tích Lịch sử - Văn hóa Bạch Dinh, số 10 - Trần Phú.\nLễ hội là nét riêng đặc biệt của thành phố biển Vũng Tàu. Điểm nhấn c', 'Những ngày đầu năm', '12', '1');
INSERT INTO `festivals` VALUES ('44', 'Lễ hội Dinh Cô', 'Dinh Cô là một công trình kiến trúc uy nghi, được xây dựng trên một diện tích rộng lớn vào cuối thế kỷ XVIII, nằm bên sườn đồi nhỏ, trước mặt là bãi biển Long Hải.\nTheo truyền thuyết kể rằng: cách đây 200 năm có một cô gái trẻ tên Lê Thị Hồng (tục danh là', '10, 11, 12 tháng 2 âm lịch ', '12', '1');
INSERT INTO `festivals` VALUES ('45', 'Lễ hội Nam Hải', 'Lễ hội “Nam Hải Đại tướng Quân”  Danh hiệu Cá Ông do vua Thiệu Trị ban tặng được tổ chức trùng với ngày Vía (ngày mất) của cá. Lễ hội kéo dài trong 3 ngày, từ 16 đến 18 tháng 8 âm lịch hàng năm.\nLế hội gồm có lễ cúng Ông, lễ nghinh Ông (đón cá). Nhiều ghe', '16 đến 18/8 âm lịch', '12', '1');
INSERT INTO `festivals` VALUES ('46', 'Lễ hội Đình Thần \nThắng Tam', 'Hàng năm lễ hội được tổ chức trong 4 ngày, từ ngày 17-20 tháng 2 âm lịch. Đây là lễ hội cầu an, nhân thời điểm kết thúc và mở đầu cho một mùa thu hoạch tôm cá. Phần lễ diễn ra rất cầu kỳ: cúng tế, lễ vật tế thần, dâng hương quỳ lạy, chiêng trống, kèn nhạc', '17-20/2 âm lịch', '12', '1');
INSERT INTO `festivals` VALUES ('47', 'Lễ hội Yên Tử', 'Địa điểm: Diễn ra ở vùng núi Yên Tử thuộc xã Thượng Yên Công, TP Uông Bí.\nThời gian: Hàng năm được tổ chức bắt đầu từ ngày 10 tháng giêng và kéo dài hết tháng 3 (âm lịch).\nÝ nghĩa: Yên Tử là trung tâm Phật giáo của nước Đại Việt thuở trước, nơi phát tích ', ' 10 tháng giêng và kéo dài hết tháng 3 (âm lịch)', '13', '1');
INSERT INTO `festivals` VALUES ('48', 'Lễ hội Bạch Đằng', 'Địa điểm: Diễn ra tại xã Yên Giang, TX Quảng Yên.\nThời gian: Được tổ chức vào ngày mùng 8 tháng 3 (âm lịch) hàng năm, có năm kéo dài tới 4 ngày đêm.\nÝ nghĩa: Lễ hội kỷ niệm chiến thắng Bạch Đằng của những người anh hùng dân tộc chống giặc ngoại xâm: Ngô Q', '8/3 (âm lịch)', '13', '1');
INSERT INTO `festivals` VALUES ('49', 'Lễ hội Thập Cửu \nTiên Công', 'Địa điểm: Diễn ra ở đền Thập Cửu Tiên Công, thuộc xã Cẩm La, đảo Hà Nam, TX Quảng Yên.\nThời gian: Hàng năm dân làng mở hội vào ngày 7 tháng giêng (âm lịch).\nÝ nghĩa: Đền Thập Cửu Tiên Công (còn gọi là miếu Tiên Công) thờ 19 vị Tiên Công - những người có c', '7 tháng giêng (âm lịch)', '13', '1');
INSERT INTO `festivals` VALUES ('50', 'Lễ hội chùa Long\n Tiên', 'Địa điểm: Diễn ra tại chùa Long Tiên dưới chân núi Bài Thơ, thành phố Hạ Long.\nThời gian: Chính hội vào ngày 24 tháng 3 âm lịch hàng năm. \nÝ nghĩa: Chùa Long Tiên được xây dựng cách đây không lâu (năm 1941) nhưng là ngôi chùa lớn nhất ở thành phố Hạ Long.', ' 24 tháng 3 âm lịch', '13', '1');
INSERT INTO `festivals` VALUES ('51', ' Lễ hội đền Cửa Ông', 'Địa điểm: Diễn ra tại đền Cửa Ông, phường Cửa Ông, TP Cẩm Phả.\nThời gian: Được tổ chức từ ngày mùng hai tháng giêng cho đến hết tháng 3 (âm lịch).\nÝ nghĩa: Đền Cửa Ông thờ Trần Quốc Tảng, con thứ ba của Trần Hưng Đạo cùng nhiều tướng lĩnh nhà Trần có công', 'mùng hai tháng giêng cho đến hết tháng 3 (âm lịch)', '13', '1');
INSERT INTO `festivals` VALUES ('52', 'Lễ hội Quan Lạn', 'Địa điểm: Diễn ra ở bến Đình thuộc xã Quan Lạn, huyện Vân Đồn. \nThời gian: Được tổ chức vào ngày 18 tháng 6 (âm lịch) hàng năm nhưng lễ hội kéo dài từ ngày 10 đến hết ngày 20 tháng 6.  \nÝ nghĩa: Lễ hội Quan Lạn vừa kỷ niệm chiến thắng giặc Nguyên Mông năm', '10 - 18/6 âm lịch', '13', '1');
INSERT INTO `festivals` VALUES ('53', 'Lễ hội Trà Cổ', 'Địa điểm: Diễn ra tại làng Trà Cổ, TP Móng Cái.\nThời gian: Được tổ chức bắt đầu từ ngày 30 tháng 5 đến ngày mùng 6 tháng 6 (âm lịch) hàng năm.\nÝ nghĩa: Cách đây gần 600 năm, người Trà Cổ đã xây dựng được ngôi đình làng để thờ các vị tổ (Thành Hoàng làng).', ' 30/5 đến ngày mùng 6/6 (âm lịch) ', '13', '1');
INSERT INTO `festivals` VALUES ('54', 'Lễ hội Nguyễn\n Trung Trực', 'Nguyễn Trung Trực, vị anh hùng dân tộc mà tên tuổi gắn liền với những chiến công vang dội đã đi vào trang sử hào hùng, đó là: trận đốt cháy tàu Espérance trên vàm Nhật Tảo năm 1861 và lần đầu tiên tiêu diệt đồn lũy đầu não của giặc Pháp ngay tại tỉnh lỵ R', ' 26, 27 và 28 tháng Tám (âm lịch)', '19', '1');
INSERT INTO `festivals` VALUES ('55', 'Lễ hội Tao Đàn\n Chiêu Anh Các – Hà Tiên', 'Đã nhiều năm qua, mỗi dịp Tết Nguyên tiêu, rằm tháng Giêng hàng năm, tại Lăng Mạc Cửu, Hà Tiên lại tổ chức Lễ hội kỷ niệm Tao đàn Chiêu Anh Các. Vào mùa xuân năm Bính Thìn 1736, tại trấn Hà Tiên xưa, Tổng binh đại đô đốc Mạc Thiên Tích, hiệu Sĩ Lân đã cùn', ' rằm tháng Giêng âm lịch', '19', '1');
INSERT INTO `festivals` VALUES ('56', 'Lễ hội Oóc–om–\nbok – Gò Quao', 'Lễ hội Oóc–om–bok hay còn gọi là lễ cúng Trăng được tổ chức thống nhất vào đêm 15/10 âm lịch. Các vật cúng trong lễ hội là cốm dẹp, khoai, đậu, dừa… Đồng bào phật tử tập hợp lại xung quanh sân chánh điện, chờ đến khi mặt trăng lên đến đỉnh là mọi người đề', 'đêm 15/10 âm lịch', '19', '1');
INSERT INTO `festivals` VALUES ('57', 'Lễ hội giỗ 4 nhà\n sư liệt sĩ – Châu Thành', 'Cứ vào ngày 10/6 dương lịch hàng năm, tại Tháp 4 sư, nằm ở xã Vĩnh Hòa Hiệp, huyện Châu Thành các vị sư sãi ở các nơi trong tỉnh tập trung về tiến hành làm lễ cầu siêu cho 4 vị sư người Khmer: Danh Hùng, Danh Hom, Danh Tấp, Danh Hoi. Bốn vị sư đã hy sinh ', '10/6 dương lịch', '19', '1');
INSERT INTO `festivals` VALUES ('58', 'Lễ hội giỗ Tổ Hùng\n Vương – Tân Hiệp', 'Lễ hội Giỗ Tổ Hùng Vương ngày 10-3 âm lịch chính thức trở thành ngày Quốc lễ, ngày hội lớn quy tụ cả cộng đồng các dân tộc Việt Na m. Ở Kiên Giang, hàng năm cứ đến ngày 10/3, hàng chục ngàn người con đang sinh sống, học tập, làm việc ở mảnh đất Kiên Giang', '10/3 âm lịch', '19', '1');
INSERT INTO `festivals` VALUES ('59', 'Lễ hội giỗ đức khai \ntrấn Mạc Cửu – Hà Tiên', 'Đã trở thành truyền thống hàng năm, Hà Tiên đều tổ chức lễ hội giỗ đức khai trấn Mạc Cửu, là người có công đầu trong việc khai phá nên vùng đất Hà Tiên cách đây đã hơn 300 năm. Vào đầu thế kỷ thứ 18, Mạc Cửu trên đường tha hương lập nghiệp, ông đã đặt châ', '25-27/5 âm lịch', '19', '1');
INSERT INTO `festivals` VALUES ('60', 'Festival hoa Đà Lạt\n – Lễ hội hấp dẫn nhất ở Đà Lạt', 'Thời gian: Lễ hội được tổ chức 2 năm 1 lần vào dịp cuối năm.\n Địa điểm: Trung tâm thành phố Đà Lạt\nTừ năm 2005 nhằm tôn vinh người trồng hoa, nên cứ 2 năm một lần người dân ở đây lại tổ chức một lễ hội vô cùng long trọng “festival Hoa Đà Lạt” vào dịp cuối', '2 năm 1 lần vào dịp cuối năm', '22', '1');
INSERT INTO `festivals` VALUES ('61', 'Lễ hội Trà – Một lễ hội\n độc đáo ở Đà Lạt', 'Thời gian: Thường được tổ chức vào tháng 12 của năm.\nĐịa điểm: Không gian lễ hội mở rộng tổ chức ở cả 3 địa bàn còn lại làm nghề trà là huyện Bảo Lâm, Di Linh, và Cầu Đất (Tp Đà Lạt).\nLà một trong những lễ hội lớn và độc đáo ở Đà Lạt, lễ hội trà được tổ c', 'tháng 12', '22', '1');
INSERT INTO `festivals` VALUES ('62', 'Lễ Hội Cồng Chiêng – \nLễ hội văn hóa đậm chất ở Đà Lạt', 'Thời gian: Lễ hội cồng chiêng là một lễ hội được tổ chức hàng năm theo hình thức luân phiên.\nĐịa điểm: Tại các tỉnh có văn hóa cồng chiêng, trong đó có Lâm Đồng.\nLễ hội văn hóa cồng chiêng Tây Nguyên đã được UNESCO công nhận là di sản truyền khẩu và phi v', 'hàng năm theo hình thức luân phiên', '22', '1');

-- ----------------------------
-- Table structure for foodimages
-- ----------------------------
DROP TABLE IF EXISTS `foodimages`;
CREATE TABLE `foodimages` (
  `foodimage_id` int(11) NOT NULL AUTO_INCREMENT,
  `foodimage_hinhanh` varchar(255) DEFAULT NULL,
  `food_id` int(11) DEFAULT NULL,
  PRIMARY KEY (`foodimage_id`),
  KEY `food_image` (`food_id`),
  CONSTRAINT `food_image` FOREIGN KEY (`food_id`) REFERENCES `foods` (`food_id`)
) ENGINE=InnoDB DEFAULT CHARSET=utf8;

-- ----------------------------
-- Records of foodimages
-- ----------------------------

-- ----------------------------
-- Table structure for foods
-- ----------------------------
DROP TABLE IF EXISTS `foods`;
CREATE TABLE `foods` (
  `food_id` int(11) NOT NULL AUTO_INCREMENT,
  `food_ten` varchar(255) CHARACTER SET utf8 DEFAULT NULL,
  `food_trangthai` tinyint(1) NOT NULL,
  `food_diachi` text CHARACTER SET utf8,
  `food_mota` text CHARACTER SET utf8 NOT NULL,
  `food_hinhanh` varchar(255) NOT NULL,
  PRIMARY KEY (`food_id`)
) ENGINE=InnoDB AUTO_INCREMENT=149 DEFAULT CHARSET=latin1;

-- ----------------------------
-- Records of foods
-- ----------------------------
INSERT INTO `foods` VALUES ('1', 'Cá Kho', '1', 'Cồn Phụng, Cồn Quy, Lan Vương', 'Là một món đặc sản cầu kỳ của quê hương Bến Tre, được nấu từ gạo non với dừa xiêm.', 'cakho.jpg');
INSERT INTO `foods` VALUES ('2', 'Canh Chua', '1', 'xã Mỹ Thạnh và Hưng Nhượng huyện Giồng Trôm, TP.Bến Tre', 'Vừa là đặc sản đồng thời cũng là niềm tự hào của người dân xứ dừa.', '');
INSERT INTO `foods` VALUES ('3', 'Gà Hầm', '0', '\"bờ hồ Trúc Giang, thành phố Bến Tre hoặc', 'Món ăn vặt này không chỉ là món khoái khẩu của cô cậu thích ăn vặt mà còn là nỗi nhớ nhung của người xa quê.', '');
INSERT INTO `foods` VALUES ('4', 'Heo Quay', '0', '311B, đại lộ Đồng Khởi, phường Phú Khương, TP.Bến Tre.\"', 'Vị ngọt, giòn của thịt ốc hòa lẫn vị béo, thơm của bột gạo tạo thành món ăn dân dã thu hút du khách gần xa.', '');
INSERT INTO `foods` VALUES ('5', 'Cơm Hến', '0', 'cồn Phú Đa, huyện Chợ Lách, TP.Bến Tre', 'Bánh canh bột xắt có màu đục đặc trưng là do chất nhừ tiết ra từ bột. Còn thịt vịt trước khi nấu sẽ được ướp gia vị như hành, tiêu, muối cho vừa ăn, để một lúc cho thấm rồi đem xào săn.', '');
INSERT INTO `foods` VALUES ('6', 'Cơm Chiên', '0', 'ven Quốc lộ 60, xã Tân Thành Bình, huyện Mỏ Cày Bắc, TP.Bến Tre hoặc dưới chân cầu Cá Lóc, phường 8, TP.Bến Tre.', 'Chuột dừa Bến Tre xuất phát điểm là một trong các món nhậu tuy nhiên với độ thơm ngon của mình, chuột dừa Bến Tre đã trở thành đặc sản mà ai ai ở miền Tây đều muốn một lần nếm qua.', '');
INSERT INTO `foods` VALUES ('7', 'Mực Xào', '0', '\"Nhà hàng nổi Bến Tre: công viên Hùng Vương, phường 5, TP.Bến Tre hoặc Ninh Kiều 5: Khu phố Bình Khởi, phường 6, TP.Bến Tre', 'Đuông dừa thực chất là sâu dừa, những con sâu béo múp, có màu trắng và cách tuyệt vời nhất là ăn sống chấm kèm với mắm ớt.', '');
INSERT INTO `foods` VALUES ('8', 'Gà Chiên', '1', '\"', 'Về xứ ruộng mà không ăn cua đồng thì coi như chưa về ruộng.', '');
INSERT INTO `foods` VALUES ('9', 'Tôm Chiên', '1', 'Nhà hàng nổi Bến Tre: công viên Hùng Vương, phường 5, TP.Bến Tre;', 'Hương thơm dịu, vị béo ngậy, ngọt thanh thấm đượm tình người của kẹo dừa Bến Tre đã làm lưu luyến bao trái tim yêu dừa, nhớ đất Bến Tre.', '');
INSERT INTO `foods` VALUES ('10', 'Lẩu Chay', '1', 'Nhà hàng nổi Bến Tre: công viên Hùng Vương, phường 5, TP.Bến Tre;', 'Củ hũ dừa là phần đọ non trắng béo của cây dừa, chứa rất nhiều chất dinh dưỡng, muốn có phải chặt cả cây dừa.', '');
INSERT INTO `foods` VALUES ('11', 'Cá Lóc Nướng Truôi', '0', 'Cửa hàng kẹo dừa Thanh Long, số 72B1, 495b đại lộ Đồng Khởi, phường Phú Khương, TP.Bến Tre', 'Tô bánh canh đặc sản Tây Ninh đặc trưng với giò heo, huyết và những cọng hành xanh tươi, tuy đơn giản nhưng thực khách ngay lập tức bị cuống hút khi thưởng thức qua', '');
INSERT INTO `foods` VALUES ('12', 'Bò Kho', '0', 'Tỉnh lộ 887 TP.Bến Tre', 'Bánh tráng phơi sương thường ăn kèm với rau sống, thịt heo luộc và chấm với nước mắm pha chế công phu.', '');
INSERT INTO `foods` VALUES ('13', 'Món ăn chay Tây\nNinh', '1', '88 Nguyễn Văn Rốp, Trảng Bàng, Tây Ninh.', 'Theo tục lệ xưa, tháng giêng là tháng ăn chay đối với người theo đạo Cao Đài. Phần đông dân cư Tây Ninh là tín đồ đạo Cao Đài nên tháng ăn chay và nghề nấu món chay rất được coi trọng và nổi tiếng.', '');
INSERT INTO `foods` VALUES ('14', 'Bờ tơ Củ Chi', '1', 'ấp Lộc Du, thị trấn Trảng Bàng, tỉnh Tây Ninh', 'Bò tơ Củ Chi từ lâu đã trở thành niềm tự hào của người dân vùng đất này. Giống bò được chăn thả với số lượng lớn trên những cánh đồng cỏ nơi đây mang đến hương vị đầy khác biệt.', '');
INSERT INTO `foods` VALUES ('15', 'Mắm chua Tây Ninh', '1', '240 Lý Thường Kiệt, Hòa Thành, Tây Ninh.', 'Món ăn đặc sắc khác của cư dân Tây Ninh mà chỉ những người dân Nam Bộ lâu năm mới quen ăn và mê nhất, đó là mắm chua.', '');
INSERT INTO `foods` VALUES ('16', 'Ốc xu núi Bà', '1', 'Tỉnh Lộ 6, Hưng Thịnh, Trảng Bàng, Tây Ninh', 'Có hình dạng gần giống ốc bươu nhưng có mình dẹt và nhỏ hơn, người dân nơi đây cho rằng ốc xu núi Bà không những ngon đặc trưng mà còn có tác dụng chữa nhức mỏi khá tốt.', '');
INSERT INTO `foods` VALUES ('17', 'Thằn lằn núi Bà Đen', '1', 'phường 3, tỉnh Tây Ninh', 'Được xem là đệ nhất ẩm thực ở xứ Tây Ninh, thằn lằn núi là món nhậu cuốn hút cánh mày râu. Món ăn này luôn được nhiều thực khách săn đón khi đến Tây Ninh.', '');
INSERT INTO `foods` VALUES ('18', 'Muối Tôm', '1', 'núi Bà', 'Nhắn đến Tây Ninh không thể bỏ qua món muối tôm, đặc sản độc đáo của địa phương. Công dụng của muối dùng để chấm trái cây nhưng lại thu hút rất nhiều thực khách. ', '');
INSERT INTO `foods` VALUES ('19', 'Nem Bưởi', '1', 'núi Bà', 'Nem bưởi là món ăn chay phổ biến của người dân Tây Ninh. Nem bưởi có vị chua, mặn, ngọt, vị cay của ớt, tiêu và một hương thơm đặc trưng làm thành món nem lạ lẫm và đầy dư vị hấp dẫn.', '');
INSERT INTO `foods` VALUES ('20', 'Bánh tráng me', '1', 'Số 11 Đồng Tiến, khu phố Lộc Du, Trảng bàng, Tây Ninh.', 'Trong hàng chục món bánh tráng thuộc về nhóm quà vặt xuất xứ từ Tây Ninh, bánh tráng me thuộc loại có sức hấp dẫn không cưỡng được nếu đã một lần nếm qua.', '');
INSERT INTO `foods` VALUES ('21', 'Mầm đá', '1', 'ấp Hiệp Nghĩa, xã Hiệp Ninh, thị xã Tây Ninh', 'Món ăn này không chỉ có trong truyện cổ Trạng Quỳnh dâng vua mà thực sự tồn tại ngoài đời thực. Chỉ khác là thứ rau lạ này không tốn nhiều thời gian chế biến, thậm chí chỉ cần chần sơ qua nước sôi là có thể ăn được.', '');
INSERT INTO `foods` VALUES ('22', 'Cuốn sủi', '1', 'Ô2/42AB khu phố Rạch Sơn, thị trấn Gò Dầu, huyện Gò Dầu, tỉnh Tây Ninh.', 'Đây là món ăn độc đáo của Lào Cai, còn được biết với tên gọi là phở khan. Cuốn sủi bao gồm bánh phở, củ dong rang giòn, thịt bò, rau thơm, lạc rang, hạt tiêu, ớt và nước sốt đặc biệt chế biến từ nhiều loại gia vị. ', '');
INSERT INTO `foods` VALUES ('23', 'Thắng cố', '1', 'thị trấn SaPa', 'Thắng cố không phải là món ăn bắt mắt, thậm chí hương vị cũng khiến nhiều du khách e ngại. Tuy vậy, ai lên Sa Pa mà không ăn thắng cố thì xem như chưa thực sự tìm hiểu về ẩm thực phố núi.', '');
INSERT INTO `foods` VALUES ('24', 'Lẩu cá hồi', '1', '45 Ngô Quyền, Kim Tân, Thành Phố Lào Cai, Lào Cai', 'Từng thớ cá săn chắc, ngọt thịt, màu hồng cam đẹp mắt kết hợp với măng chua, lá giang, bông bí, hoa chuối… trong món lẩu thơm ngon khiến du khách thích thú khi đến thăm vùng đất này.', '');
INSERT INTO `foods` VALUES ('25', 'Thịt gừng', '1', 'Bắc Hà, Mường Khương, Sa Pa - Lào Cai.', 'Món ăn truyền thống của người Nùng Dín được làm từ các loại xương sườn, xương sống và thủ lợn', '');
INSERT INTO `foods` VALUES ('26', 'Thịt lợn cắp nách', '1', 'SaPa', 'Lợn được nuôi thả rong nên sức đề kháng tốt, ăn cây củ dại hàng ngày nên thịt ngọt tự nhiên, không lẫn với các loại thịt khác.', '');
INSERT INTO `foods` VALUES ('27', 'Đồ nướng', '1', 'Bắc Hà, SaPa', 'Tiết trời buổi tối ở Sa Pa khiến người ta muốn ngồi bên lửa than và chờ đợi những xiên thịt chín đều. Thịt lợn cắp nách, bò cuốn cải mèo, chả cá hồi, cơm lam, trứng nướng đều tỏa mùi thơm ngào ngạt, kích thích vị giác. ', '');
INSERT INTO `foods` VALUES ('28', 'Rau cải mèo', '1', 'SaPa', 'Cải mèo lá xoăn, màu xanh sẫm, giòn và ngọt hơn cải thường. Mỗi mâm cơm của người dân phố núi Sa Pa ngoài những món thịt thì không thể thiếu đĩa rau cải mèo xào với mỡ đông, thoảng chút cay nồng của gừng tươi.', '');
INSERT INTO `foods` VALUES ('29', 'Gà đen', '1', 'SaPa', 'Gà đen còn được gọi là gà ác, có phần da màu đen, xương giòn, thịt thơm ngọt. Ở Sa Pa, món ăn nổi tiếng nhất được chế biến từ nguyên liệu này là gà đen nướng mật ong.', '');
INSERT INTO `foods` VALUES ('30', 'Thịt trâu gác bếp', '1', 'SaPa', 'Món ăn này vốn dĩ được chế biến bởi người Thái đen, nhằm dự trữ thực phẩm cho mùa mưa lũ hoặc những chuyến đi rừng dài ngày. Những mảng thịt thăn, thịt bắp được cắt dọc, ướp gia vị, lá rừng rồi treo lên gác bếp hun khói.', '');
INSERT INTO `foods` VALUES ('31', 'Răng mực nướng', '1', 'SaPa', 'Nếu như trước đây người ta coi răng mực là đồ bỏ đi thì nay với bàn tay chế biến khéo léo thì nó đã trở thành một món ăn đặc sản tại Phan Thiết rất thơm ngon, hấp dẫn.', '');
INSERT INTO `foods` VALUES ('32', 'Bánh hỏi lòng heo Phú Long', '1', 'SaPa', 'Mặc dù loại bánh này ở đâu cũng có xong bánh hỏi lòng heo tại Phú Long vẫn ngon và đặc biệt nhất. Món bánh được làm bởi những nguyên liệu vô cùng gần gũi là bánh hỏi, bánh tráng mỏng, lòng heo, nước chấm và rau sống.', '');
INSERT INTO `foods` VALUES ('33', 'Gỏi cá', '1', '202, Võ Thị Sáu, Hưng Long, Tp. Phan Thiết, Bình Thuận', 'Phan Thiết được biết tới là một vùng đất của nắng, giớ và biển cùng những loài hải sản tươi ngon. Chính vì thế mà món gỏi cá Phan Thiết không hề thua kém gì so với những nơi khác', '');
INSERT INTO `foods` VALUES ('34', 'Bánh căn Phan Thiết', '1', 'Quốc Lộ 1 - Quán ăn - Miền Trung tại Xã Hàm Nhơn, Huyện Hàm Thuận Bắc, Hàm Thuận Bắc, Bình Thuận.', 'Bánh căn là một món ăn đặc sản của Phan Thiết được bán tại nhiều nơi và nhất là buổi chiều. Cùng với vị thơm ngon, và vị đậm đà của nước chấm đem tới chắc chắn nếu như ai đã từng được nếm thử món ăn đặc biệt này sẽ nhớ mãi không quên.', '');
INSERT INTO `foods` VALUES ('35', 'Dông 7 món', '1', 'Phan Thiết', 'Nếu như hỏi nên ăn gì khu du lịch Mũi Né – Phan Thiết thì chắc chắn câu trả lời sẽ là những món ăn hải sản hấp dẫn từ dông. Đây là một loại bò sát thường sống ở trong cát cho thịt dai, chắc và ngọt.', '');
INSERT INTO `foods` VALUES ('36', 'Bánh tráng chấm mắm ruốc', '1', '168 Thủ Khoa Huân, Tp. Phan Thiết, Bình Thuận.', 'Có thể khẳng định đây chính là món ăn đặc trưng của Phan Thiết thường được gắn liền cùng với tuổi thơ của phần lớn người dân sinh sống tại đây.', '');
INSERT INTO `foods` VALUES ('37', 'Bánh canh chả cá', '1', 'Phan Thiết', 'Phần lớn những du khách khi đến với Phan Thiết thì đều thưởng thức qua món ăn này, mặc dù đơn giản song nó lại có một sức hút rất đặc biệt.', '');
INSERT INTO `foods` VALUES ('38', 'Cá lồi xối mỡ', '1', 'Phan Thiết', 'Cá lồi xối mỡ là món ăn thơm ngon và dinh dưỡng của Phan Thiết thường được chế biến từ nguyên liệu chính là cá lồi.', '');
INSERT INTO `foods` VALUES ('39', 'Bún bò Phan Thiết', '1', 'Phan Thiết', 'Có lẽ khi nhắc tới món bún bò nhiều người sẽ liên tưởng ngay tới món bún bò Huế nhưng món bún bò ại Phan Thiết cũng rất đặc biệt và có mùi vị thơm ngon hấp dẫn, đặc trưng của nó.', '');
INSERT INTO `foods` VALUES ('40', 'Lẩu thả', '1', 'Phan Thiết', 'Lẩu thả chính là món lẩu đặc sản của Phan Thiết. Nếu như đến với nơi đây thì bạn đừng bỏ qua món ăn tuyệt cư mèo này nhé! Bởi lẽ món ăn này đã chinh phục được rất nhiều du khách khi thưởng thức. ', '');
INSERT INTO `foods` VALUES ('41', 'Cơm Hến', '1', 'Võ Thị Sáu, Tp. Phan Thiết, Bình Thuận.', 'Cơm hến tuy là món ăn dân dã có khắp mọi nơi dù ở thôn xóm hay đường quê, nghèo mà vẫn sang, đậm đà hương vị.', '');
INSERT INTO `foods` VALUES ('42', 'Bánh canh Bà Đợi', '1', 'Mũi Né, Phan Thiết.', 'Dù bánh canh của quán này được thái sợi dẹt như kiểu Quảng Bình chứ không nén khuôn sợi tròn, nhưng nước dùng thì đặc phong cách Huế.', '');
INSERT INTO `foods` VALUES ('43', 'Chè Hẻm', '1', 'đường Phạm Hồng Thái, góc giao với Trương Định', 'Không ai biết chè hẻm có ở Huế từ bao giờ mà chỉ biết gọi là thế, bởi nó thường nằm sâu trong các ngõ ngách với rất nhiều loại chè khác nhau.', '');
INSERT INTO `foods` VALUES ('44', 'Cơm chay Huế', '1', 'đường Đào Duy Anh', 'Nếu bạn muốn có một bữa ăn thanh đạm và để cơ thể được thanh lọc thì hãy thử một bữa cơm chay tại Huế.', '');
INSERT INTO `foods` VALUES ('45', 'Bún bò Huế', '1', 'Số 1 kiệt 76 Hùng Vương, tổ 7, Phú Nhuận, Thành phố Huế', 'Bún bò Huế có một miếng chân giò, một miếng giò tự nắm, một miếng tiết lợn nhỏ và tất nhiên phải có vài lát thịt bò. Rau ăn kèm cũng rất tươi và phong phú.', '');
INSERT INTO `foods` VALUES ('46', 'Bún thịt nướng, bánh ướt thịt nướng', '1', 'chùa Từ Đàm', 'Điểm đặc biệt của hai món này nằm ở thịt nướng. Thịt ở đây ướp vừa đủ, không át mùi thơm của, miếng thịt mềm chứ không bị khô, và mang một hương vị đặc trưng, khá đặc biệt so với những nơi khác.', '');
INSERT INTO `foods` VALUES ('47', 'Các loại bánh Huế: Bánh bèo, bánh bột lọc, bánh khoái', '1', '3 Lý Thường Kiệt (cạnh Nhà khách Công đoàn)', 'Tận dụng nguồn hải sản vô tận của hệ thống đầm phá Tam Giang - Cầu Hai kết hợp với các loại bột cơ bản nhất như bột gạo, bột năng, bột nếp, người Huế đã tạo ra các món bánh nức lòng thực khách', '');
INSERT INTO `foods` VALUES ('48', 'Bánh chưng Nhật Lệ', '1', 'mạn Kim Long – đường đi chùa Thiên Mụ', 'Đây là món ăn nổi tiếng ở Huế và có xuất xứ từ con phố Nhật Lệ trong thành Nội, nơi tập trung hàng chục lò làm bánh.', '');
INSERT INTO `foods` VALUES ('49', 'Nem lụi chất Huế', '1', 'cung An Định, đường Ngự Bình, đường Nguyễn Bỉnh Khiêm', 'Khách hàng lần đầu ăn nem lụi, ai cũng xuýt xoa khen ngon để rồi ăn tiếp lần hai, lần ba, thậm chí ăn hàng ngày như dân “nghiện\" và lần nào cũng vẫn cứ khen ngon.', '');
INSERT INTO `foods` VALUES ('50', 'Chip chip hấp sả Đà Nẵng', '1', '117 Nhật Lệ, Thuận Thành, Tp. Huế', '\"Chip chip rửa sạch bụi đất, sả tươi thái nhỏ, đập dập, ớt đỏ thái miếng và cho vào nồi hấp chung. Bạn chỉ phải chờ chừng năm phút là có nồi hải sản thơm lừng, đầy hấp dẫn. Cách ăn đúng điệu là chấm cùng muối tiêu chanh ớt, nhờ đó mới cảm nhận hết vị ngọt thanh trong hương thơm nhẹ của sả và cay nồng từ  tiêu ớt.', '');
INSERT INTO `foods` VALUES ('51', 'Cua rang me Đà Nẵng', '1', 'đường Nguyễn Huệ', '', '');
INSERT INTO `foods` VALUES ('52', 'Ốc hút Đà Nẵng', '1', 'dọc các đường bờ biển, các quán nhậu bình dân bạn dễ dàng tìm thấy món ăn hấp dẫn này', 'Một tô chíp chíp có giá từ 30.000 – 50.000 đồng.\"', '');
INSERT INTO `foods` VALUES ('53', 'Cháo hàu Đà Nẵng', '1', ' Bạn có thể thưởng thức món ăn ngon tuyệt này tại bất cứ nhà hàng hải sản nào ở Đà Nẵng', '\"Cua rang me có cách chế biến khá cầu kỳ. Cụ thể, cua rửa sạch, tách mai, lấy gạch để riêng sau đó ướp gia vị rồi chiên vàng. Me bóp nhuyễn bỏ hạt và đun cùng tỏi phi, hành tây, gia vị. Để hút khách, mỗi hàng lại có những bí quyết riêng. Sau chế biến, cua có màu đỏ bắt mắt cùng hương thơm ngào ngạt quyến rũ. Bạn hãy gỡ từng miếng thịt rồi chấm vào nước sốt me sền sệt chua ngọt để cảm nhận đủ vị chua cay mặn ngọt. ', '');
INSERT INTO `foods` VALUES ('54', 'Mực nướng sa tế Đà Nẵng', '1', '\"Quán ốc hút nằm trong chợ Bắc Mĩ An: 7k/đĩa', '', '');
INSERT INTO `foods` VALUES ('55', 'Sò điệp nướng mỡ hành Đà Nẵng', '1', 'Quán ốc hút đối diện nhà thi đấu đĩa bay trên đường 2/9: 20-25k/đĩa', 'Cua rang me có giá khoảng 70k/con\"', '');
INSERT INTO `foods` VALUES ('56', 'Lẩu hải sản Đà Nẵng', '1', 'Quán ốc hút cây bàng 59 Ông Ích Đường, quận Cẩm Lệ, TP Đà Nẵng (gần THPT Hòa Vang,) mở cửa từ 5h chiều đến 10h đêm: 25k/đĩa\"', 'Nói tới Đà Nẵng không thể không kể đến ốc hút, món ăn “ruột” của dân địa phương nơi đây. Không chỉ thế, chỉ với một dĩa ốc hút và một dĩa mít trộn, du khách có thể vừa thưởng thức, vừa trò chuyện với bạn bè và ngắm đường phố Đà Nẵng', '');
INSERT INTO `foods` VALUES ('57', 'Dê núi Ninh Bình', '1', 'Bạn có thể thưởng thức món cháo này ở bất cứ quán hải sản nào tại Đà Nẵng.', '\"Hàu tươi rửa sạch, nêm nếm gia vị rồi đun cùng cháo trắng đã ninh từ trước. Khi có khách, chủ quán sẽ cho chút ngò, tỏi phi, rau mùi và rắc tiêu thơm lên trên. Ngoài ra, bạn đừng quên rưới thêm nước mắm nhĩ vào tô cháo còn nghi ngút khói giúp món ăn đậm vị hơn.', '');
INSERT INTO `foods` VALUES ('58', 'Cơm cháy Ninh Bình', '1', 'Bạn có thể thưởng thức món cháo này ở bất cứ quán hải sản nào tại Đà Nẵng.', '', '');
INSERT INTO `foods` VALUES ('59', 'Rượu Kim Sơn Ninh Bình', '1', 'Bạn có thể thưởng thức món cháo này ở bất cứ quán hải sản nào tại Đà Nẵng.', 'Giá một tô cháo hàu khoảng 60.000 đồng, đủ cho khoảng 2 – 3 người ăn.\"', '');
INSERT INTO `foods` VALUES ('60', 'Miến lươn Ninh Bình', '1', '\"Hải Sản Bé Mặn', '\"Món này có cách chế biến khá đơn giản. Mực mua về làm sạch rồi ướp muối, tiêu, tỏi, đường, dầu mè, sa tế sau đó nướng trên than hồng. Khi ăn, chủ quán sẽ dọn thêm đĩa rau sống như xà lách, hành, thì là cùng chén muối tiêu hoặc tương ớt.', '');
INSERT INTO `foods` VALUES ('61', 'Canh chua cá rô Ninh Bình', '1', 'Địa chỉ: Lô 14 Hoàng Sa, Quận Sơn Trà, Đà Nẵng, Việt Nam', '', '');
INSERT INTO `foods` VALUES ('62', 'Nem Yên Mạc Ninh Bình', '1', '0905 207 848 – 0905 181 529', 'Mực nướng sa tế có giá khoảng 100.000 đồng/ đĩa.\"', '');
INSERT INTO `foods` VALUES ('63', 'Gỏi cá nhệch Kim Sơn Ninh Bình', '1', '', '\"Những con sò điệp lớn rửa sạch sau đó tách làm đôi. Lúc này chủ quán mới khéo léo ướp các loại gia vị như tiêu, hạt nêm, đường... rồi đem nướng trên than hoa. Khi chín, món này tỏa ra mùi thơm ngào ngạt cùng phần nước ngọt đậm tự nhiên. Thêm hành lá và lạc giã nhỏ, bạn sẽ cảm nhận được trọn vẹn vị ngọt dai và bùi bùi hấp dẫn. Ảnh: Tiêu Phong.', '');
INSERT INTO `foods` VALUES ('64', 'Ốc núi Ninh Bình', '1', 'Quán hải sản KỲ EM', '', '');
INSERT INTO `foods` VALUES ('65', 'Cốm Hà Nội', '1', 'Địa chỉ: 179 Hồ Nghinh – Q.Sơn Trà – TP.Đà Nẵng.', 'Một đĩa sò điệp nướng có giá khoảng 70.000 – 100.000 đồng.\"', '');
INSERT INTO `foods` VALUES ('66', 'Bánh tôm Hà Nội', '1', '', 'Nhiều thực khách sau khi thưởng thức lẩu hải sản ở Đà Nẵng thường để lại những nhận xét ưu ái. Một trong số đó là lời khen cho phần nước lẩu đậm, ngon, các loại hải sản tươi sống và rau ăn kèm đa dạng. ', '');
INSERT INTO `foods` VALUES ('67', 'Chả cá Lã Vọng Hà Nội', '1', 'Quán Hải Sản Luyện', 'Ninh Bình có địa hình chủ yếu là đồi núi đá, chính vì vậy mà thuận lợi cho việc nuôi dê. Dê núi Ninh Bình thường được nuôi trên ', '');
INSERT INTO `foods` VALUES ('68', 'Phở bò Hà Nội', '1', 'Địa chỉ: 09 Thanh Huy 1 – Q.Thanh Khê – TP.Đà Nẵng', '', '');
INSERT INTO `foods` VALUES ('69', 'Bún thang Hà Nội', '1', '', 'Là huyện duy nhất của Ninh Bình tiếp giáp với Biển. Kim Sơn không những được bồi đắp phù sa mà còn có một dòng nước trong lành. Kim Sơn là một trong những vựa gạo lớn nhất miền bắc sau Thái Bình và Nam Định. hạt gạo ở Kim Sơn ăn rất ngon, thơm, dẻo nên tạo ra những giọt rượu thật đậm đà. Cùng với sự khéo léo của người Kim Sơn, một đặc sản rượu Kim Sơn ra đời và là hình ảnh đại diện cho đặc sản Ninh Bình. Rượu Kim Sơn thường được dùng khi ăn với thịt dê và cơm cháy.', '');
INSERT INTO `foods` VALUES ('70', 'Bún chả Hà Nội', '1', 'Nhà Hàng Mỹ Hạnh', 'Cùng với cơm cháy, tái dê, miến lươn cũng là món đặc sản nổi tiếng ở Ninh Bình.', '');
INSERT INTO `foods` VALUES ('71', 'Bún ốc Hà Nội', '1', 'Địa chỉ: Lô 18 Hoàng Sa, P. Phước Mỹ, Quận Sơn Trà, Đà Nẵng, Việt Nam', ' Cá rô đư­ợc chế biến để nấu món canh chua, đây là món ăn đặc sản của vùng núi đá vôi ven đồng chiêm trũng. Món canh chua này khi chế biến không thể thiếu nước dưa chua để khử mùi tanh và tạo nên vị thanh thanh hấp dẫn. Món ăn này có vị ngọt ngọt, chua chua của n­ước dư­a cải, ngọt mát của cà chua, đậu phụ, ngậy, bùi, giòn và thơm của cá rô…', '');
INSERT INTO `foods` VALUES ('72', 'Lẩu mắm Sài Gòn', '1', 'ĐT: (0511) 3 831 494', 'Nem Yên Mạc do được tinh chế khá công phu, sợi nem nhỏ, đỏ hồng, rời, tươi ướp với gia vị và lá ổi tàu để được hàng tuần. Nem Yên Mạc phải ăn kèm với chút lá ổi, lá sung, cùng rau thơm cuộn lại, chấm với nước mắm chanh, cho thêm một ít ớt, tỏi và hạt tiêu. Như vậy người ăn mới cảm nhận đủ vị ngọt, cay của hương vị đặc biệt của món ăn này.', '');
INSERT INTO `foods` VALUES ('73', 'Bún mắm Sài Gòn', '1', '', 'Để chế biến ra món ăn đặc sắc gỏi cá Nhệch này cần một chuỗi nhiều khâu hết sức kì công. Món ăn này mang hương thơm bùi bùi của gạo nếp rang, vị chua thanh thanh của dấm xen vào cái vị cay ấm của gừng với tỏi, ớt, tiêu, sả. Gỏi cá nhệch thơm và bùi, có mùi vị rất đặc trưng, ăn một lần là nhớ mãi không quên', '');
INSERT INTO `foods` VALUES ('74', 'Lẩu cá kèo Sài Gòn', '1', 'Nhà hàng 4U Biển', 'Thức ăn chính của ốc này là những loại cây cỏ mọc hoang trên núi trong đó có cả những cây thuốc quý. Vì vậy khi sơ chế người ta chỉ rửa qua vì cho rằng trong người con ốc mang nhiều vị thuốc. Thịt ốc núi dai, giòn, ngọt. Ốc núi có thể chế biến thành nhiều món: hấp gừng, xào sả ớt, trộn gỏi…', '');
INSERT INTO `foods` VALUES ('75', 'Mì hủ tiếu hoành thánh Sài Gòn', '1', 'Địa chỉ: Lô 9 +10 Đường Trường Sa – Biển Mỹ Khê – Tp.Đà Nẵng', 'Cốm không được gói trong giấy báo hay đựng trong bát mà chỉ ngon khi gói vuông vắn trong những chiếc lá sen, bên ngoài buộc bằng dây rơm nếp. Mùi hương của cốm mới quyện cùng mùi thơm nồng nồng, man mát của lá sen khiến hương cốm càng trở nên tinh tế.', '');
INSERT INTO `foods` VALUES ('76', 'Bánh tráng Trảng Bàng Sài Gòn', '1', '', 'Bánh tôm gồm tôm nước ngọt bọc một lớp bột mỳ rồi cho vào chảo mỡ nóng già ngập bánh. Khi bánh phồng lên và ngã màu vàng, nghe mùi thơm ngậy hấp dẫn là ăn được. Chiếc bánh tôm nhỏ bằng lòng bàn tay, ở giữa là một con tôm vừa vặn, đỏ rực bắt mắt. Ở Hà Nội, người ta ăn bánh tôm với rau sống và nước chấm gồm dấm chua cay ngọt, thêm chút dưa góp cho đỡ ngấy. Nếu may mắn, bạn sẽ được thưởng thức mùi hương cà cuống trong nước chấm, mang tới cảm giác thích thú, khó quên', '');
INSERT INTO `foods` VALUES ('77', 'Bò tơ Củ Chi Sài Gòn', '1', 'Hải sản Đà Nẵng – Nhà hàng Bầu Trời Đỏ', 'Món chả cá Lã Vọng nổi tiếng ở Hà Nội luôn nằm trong top những món ăn ngon không nên bỏ lỡ được giới thiệu trong các cuốn sách về du lịch Việt Nam. Chả cá Lã Vọng ngon là sự kết hợp hoàn hảo giữa các gia vị đặc trưng Việt Nam như nghệ, thì là, mắm tôm và nước mắm, tất cả hòa quyện lại thành một món ăn có mùi thơm vô cùng hấp dẫn.Món này được ăn kèm với ớt đỏ, bún, các loại rau thơm, rưới lên trên là những miếng cá rán ngon tuyệt.', '');
INSERT INTO `foods` VALUES ('78', 'Bánh xèo Nam bộ Sài Gòn', '1', 'Địa chỉ: Lô 2 đường Hoàng Sa – Sơn Trà – Đà Nẵng', 'Phở là một thứ quà đặc biệt của Hà Nội, không phải chỉ riêng Hà Nội mới có, nhưng chính là vì chỉ ở Hà Nội mới ngon. Phở ngon phải là phở \"cổ điển\", nấu bằng thịt bò, nước dùng trong và ngọt, bánh dẻo mà không nát, thịt mỡ gầu giòn chứ không dai, chanh ớt với hành tây đủ cả, rau thơm tươi, hồ tiêu bắc, giọt chanh cốm gắt, lại điểm thêm một ít cà cuống, thoảng nhẹ như một nghi ngờ\"', '');
INSERT INTO `foods` VALUES ('79', 'Gỏi cuốn Sài Gòn', '1', 'Điện thoại: 0905.72.75.76', 'Có tới gần 20 nguyên liệu mới đủ làm nên món ăn nhiều màu sắc và đủ mùi vị tạo nên một bát bún thang ấn tượng trong lòng thực khách: trứng tráng mỏng thái chỉ, gà xé nhỏ, giò lụa thái sợi, rau răm, nấm hương, củ cải ngâm… Nước dùng trong và ngọt thơm, đậm đà vị của tôm, chan đều lên bát bún nhỏ xinh vừa ăn', '');
INSERT INTO `foods` VALUES ('80', 'Các món ốc  Sài Gòn', '1', '\"', 'Dưới cái nắng hè oi ả, dù bát bún có ngon tới đâu mà bốc khói nghi ngút thì ắt hẳn cũng sẽ bớt đi phần nào hấp dẫn. Do đó, người Hà Nội thường tìm tới món ăn không chan nước dùng nóng, nhiều đạm nhưng không ngấy này. Mùi thơm từ những vỉ nướng chả trở luôn tay trên bếp than chính là biển hiệu quyến rũ nhất của các quán bún chả. Khi ăn bún chả, thực khách có thể chọn giữa chả viên và chả nướng, mỗi loại ngon một kiểu khác nhau. Nếu như chả viên là sự kết hợp của hành tỏi, thịt băm nhỏ tẩm ướp nên khá mềm và ngọt thì chả miếng lại dai dai, thơm thơm mùi mỡ cháy. Nước chấm cũng là bí quyết riêng của mỗi quán bởi nước chấm dở sẽ khó lòng tạo nên bát bún ngon được.', '');
INSERT INTO `foods` VALUES ('81', 'Các món chè Sài Gòn', '1', 'Giá thịt dê khoảng: 300,000 – 400,000 đ/kg, nếu ăn tại nhà hàng tại một đĩa dê giao động từ 80,000 – 150,000 đ/ đĩa tùy vào các món khác nhau. Với đặc sản thịt dê núi Ninh Bình người ta có thể chế biến ra các món như là; Dê xào lăn, dê nướng, tiết canh dê, dê hấp, lẩu dê, chân dê hầm thuốc bắc, dê áp chảo…', 'Món ăn dân dã, bắt nguồn từ đồng ruộng này không rõ xuất hiện ở Hà Nội từ bao giờ nhưng từ lâu đã trở thành món quà vặt được ưa thích số một. Người ta có thể ăn bún ốc cho bữa sáng, trưa hoặc tối, ăn vào bất cứ thời điểm nào. Tuy nhiên, thời khắc mà người Hà Nội nhớ tới và thèm bún ốc nhất là trong những ngày Tết cổ truyền. Bát bún ốc luôn sặc sỡ sắc màu của cà chua chưng, những con ốc béo mỡ màng, chuối đậu vàng ươm. Hương vị là sự kết hợp ăn ý của nước dùng trong veo nhưng không kém phần béo ngậy, chua chua thanh thanh và dậy mùi dấm bỗng đặc trưng. Khi ăn, thêm chút hoa chuối thái mỏng và rau sống tươi ngon mới khiến bát bún đầy đủ hương vị.', '');
INSERT INTO `foods` VALUES ('82', 'Ba Khía Rạch Gốc Sài Gòn', '1', 'Ngoài đặc sản thịt dê ra, Ninh Bình còn nổi tiếng với món cơm cháy. Sau khi nấu cơm bằng nồi gang, người đầu bếp lấy cháy ở đáy nồi và cho ra phơi nắng. Sau khi cháy đã khô, cho vào chảo dầu chiên cho đến lúc hạt cơm cháy vàng ương và có mùi thơm ngậy là được. Cơm cháy ngon nhất là ăn với nước sốt dê. Với vị ngậy của cháy hòa quyện vào vị ngọt và thơm của nước sốt dê, chắc chắn bạn sẽ nhớ mãi hương vị cơm cháy Ninh Bình.', 'Lẩu mắm ngon nhất thì phải về miền Tây (Cần Thơ, Vĩnh Long, Long An), nhưng nếu không có thời gian thì bạn có thể thưởng thức lẩu mắm ngay tại Sài Gòn. Nồi lẩu mắm quan trọng nhất là nước dùng, phải chế biến từ loại mắm ngon, nêm nếm khéo léo cho vừa ăn. Lẩu mắm ở Sài Gòn thường có rau muống, kèo nèo, bông súng, đậu bắp, bạc hà, bắp chuối, rau nhút.', '');
INSERT INTO `foods` VALUES ('83', 'Cá lóc nướng trui Cà Mau\n', '1', 'Hiện nay hầu hết các cửa hàng ở Ninh Bình đều có rượu Kim Sơn, tuy nhiên để ngon nhất thì bạn nên vào huyện Kim Sơn để thưởng thức là ngon nhất.', 'Nước dùng là thành phần quan trọng nhất của món bún mắm. Tô bún mắm ngon không quá ngọt, quá mặn hay cay nhưng cũng không hề nhạt nhẽo, nhất là không thể thiếu vị thơm nức của mắm. Ăn bún mắm ngoài lát cá, thịt heo quay, tôm, mực, không thể thiếu đĩa rau sống với rau đắng, bắp chuối, kèo nèo, cọng bông súng, húng thơm. Một số quán ăn ghi điểm thêm nhờ tô nước mắm me chua chua ngọt ngọt rất hấp dẫn.', '');
INSERT INTO `foods` VALUES ('84', 'Lẩu mắm U Minh Cà Mau', '1', 'Bạn có thể thưởng thức món ăn này tại 3 nhà hàng gần nhau ở ngã tư đường Trần Hưng Đạo, thành phố Ninh Bình, một ngả ra chợ Rồng, một ngả vào bệnh viện tỉnh. Hương thơm của món miến lươn lan toả ngọt ngào ra khắp một không gian rộng nơi đây như mời chào khiến du khách khó có thể bỏ qua mỗi khi có dịp tới Ninh Bình.', 'Lẩu cá kèo là món ăn mang hương vị miền Nam đặc trưng. Món lẩu từ cá kèo thường được nấu kèm với lá giang tạo nên vị chua chua, chát chát đặc trưng. Rau dùng với lẩu cá kèo gồm rau muống, rau nhút và rau đắng, giá, hoa chuối… Mang hương thơm hấp dẫn của rau và gia vị đặc trưng, nồi lẩu cá kèo bốc lên sẽ thơm lừng, khó quên.', '');
INSERT INTO `foods` VALUES ('85', 'Gỏi nhộng U Minh Cà Mau', '1', 'Tổng Tr­ường trư­ớc là tổng Trư­ờng Yên (nay là xã Trư­ờng Yên, huyện Hoa Lư), đây là vùng đất có nhiều hang động, có loại cá rô to và béo.', 'Những món ăn này tuy không phải nguồn gốc bản địa song giờ đây cũng trở thành nét đặc trưng của Sài Gòn. Với người dân Sài Gòn, món này dễ ăn và khá được ưa chuộng. Tuy nhiên với dân Bắc, món này có vị hơi ngọt, có thể không quen khi thưởng thức lần đầu. Các quán hủ tiếu rất sẵn trên bất kỳ còn đường, ngõ hẻm nào của Sài Gòn với giá từ 20.000VND/tô.', '');
INSERT INTO `foods` VALUES ('86', 'Chuột đồng Cà Mau', '1', 'Nem Yên Mạc được truyền lại từ đời nào không rõ, nhưng những người sành ăn ở đây đã biết đến từ lâu. Ngày nay, nem Yên Mạc đã vươn xa, có mặt ở nhiều khách sạn, nhà hàng cả trong và ngoài tỉnh.', 'Đây là món ăn của người Tây Ninh, ngoài bánh tráng phơi sương còn có bánh canh, bánh tráng được ăn với thịt heo luộc, thịt bò luộc, cùng với rất nhiều loại rau và mắm nêm đặc trưng của người miền Tây.', '');
INSERT INTO `foods` VALUES ('87', 'Tôm tít Cà Mau', '1', 'Trong tỉnh Ninh Bình có nhiều nơi giới thiệu món ăn này, nhưng gỏi cá nhệch ở Kim Sơn được coi là ngon nhất. ', 'Miếng thịt bò mềm ngọt được quấn với các loại rau tươi rói của Nam Bộ và bánh tráng, ăn với nước chấm chua ngọt pha rất khéo đã làm nên đặc sản bò tơ Củ Chi nổi tiếng. Hiện nay nhiều nhà hàng ở Sài Gòn đã phục vụ món nay nhưng thực khách vẫn chưa tìm được nơi nào có thể sánh ngang với bò tơ chính gốc tại Củ Chi.', '');
INSERT INTO `foods` VALUES ('88', 'Rùa rang muối Cà Mau', '1', 'Ốc núi có nhiều ở các dãy núi đá vôi thuộc thị xã Tam Điệp, Yên Mô, Nho Quan. Chúng thường chỉ xuất hiện từ tháng 4 đến tháng 8 hàng năm, tức là vào mùa mưa, khi thời tiết ẩm ướt.', 'Bánh xèo có vỏ bánh vàng ruộm ở bên ngoài, bên trong có nhân tôm, thịt, giá đỗ, đúc thành hình tròn hoặc gấp lại thành hình bán nguyệt. Bánh xèo miền Nam có trứng, khi ăn chấm nước mắm chua ngọt và rất nhiều loại rau và lá cây tại miệt vườn. Tại một số nhà hàng người ta cho thêm các loại nấm làm nhân bánh xèo ăn rất ngon miệng và bớt ngán.', '');
INSERT INTO `foods` VALUES ('89', 'Cá thòi lòi nướng muối ớt Cà Mau', '1', 'Cốm là món ăn dân dã từ đồng quê nhưng ngon nức tiếng xa gần thì phải kể đến thứ cốm dẻo thơm của làng Vòng (nay thuộc phường Dịch Vọng Hậu, quận Cầu Giấy, Hà Nội). ', 'Nguyên liệu để có một cuốn gỏi cuốn chất lượng là phải đầy đủ: rau, bún, tôm, thịt ba chỉ và tất nhiên không thể thiếu bánh tráng dẻo để cuốn bên ngoài. Tuy nhiên, điều chính yếu để có thể cảm nhận một cuốn gỏi ngon là thành phần nước chấm của nó. Người Nam hay dùng gỏi cuốn chấm với tương đen vì nó có vị ngòn ngọt, cộng thêm đậu phộng và đồ chua nữa. Gỏi cuốn bình dân, thân thuộc đến thế nhưng lại lá 1 trong 50 món ăn ngon nhất thế giới do CNN bình chọn. Gỏi cuốn được bày bán rộng rãi ở khắp các hàng rong, quán cóc, chợ và cả siêu thị giá chỉ 3.000VND/cuốn.', '');
INSERT INTO `foods` VALUES ('90', 'Đuông chà là Cà Mau', '1', 'Đến phủ Tây Hồ nhớ thưởng thức bánh tôm hồ Tây', 'Quán ốc ở Sài Gòn là từ gọi chung, bởi ở đó còn có nhiều loại hải sản khác. Rủ nhau đi ăn ốc cũng là để thưởng thức một thế giới nhuyễn thể thân mềm và giáp xác phong phú, từ nghêu, sò, ốc, hến, đến cua, ghẹ, mực, tôm Có đủ cách chế biến ở Sài Gòn để món ốc luôn hấp dẫn, từ hấp, luộc, xào, chiên, rang đến nướng mọi, đút lò với đủ thứ gia vị như tỏi, hành, tiêu, ớt, rau răm, sả, gừng, húng quế, phô mai, bơ.', '');
INSERT INTO `foods` VALUES ('91', 'Vọp nướng Cà Mau', '1', 'Ở Hà Nội bây giờ có rất nhiều quán bán chả cá nhưng địa chỉ lâu đời nhất phải kể đến quán Chả cá Lã Vọng – 14 phố Chả Cá.', 'Chè miền Nam rất phong phú, từ các loại chè nóng như chè bà ba, chè chuối thưng, chè khoai môn đến chè lạnh như chè đậu đen, chè thập cẩm, chè Huế, chè của người Hoa đều rất hấp dẫn với vị nước cốt dừa béo ngậy và vị ngọt, bùi của nguyên liệu.', '');
INSERT INTO `foods` VALUES ('92', 'Lẩu mắm Dạ Lý', '1', '', '\"Khoảng tháng 7, tháng 8 Âm lịch hằng năm là vào mùa ba khía. ', '');
INSERT INTO `foods` VALUES ('93', 'Vịt nấu chao', '1', '', '', '');
INSERT INTO `foods` VALUES ('94', ' Nem nướng Thanh Vân', '1', '', 'Ba khía vùng này ăn trái đước, vẹt, đặc biệt là trái mắm đen – thứ cây có nhiều rễ bám sâu vào lòng đất của vùng bãi bồi, hàng năm rụng trái làm đen cả nước – nên gạch son nhiều và thịt chắc, ăn rất thơm.\"', '');
INSERT INTO `foods` VALUES ('95', 'Bánh xèo 7 tới', '1', 'Đi phủ Tây Hồ, đừng quên ăn bún ốc ', 'Cá khi vừa bắt dưới sông lên, rửa sạch, dùng que tre xuyên cá từ đầu đến đuôi rồi vùi cá vào đống rơm khô, châm lửa đốt hoặc cắm que xuống đất lấy rơm phủ lên và đốt lửa cho đến khi tro tàn. Khi cá chín, cạo bỏ lớp vẩy đã cháy xém để lộ ra thịt cá trắng và thơm.', '');
INSERT INTO `foods` VALUES ('96', 'Bánh cống Cô Út', '1', '\"Lẩu mắm Nam Bộ 94AB Cao Thắng, P.4, Q.3, giá: 160.000 – 240.000VND;', '\"Nguyên liệu chính của món lẩu mắm U Minh cũng là mắm sặc (nhưng phải là mắm ngon). Mắm được nấu rả thịt, lược kỹ xương, nêm nếm bột ngọt, đường cho vừa ăn rồi cho vào lẩu. Để cho dậy mùi người ta còn bổ sung thêm một ít lá sả bằm mịn, phần gốc sả đập giập cho vào lẩu.', '');
INSERT INTO `foods` VALUES ('97', 'Bánh Khọt Gốc Vú Sữa', '1', 'Lẩu mắm Ăn là khen: 11 Hồ Biểu Chánh, P.12, Q. Phú Nhuận, giá:', '', '');
INSERT INTO `foods` VALUES ('98', 'Bánh bông lan trứng muối gốc cột điện', '1', 'Lẩu mắm: 210.000 – 300.000VND.', 'Bí quyết làm cho nước lẩu có vị béo, thơm và sánh người ta cho vào một ít sữa bò thay đường. Lẩu mắm hạp với nhiều lọai thịt hay cá tùy thích. Nhưng lẩu mắm U Minh nhất định phải được nấu với cá đồng. Ngon nhất là lươn, cá rô mề, cá lóc to hoặc cá trê trắng mới trúng sách.\"', '');
INSERT INTO `foods` VALUES ('99', 'Lẩu Cá Đuối Trương Công Định', '1', '\"', '\"Nhọng ong chế biến rất nhiều món ăn ngon như cháo nhộng ong, nhộng ong xào, nhộng ong trộn gỏi.', '');
INSERT INTO `foods` VALUES ('100', 'Cơm niêu ', '1', '\"Bún mắm Huỳnh Lâm (gia truyền Bạc Liêu), 37A Gò Dầu, Q. Tân Phú: 28.000VND/tô;', '', '');
INSERT INTO `foods` VALUES ('101', 'Cháo Hàu', '1', 'Quán bún mắm 444 – 369 Lê Quang Định, P.5, Q.Bình Thạnh, mở cửa từ 9h đến 21h hàng ngày, trừ ngày rằm và mùng 1, giá 35.000VND/tô;', 'Trong đó, món nhộng ong trộn gỏi được ưa chuộng vì có thể kết hợp vị ngon bùi của nhộng ong và vị thơm của các loại rau.\"', '');
INSERT INTO `foods` VALUES ('102', 'Gỏi cá mai ', '1', 'bún mắm 528 Phan Văn Trị, Q.Gò Vấp, giá 30.000VND/tô.', '\"Chuột đồng làm sạch để ráo nước, ướp với sả ớt bằm nhuyễn, rồi thêm muối, bột ngọt, nước mắm phải thật ngon, một chút đường cho vị dịu xuống. Đợt một lúc cho gia vị ngấm vào thịt chuột rồi mới đem chiên trên lửa riu riu, nhớ đảo đều để miếng thịt chuột chín đều và vàng ruộm là ngon.', '');
INSERT INTO `foods` VALUES ('103', 'Hủ tíếu', '1', '\"', '', '');
INSERT INTO `foods` VALUES ('104', 'Bún mắm Chị Bé', '1', '\"Số 4 Nguyễn Thị Diệu, P.6, Q.3,', 'Món này ăn với cơm gạo mới nấu thơm lừng thì không thể nào dừng được. Vừa đậm tình quê vừa ngon đến tận miếng cuối cùng, vừa ăn vừa xuýt xoa vừa hít hà vừa no căng bụng vừa tràn đầy tình yêu mến đối với đất Cà Mau.\"', '');
INSERT INTO `foods` VALUES ('105', 'Bánh cuốn chả mực bà Ngân ', '1', 'Các quán lẩu cá kèo trên đường Sư Thiện Chiếu.', '\"Tôm tít vừa ngon, ngọt, hiền lành vừa đậm đà hương biển, khác xa với mùi vị của tôm sú và tôm hùm.Cách chế biến tôm tít không cầu kỳ lắm, chỉ cần hấp, luộc hoặc nướng, chấm muối tiêu chanh hoặc nước mắm me cũng đủ níu chân khách mọi miền.', '');
INSERT INTO `foods` VALUES ('106', 'Món ngán', '1', '\"', '', '');
INSERT INTO `foods` VALUES ('107', ' Bánh “gật gù”', '1', '\"Hủ tiếu mì trên đường Mạc Thị Bưởi (Q.1), hủ tiếu cá gà trên đường Tôn Thất Đạm (Q.1).', 'Thịt tôm tít đỏ hồng, mùi phưng phức, mềm mại nhưng không bở. Dân sành điệu dùng món này thường kèm thêm rau sống, cà chua, chuối chát, dưa leo và nếu như có thêm chút mù tạt càng ngon. Thịt tôm nếu đem cuốn với bánh tráng rau sống chấm nước mắm chua – cay, chưa chắc có món cuốn nào bì kịp.\"', '');
INSERT INTO `foods` VALUES ('108', 'Bún và bánh đa hải sản', '1', 'Hủ tiếu mì vàng trên đường Hải Thượng Lãn Ông (Q.5).', 'Rùa có thể làm được rất nhiều món ăn ngon và bổ, nhưng ngon nhất vẫn là món rùa rang muối, vừa dễ làm, dễ tìm gia vị,thơm giòn, ngon ngọt, béo ngậy của thịt rùa, vị cay cay của rau răm, rau húng, vị cay nồng, ngòn ngọt thực sự là một món ăn dân dã đặc biệt của người xứ Cà Mau.', '');
INSERT INTO `foods` VALUES ('109', 'Sam ', '1', 'Hủ tiếu 46/102 Võ Văn Tần, Q.3, mì Vịt tiềm trên đường Phạm Văn Hai (Q.Tân Bình), mì chú Tắc: 22 Bà Huyện Thanh Quan, Q.3.\"', 'Thòi lòi là một loại sinh vật lạ đời, là cá nhưng lại nhảy loi choi, kiếm mồi trên mặt nước, đất bùn và sống trong hang.', '');
INSERT INTO `foods` VALUES ('110', 'Ốc xào', '1', '\"Bạn có thể ăn bánh tráng Trảng Bàng ở hệ thống cửa hàng của Hoàng Ty.', 'Không những độc đáo và ngon miệng, đuông chà là còn được ưa thích bởi vì nó giàu chất dinh dưỡng bổ béo. Đuông chà là hiện nay rất đắt và quý.', '');
INSERT INTO `foods` VALUES ('111', 'Bún quậy Kiến Xây ', '1', 'bánh tráng Trảng Bàng 411 – 413 Nguyễn Tri Phương, Q.10.', 'Vọp là một hải sản có hình dạng giống nghêu là món ăn đặc sản của Cà Mau . Vọp được chế biến thành nhiều món: vọp nấu chua cơm mẻ, vọp hấp gừng, vọp kho tộ, gỏi vọp bắp chuối rau thơm, nhưng đứng đầu vẫn là vọp nướng mỡ hành.', '');
INSERT INTO `foods` VALUES ('112', 'Bánh canh chả cá Phụng ', '1', '\"', '\"Để được mùi vị đặc biệt của nem nướng Thanh Vân, chủ quán phải chọn thịt heo thật tươi mới, được quết thật nhuyễn bằng cối đá, sau đó thịt được quết sẽ được ướp gia vị theo công thức truyền thống của quán, rồi được vo thành viên, xỏ que nướng trên than hồng.', '');
INSERT INTO `foods` VALUES ('113', 'Cơm tấm Huỳnh Nhu Nguyễn Trãi', '1', '\"Quán bò tơ Xuân Đào – Đi thẳng trên đường Quốc lộ 22, Qua ngã tư Trung chánh và đến cầu vượt Củ Chi, nhìn phía tay phải sẽ thấy quán bò tơ Xuân Đào, huyện Củ Chi;', 'Món nem nướng Thanh Vân còn đặc biệt ở chỗ có thêm món tằm bì cắt nhuyễn cùng chả giò chay với nhân bên trong được làm bằng khoai môn ngọt tạo nên mùi vị hấp dẫn tuyệt vời, khó lòng quên được.\"', '');
INSERT INTO `foods` VALUES ('114', 'Ốc hương nướng muối ớt', '1', ' Bò tơ Hồng Đào cũng ở Quốc lộ 22 nhưng bên tay trái.\"', '\"Nguyên liệu chính để nấu món này là thịt vịt (vịt ta hay vịt xiêm, miền Bắc gọi là ngan). Chọn một con từ 1,5 kg trở lên, vịt làm xong, thoa ngoài da một lớp nước gừng và rượu. Chặt miếng vừa phải, ướp gia vị: chao trắng, bột ngọt, tỏi, tiêu, ớt, nước cốt dừa vừa đủ, để khoảng 30 phút đem chiên sơ qua trước khi nấu.', '');
INSERT INTO `foods` VALUES ('115', 'Bún kèn', '1', '\"46A Đinh công Tráng, Q.1; Mười Xiềm, 190 Nam Kỳ Khởi Nghĩa, P.6, Q.3;', ' ', '');
INSERT INTO `foods` VALUES ('116', 'Ghẹ hấp Hàm Ninh', '1', 'Ăn Là Ghiền, 74 Sương Nguyệt Ánh, P.Bến Thành, Q.1.', 'Khoai môn (khoai sọ) luộc vừa chín, bóc vỏ, chiên qua. Khi thịt vịt vừa chín tới thì cho khoai, hành tây, nấm rơm búp vào để sôi khoảng 15 phút rồi nhấc xuống.', '');
INSERT INTO `foods` VALUES ('117', 'Bánh tét Mật Cật\n Phú Quốc', '1', '\"', ' ', '');
INSERT INTO `foods` VALUES ('118', 'Bún cá', '1', '\"Vỉa hè công viên Lê Văn Tám (đường Hai Bà Trưng),', 'Khi ăn cho hỗn hợp vào lẩu (dùng than đước, hoặc bếp ga nhỏ) để lửa liu riu ăn kèm các loại rau cải như cải cúc, rau muống, tàu hũ, bún tàu hay mì sợi. Có người thích ăn thêm trứng vịt lộn hay rau diếp cá, rau cần, cù nèo, giá... Vịt nấu chao phải ăn nóng mới ngon.', '');
INSERT INTO `foods` VALUES ('119', 'Cá Mú Nướng \nMọi Phú Quốc', '1', 'siêu thị BigC,', ' ', '');
INSERT INTO `foods` VALUES ('120', 'Còi biên mai \nnướng muối ớt', '1', 'siêu thị Coopmart\"', 'Mỗi miếng thịt để lại trong ta dư vị ngọt, bùi, thơm, ngậy của chao, nước cốt dừa, vị nồng cay của gừng, tiêu, ớt, tỏi, vị dịu mát của các loại rau. Theo kinh nghiệm dân gian, thịt vịt thuộc khí âm (lạnh) được thêm vào các vị khí dương (nóng) của rượu, tiêu, tỏi, chao, ớt làm trung hòa tạo ra sự cân bằng âm dương rất có lợi cho sức khỏe.\"', '');
INSERT INTO `foods` VALUES ('121', 'Cá xanh xương \nnướng bẹ chuối', '1', '\"Ốc Đào 2- 132 Nguyễn Thái Học, Q.1;', '\"Nem nướng làm bằng thịt heo nạc, quết thật nhuyễn cho thêm tí mỡ hạt lựu và hương liệu tỏi, đường, muối... vò viên bằng đầu ngón tay. Người bán xiên hoặc kẹp gấp nhiều viên thịt trên chiếc đũa tre đặt trên vỉ than hồng, mỡ nhỏ giọt xèo xèo bốc khói thơm phức. Cô Trần Ngọc Thơ, chủ quán Thanh Vân tiết lộ, để có món nem ngon, viên nem được vò vừa phải để khi nướng thịt sẽ chín đến tận trong ruột, đạt độ dai, giòn đồng đều.', '');
INSERT INTO `foods` VALUES ('122', 'Sò điệp nướng \nmỡ hành', '1', 'Ốc Quang Anh, 189 Tô Hiến Thành, P13, Q.10;', 'Nem nướng thường dùng tương xay pha nước chấm chứ không dùng mắm nêm pha với khóm như miền ngoài. Nước tương sền sệt có màu vàng ánh mỡ, chế bằng hỗn hợp: tương xay, đường, tỏi, ớt, bột, mỡ, đậu phộng xay nhuyễn ... nêm gia vị rất khéo. Ở món nem này, nước chấm chỉ đóng vai trò thứ yếu làm tăng khẩu vị. Thế nhưng nếu vụng pha nước chấm thì món  nem nướng dẫu thơm ngon đến đâu cũng mất đi cái phần tinh tế; mất đi cái hồn món ăn.\"', '');
INSERT INTO `foods` VALUES ('123', 'Mực trứng hấp\n gừng', '1', 'Ốc số 9, 23 Nguyễn Văn Giai, P. Ða Kao, Q.1;', '\" tất cả nguyên liệu làm bánh đều bắt nguồn từ những thứ có sẵn trong nhà, ngoài vườn như: gạo làm bột, bột nghệ, các loại rau, nấm...', '');
INSERT INTO `foods` VALUES ('124', 'Canh chua cá \nbớp', '1', 'Ốc cô Hồng, hẻm 177 đường 3/2, Q.10;', 'Bột để làm bánh xèo là bột gạo pha nước cốt dừa, nghệ củ cho có màu vàng tươi. Bánh xèo ăn kèm với nhiều loại rau như: cải xanh, xà lách, cùng các loại rau thơm...Muốn món bánh xèo ngon ngoài kĩ thuật đổ bánh mỏng, dòn thì việc pha chế nước chấm cũng đóng một vai trò vô cùng quan trọng. Bởi nước chấm được ví như cái hồn của món ăn, món ăn có hợp khẩu vị, có hấp dẫn được nhiều thực khách hay không là ở tài pha chế nước chấm của chủ quán.\"', '');
INSERT INTO `foods` VALUES ('125', 'Ốc tai tượng', '1', 'Ốc Xinh, 002 Lô B5 chung cư P.3, đường nội bộ 12B, Khánh Hội, Q.4;', '\"Nguyên liệu chính để làm bánh là bột gạo, đậu xanh, thịt băm và tôm. Muốn bánh được ngon thì cách pha bột, cách trộn nhân khá quan trọng, sao cho vỏ bánh giòn vàng, nhân bánh đậm đà. ', '');
INSERT INTO `foods` VALUES ('126', 'Hàu đá', '1', 'Quán Ốc Việt: 237/50 Trần Văn Đang, P.11, Q.3.\"', 'Chuẩn bị mọi nguyên liệu xong xuôi, khâu chiên bánh cũng khá hấp dẫn. Điều thú vị là thực khách có thể vừa thưởng thức bánh cống cũng vừa có thể xem các chủ quán chiên bánh. Bánh cống ăn tới đâu chiên tới đó. Một chảo dầu sôi sâu lòng, lấy muỗng cho bột vào khuôn cống sau đó cho nhân là đậu xanh và thịt bằm, đổ trên nhân bánh một chút bột nữa, sau cùng là để lên đó một vài con tôm. Nhúng cống ngập trong dầu sôi liu riu, lửa càng nhỏ bánh mới giòn đều từ ngoài vỏ bánh đến trong nhân.', '');
INSERT INTO `foods` VALUES ('127', 'Nhum', '1', '\"Chè Kỳ Đồng, 153/7 Kỳ Đồng, P.9, Q.3; Hà Kí, 140 Châu Văn Liêm, Q.5;', '\"', '');
INSERT INTO `foods` VALUES ('128', 'Khô cá', '1', 'Chè Nam Bộ 16/1A Đinh Tiên Hoàng, P.Đa Kao, Q.1;', 'Để làm được bột ngon, bạn phải lựa chọn được loại gạo ngon, đem ngâm gạo qua đêm, sáng hôm sau sẽ xay thành bột loãng. Tiếp đó là khâu pha chế bột, pha bột với nước cốt dừa theo một tỉ lệ nhất định (đây chính là bí quyết của mỗi quán) để tạo mùi thơm và vị béo cho bánh, pha thêm một thìa cà phê muối để tạo độ đằm.', '');
INSERT INTO `foods` VALUES ('129', 'Xôi Xiêm', '1', 'Chè mâm 12 món – số 032 lô H, chung cư Ngô Gia Tự, đường Sư Vạn Hạnh, Q.10.\"', ' Thìa bột bánh được đổ vào từng khuôn rồi nướng trực tiếp trên than hồng. Nhân bánh thường là phô mai và trứng muối, bên trên phủ lớp chà bông do bà Út Xứ làm. Chỉ cần đợi vài phút là khách hàng đã có thể thưởng thức mẻ bánh mới ra lò nóng hổi và thơm nức mũi.', '');
INSERT INTO `foods` VALUES ('130', 'Mắm cà xỉu của ngư dân bản địa', '1', 'Ba khía Rạch Gốc đã có thương hiệu từ xưa đến nay vì chỉ có địa phương này con ba khía mới thật sự thịt ngon, thơm và rất chắc, hấp dẫn hơn cả. ', 'Đường Trương Công Định nổi tiếng với món lẩu cá đuối, đây là 1 món ăn khá bình dân và nghiễm nhiên trở thành đặc sản của Vũng Tàu mỗi khi dừng chân tại thành phố này. Lẩu có 3 giá: 130k, 170k, 200k.', '');
INSERT INTO `foods` VALUES ('131', 'Bún kèn và bún \nxiêm lo', '1', 'Vùng đất U Minh ở Cà Mau từ lâu nổi tiếng với món cá lóc nướng trui là món ăn dân dã, dễ làm và đặc trưng cho miền sông nước Nam Bộ có một hương vị vô cùng độc đáo.', 'Sẽ thật thiếu sót nếu đến thành phố biển lại không thưởng thức hải sản.  Chỉ cần một vòng ra chợ Xóm Lưới là bạn có thể chọn lựa ngay cho mình những loại hải sản tươi ngon với một mức giá rẻ bất ngờ. Chưa hết, ngay chợ còn có cả dịch vụ chế biến nhanh tại chỗ bằng cách hấp hoặc luộc, sẵn sàng phục vụ bạn bất cứ lúc nào bạn yêu cầu.', '');
INSERT INTO `foods` VALUES ('132', 'Tôm khô thơm lừng hương vị đại dương', '1', 'Đến thăm vùng đất U Minh của Cà Mau bạn đừng quên dùng qua món lẩu mắm với rất nhiều loài cá và rau đồng chỉ có ở vùng đất U Minh. Một trong những món ăn dân dã không thể thiếu của người dân Nam Bộ.', 'Chỉ cần đi dạo một vòng trung tâm Vũng Tàu, bạn sẽ bắt gặp rất nhiều quán cơm niêu. Nổi bật trong số đó có cơm niêu Tập Tàng trên đường Nguyễn Thái Học, hay Nhà Lá cơm niêu trên đường Nguyễn An Ninh. Đây là những quán đã được Ủy Ban Du Lịch Vũng Tàu đảm bảo bán đúng giá niêm yết trên menu, nên nếu muốn thử món cơm niêu, đây là những địa chỉ lý tưởng dành cho bạn.', '');
INSERT INTO `foods` VALUES ('133', 'Bánh thốt nốt Hà Tiên', '1', 'Nhộng ong U Minh nhiều và có vị bùi, béo ngậy, ngon không thể tả.', '\"Cháo được nấu nhừ từ loại gạo ngon,', '');
INSERT INTO `foods` VALUES ('134', ' Lẩu Gà đá 1111', '1', 'Chuột đồng là món ăn rất đặc trưng của vùng miền tây sông nước, chuột được chế biến thành rất nhiều món ngon như chuột nướng lu, Chuột đồng chiên xả ớt …', ' hoà quyện với vị ngọt thanh tự nhiên và hương vị béo ngậy của những chú hàu tươi, rắc thêm chút hành ngò xắt nhuyễn và một ít tiêu, một ít ớt. Thực khách trộn đều để các nguyên liệu này quyện vào nhau, làm cho bát cháo hàu trông thêm phần hấp dẫn. Món cháo hàu bổ dưỡng lại ngon miệng, luôn là món ăn tuyệt nhất và ấn tượng nhất khiến thực khách nhớ mãi sau chuyến du lịch dài ngày tại Vũng Tàu.\"', '');
INSERT INTO `foods` VALUES ('135', ' Lẩu mắm và Vịt\n nấu chao', '1', '', '\"  Bột gạo được pha sẵn, đổ vào từng chiếc chung một rồi đem hấp chín. Khi hấp, ', '');
INSERT INTO `foods` VALUES ('136', 'Cá sòng nướng cuốn\n bánh tráng', '1', 'Rùa là một loại động vật hoang dã có rất nhiều ở vùng rừng ngập mặn mũi Cà Mau. Có nhiều loại rùa, nào là rùa vàng, rùa nắp, rùa quạ, rùa hôi, rùa dém nhưng ngon nhất là rùa vàng, kế đến là rùa nắp, rùa quạ.', 'nước trong nồi phải luôn sôi thì bánh mới chín trong và tạo thành một lỗ tròn giữa chiếc bánh rất đẹp.', '');
INSERT INTO `foods` VALUES ('137', 'Hải sản', '1', 'Cá thòi lòi được đánh giá là một trong những sản vật của những vùng ngập mặn Cà Mau, bởi  thịt ngọt thơm, mềm mại, hiền, ngon.', 'Cũng như người Huế, người dân ở vùng đất này sử dụng tôm chấy để ăn kèm với ', '');
INSERT INTO `foods` VALUES ('138', 'Cá nướng', '1', 'Rừng ngập mặn Cà Mau có rất nhiều chà là, nên cũng có rất nhiều đuông được coi là đặc sản đệ nhất Nam Bộ.', 'món bánh này, một thành phần quan trọng tăng thêm sự đẹp mắt, thơm ngon cho bánh bèo là phần nhị màu gạch được làm từ tôm chấy . ngoài ra, còn có hương thơm của hẹ phi, cái giòn rụm của những mẫu bánh mì chiên giòn đem lại cảm giác thích thú cho thực khách.\"', '');
INSERT INTO `foods` VALUES ('139', 'Bánh căn', '1', '', '\"Cá khi đánh bắt về được làm sạch vảy,', '');
INSERT INTO `foods` VALUES ('140', 'Bánh canh', '1', '\"tọa lạc trên đường ', ' rút xương ướp gia vị để làm chín cá. Những gia vị ướp cá tươi để làm gỏi không phức tạp, mà đơn giản như những món gỏi cá khác như giấm, tỏi, chanh và ớt. Cá đã tái, sẽ được trộn thêm thính, đậu phụng giả giập để tăng mùi thơm và cá sẽ khô hơn, rắc thêm một ít đậu phụng lên mặt để trang trí.', '');
INSERT INTO `foods` VALUES ('141', 'Bánh bèo', '1', '3/2.\"', '', '');
INSERT INTO `foods` VALUES ('142', 'Bún bò ấp Ánh \nSáng', '1', ' quán Kim Liên, Thành Giao hẻm 1, đường Lý Tự Trọng, Cần Thơ.', 'Gỏi cá mai ăn cùng với rau sống cuốn bánh tráng. Các loại rau ăn cùng cũng tương tự như các loại gỏi cá khác gồm có chuối chát, khế chua, dưa leo, húng lủi, húng quế, dấp cá, tía tô và một số loại rau khác.', '');
INSERT INTO `foods` VALUES ('143', 'Nem nướng Bà \nHùng và nem nướng Bà Nghĩa', '1', '17, Đại lộ Hòa Bình,quận Ninh Kiều, Cần Thơ', 'Đặc biệt góp phần làm nên hương vị gỏi cá mai độc đáo là ở nước chấm. Nước chấm có tỏi, ới bằm, đường, chanh, giấm, nước mắm, đậu phụng giã giập, một chút soda hoặc mắm tôm. Dù nguyên liệu chỉ có thế, song có làm nên một chén nước chấm ngon hay không lại là cả một nghệ thuật.', '');
INSERT INTO `foods` VALUES ('144', 'Bánh ướt lòng gà', '1', 'Đường Cái Sơn Hàng Bàng, Q.Cái Răng, TP Cần Thơ', '\"', '');
INSERT INTO `foods` VALUES ('145', 'Bánh tráng nướng', '1', '86/38, đường Lý Tự Trọng, phường An Cư, quận Ninh Kiều', '\"Thật ra, Hủ tiếu Vũng Tàu không chỉ ngon ở vẻ bề ngoài mà ở chính hương vị của nó không lẫn vào đâu được. Hương vị đó được tạo ra bởi sự hòa quyện của hai thành phần chính trong tô hủ tíếu là bánh hủ tiếu và nước súp (Dĩ nhiên các thành phần khác như thịt, gan... làm cho hương vị hủ tíu ngon và đậm đà thêm). nhưng đặc biệt hơn cả là một gia vị quan trọng không thể thiếu làm nên món hủ tiếu thơm ngon là cải thảo xào , nếu không tinh ý thì khi ăn bạn nhầm là tôm khô, gia vị này là một bí quyết giúp món hủ tiếu Vũng Tàu thơm ngon đến vậy.', '');
INSERT INTO `foods` VALUES ('146', 'Món sắp sắp', '1', '14 Nguyễn Trường Tộ, P. 2, Tp. Vũng Tàu', 'Nước súp được nấu bằng xương heo,', '');
INSERT INTO `foods` VALUES ('147', ' Chả ram bắp', '1', 'số 17B đường Nguyễn Trường Tộ', ' chủ yếu là xương ống và một số gia vị khác có tính “bí quyết riêng” của từng chủ quán, nhưng rất hạn chế dùng hóa chất; thêm vào đó nhờ khéo canh lửa, hớt bọt nên có điểm chung là trong vắt, hương vị thơm, ngọt đậm đà tự nhiên.\"', '');
INSERT INTO `foods` VALUES ('148', 'Dâu tây kem', '1', '\"40 – 44 Trương ', '\"Theo chia sẽ của anh Viên chủ quán thì', '');

-- ----------------------------
-- Table structure for giftimages
-- ----------------------------
DROP TABLE IF EXISTS `giftimages`;
CREATE TABLE `giftimages` (
  `giftimage_id` int(11) NOT NULL AUTO_INCREMENT,
  `giftimage_hinhanh` varchar(255) CHARACTER SET latin1 DEFAULT NULL,
  `gift_id` int(11) DEFAULT NULL,
  PRIMARY KEY (`giftimage_id`),
  KEY `gift_image` (`gift_id`),
  CONSTRAINT `gift_image` FOREIGN KEY (`gift_id`) REFERENCES `gifts` (`gift_id`)
) ENGINE=InnoDB DEFAULT CHARSET=utf8;

-- ----------------------------
-- Records of giftimages
-- ----------------------------

-- ----------------------------
-- Table structure for gifts
-- ----------------------------
DROP TABLE IF EXISTS `gifts`;
CREATE TABLE `gifts` (
  `gift_id` int(11) NOT NULL AUTO_INCREMENT,
  `gift_ten` varchar(255) DEFAULT NULL,
  `gift_mota` text,
  `gift_sdt` varchar(20) DEFAULT NULL,
  `gift_website` varchar(255) DEFAULT NULL,
  `gift_hinhanh` varchar(255) DEFAULT NULL,
  `gift_trangthai` tinyint(1) DEFAULT NULL,
  PRIMARY KEY (`gift_id`)
) ENGINE=InnoDB AUTO_INCREMENT=81 DEFAULT CHARSET=utf8;

-- ----------------------------
-- Records of gifts
-- ----------------------------
INSERT INTO `gifts` VALUES ('1', 'Trái cây', 'Các loại trái cây tươi ngon ở Bến Tre là một trong những món quà không thể không mua khi đi du lịch.', '', '', null, '1');
INSERT INTO `gifts` VALUES ('2', 'Kẹo dừa', 'Kẹo dừa Bến Tre vừa thơm, vừa béo là món quà ý nghĩa để tặng người thân khi đi du lịch Bến Tre', '0903.964.730', 'http://www.keoduathanhlongvn.com.vn/', null, '1');
INSERT INTO `gifts` VALUES ('3', 'Rượu dừa', 'Rượu được làm từ chính quả dừa - đặc sản của vùng Bến Tre nên khi uống bạn sẽ cảm nhận được mùi vị thơm mát của dừa hòa quyện cùng rượu nếp.', '093 235 93 40', '', null, '1');
INSERT INTO `gifts` VALUES ('4', 'Quà lưu niệm từ dừa', 'Sản phẩm thủ công mỹ nghệ dừa được làm từ dừa rất kỳ công. Sản phẩm dùng để làm quà lưu niệm hoặc trang trí rất đẹp và có ý nghĩa.', '0967 789998', 'http://idacsan.vn/', null, '1');
INSERT INTO `gifts` VALUES ('5', 'Bánh tráng Mỹ Lồng', 'Bánh tráng Mỹ Lồng thơm giòn, khi nướng chính có màu rất đẹp và ăn béo béo vị dừa, là món quà không thể thiếu khi du lịch Bến Tre.', '0968 789998', 'http://idacsan.vn/', null, '1');
INSERT INTO `gifts` VALUES ('6', 'Bánh phồng Sơn Đốc', 'Bánh phồng Sơn Đốc ăn vừa giòn vừa thơm là món đặc sản không thể không mua về.', '0969 789998', 'http://idacsan.vn/', null, '1');
INSERT INTO `gifts` VALUES ('7', 'Xà phòng dừa', 'Xà phòng dừa handmade kết hợp với mỗi loại tinh dầu sẽ tạo ra công dụng rất đặc trưng, không thể không mua về làm quà.', '08 22209279', 'http://coco-secret.vn/', null, '1');
INSERT INTO `gifts` VALUES ('8', 'Mứt dừa', 'Mứt dừa tuy dân dã mộc mac nhưng đã làm biết bao nhiêu người nhớ mãi, từ hương thơm nhè nhẹ, beo béo tự nhiên của dừa kết hợp với vị ngọt ngọt, thanh thanh của đường đã làm bạn ăn hoài không chán.', '093 925 83 05', 'https://www.facebook.com/mutduahomemade/', null, '1');
INSERT INTO `gifts` VALUES ('9', 'Bánh tráng chuối', 'Bánh tráng chuối ngon nhờ sự hòa quyện của vị béo nước cốt dừa, vị bùi của khoai mỳ và nếp và nhất là mùi vị thơm ngọt tự nhiên của chuối.', '0969 789998', 'http://idacsan.vn/', null, '1');
INSERT INTO `gifts` VALUES ('10', 'Rượu Phú Lễ', 'Mang hương vị vùng châu thổ sông Mekong, đậm đà, phóng khoáng như năng gió Phương Nam, như cái mênh mang của vùng sông nước Nam Bộ, rượu Phú Lễ từ lâu đã được đưa vào hàng đệ nhất danh tửu.', '0753 763116', 'http://ruouphule.com/', null, '1');
INSERT INTO `gifts` VALUES ('11', 'Bánh tráng phơi sương Trảng Bàng', 'Bánh tráng phơi sương đơn giản, mộc mạc không cầu kỳ như các loại bánh tráng khác nhưng lại xuất hiện trong mọi bữa ăn gia đình, là món quà mà bất cứ ai cũng muốn mua về cho người thân, bạn bè.', '0977 669411', 'http://banhtrangme.com/', null, '1');
INSERT INTO `gifts` VALUES ('12', 'Muối tôm Tây Ninh', 'Không như bánh canh hay bánh tráng Tây Ninh, muối tôm là một đặc sản nổi tiếng có phần nghịch lý của Tây Ninh. Ở vùng đất thiếu cả muối lẫn tôm mà lại nổi tiếng với đặc sản là muối tôm. Tuy nhiên, đó là bí quyết, niềm tự hào của người dân Tây Ninh.', '0978 669411', 'http://banhtrangme.com/', null, '1');
INSERT INTO `gifts` VALUES ('13', 'Nem Bưởi', 'Nem Bưởi là đặc sản Tây Ninh\ncó vị hơi chua, được làm từ vỏ bưởi mang đến vị chua chua, cay cay, một chút mặn mặn và ngọt nhẹ.', '', '', null, '1');
INSERT INTO `gifts` VALUES ('14', 'Nấm hương rừng Sapa', 'Về hình dáng, nấm hương rừng Sapa không khác là mấy so với các loại nấm hương khác. Nhưng hương vị thì không có bất kỳ loại nấm hương thông thường nào có thể sánh bằng.', '', '', null, '1');
INSERT INTO `gifts` VALUES ('15', 'Đào rọ Sapa và mận hậu Bắc Hà', 'Nếu bạn đến Sapa vào mùa hè, bạn sẽ được đắm chìm trong vẻ đẹp đến nao lòng của những vườn đào, mận chín mọng, sai trĩu và nhất là được thưởng thức những quả đào rọ bằng cái chén mặt châu, thơm lừng, có vị ngọt mà hơi chua chát; những quả mận hậu ngoài tí', '', '', null, '1');
INSERT INTO `gifts` VALUES ('16', 'Măng vầu Sapa', 'Vị ngọt thanh, hơi đắng của măng vầu Sapa đã chiếm trọn “cái dạ dày” của khách du lịch khi đến đây.', '', '', null, '1');
INSERT INTO `gifts` VALUES ('17', 'Rau cải mèo Sapa', 'Đây là giống cải chỉ có ở Sapa. Nếu bạn đã từng được nếm vị giòn dai, đắng đầu lưỡi ngọt cuống họng thì bạn sẽ không bao giờ có thể quên được những món ăn được chế biến từ loại cải này. ', '', '', null, '1');
INSERT INTO `gifts` VALUES ('18', 'Rượu táo mèo và rượu San Lùng', 'Là một loại rượu đặc sản của người dân tộc Dao đỏ, được sản xuất tại Thôn San Lùng - xã Bản Xèo - huyện Bát Xát - tỉnh Lào Cai.', '0203 626668', 'http://ruousanlung.com.vn/', null, '1');
INSERT INTO `gifts` VALUES ('19', 'Thịt trâu gác bếp', 'Nếu đã nói đến những món đặc sản Sapa nên mua về làm quà thì không thể bỏ qua thịt trâu gác bếp. Khác với những nơi khác, thịt trâu gác bếp của người Sapa được làm hoàn toàn bằng trâu bản, đem tẩm ướp những loại gia vị bí truyền và sấy khô bằng sức nóng v', '', '', null, '1');
INSERT INTO `gifts` VALUES ('20', 'Tương ớt Mường Khương', 'Không giống với những loại tương ớt thông thường, tương ớt Mường Khương được chế biến từ loại ớt thóc đặc biệt, kết hợp với tỏi củ, hạt rau thì là, hạt rau mùi, thảo quả, hạt dồi, quế, muối, rượu và nước, theo một tỷ lệ gia truyền.', '', '', null, '1');
INSERT INTO `gifts` VALUES ('21', 'Thanh Long Phan Thiết', 'Thanh long Phan Thiết không chỉ được xuất bán cho các tỉnh thành trên cả nước mà còn được nhập sang các quốc gia khác trong khu vực.', '', '', null, '1');
INSERT INTO `gifts` VALUES ('22', 'Nước mắm Phan Thiết', 'Được chế biến từ những con cá cơm tươi rói cùng sự cần mẫn của con người miền biển và bí quyết gia truyền riêng đã cho ra những giọt nước mắm Phan Thiết ngon tuyệt.', '', '', null, '1');
INSERT INTO `gifts` VALUES ('23', 'Bánh rế Phan Thiết', 'Bánh rế là một trong những đặc sản nổi tiếng vùng đất Phan Thiết. Bánh được làm từ khoai lang hoặc khoai mì bào sợi, sau đó tạo thành hình tròn và chiên trên chảo dầu sôi sục.', '', '', null, '1');
INSERT INTO `gifts` VALUES ('24', 'Mực một nắng Phan Thiết', 'Mực một nắng Phan Thiết là món đặc sản nức tiếng tại thành phố biển xinh đẹp này.Mực một nắng chính là những chú mực lá sau khi được ngư dân đánh bắt về đem phơi dưới ánh mặt trời đúng 1 ngày rồi đóng gói và ướp lạnh thật kỹ.', '', '', null, '1');
INSERT INTO `gifts` VALUES ('25', 'Hải sản khô Phan Thiết', 'Khi đi du lịch Phan Thiết, bạn sẽ dễ dàng lựa chọn mua các loại hải sản khô về làm quà tặng người thân và bạn bè như khô cá chỉ vàng, khô mực, tôm khô, cá rim, mực rim chua ngọt, …', '09754 08 953', 'http://haisansachphanthiet.com/hai-san/hai-san-kho/', null, '1');
INSERT INTO `gifts` VALUES ('26', 'Mè xững', 'Là niềm tự hào của người dân Huế, mè xửng là thứ kẹo ngon lại còn dai dai, ăn hoài vẫn không thấy ngán. Mè (vừng) và xững (cách hoán đường) hợp thành tên kẹo.', '054. 3511246', 'http://www.mexungthienhuong.com.vn/index.php/thienhuong', null, '1');
INSERT INTO `gifts` VALUES ('27', 'Nem và Tré', 'Đây cũng là hai món ăn độc đáo ở Huế, được nhiều du khách lựa chọn mua về làm quà khi du lịch Huế cho người thân khi đến Huế. Nem Huế có cách nêm gia vị đặc trưng riêng mà nem miền Bắc và miền Nam không có.', '098 352 75 46', 'http://dongbahue.com/', null, '1');
INSERT INTO `gifts` VALUES ('28', 'Hạt sen', 'Sen thì nơi đâu mà không có, từ Bắc đến Nam chỗ nào cũng có sen, có sen tức là có hạt sen nhưng nếu nói hạt sen ngon, dở, đậm đà thì không đâu bằng sen Huế nhất là sen hồ Tịnh.', '054.35.35.978', 'https://www.dacsanhue.com.vn/?cat_id=1#', null, '1');
INSERT INTO `gifts` VALUES ('29', 'Dầu tràm Tiến Triều', 'Dầu tràm này có tác dụng phòng ho, tránh gió, cảm lạnh,… cho tất cả mọi người rất hiệu quả. Nó là sản phẩm không thể thiếu ở mỗi gia đình Huế.', '0122 9423014', 'http://tientrieu.vn/', null, '1');
INSERT INTO `gifts` VALUES ('30', 'Thanh trà Huế', 'Thanh trà Thủy Biều là giống cây đặc sản nổi tiếng từ hàng trăm năm nay ở Huế. Chẳng biết cây này vốn có xuất xứ từ đâu và được trồng ở Thủy Biều tự bao giờ, nhưng nghe đâu cũng đã ngót mấy trăm năm rồi.', '', '', null, '1');
INSERT INTO `gifts` VALUES ('31', 'Mắm sò Lăng Cô', 'Cùng với tôm chua, ruốc, mắm sò Lăng Cô là món ăn đặc sản vùng đất cố đô. Lăng Cô là một thắng cảnh nổi tiếng thuộc huyện Phú Lộc, Thừa Thiên – Huế nằm ở chân đèo Hải Vân, cách thành phố Huế chừng 80 km.', '', 'http://www.hangtruyenthong.com/', null, '1');
INSERT INTO `gifts` VALUES ('32', 'Kẹo cau, kẹo gừng', 'Hai loại kẹo này đều được khách du lịch lựa chọn mua về làm quà khi du lịch Huế.', '(0234) 3 517 212', '', null, '1');
INSERT INTO `gifts` VALUES ('33', 'Mắm Huế', 'Mắm là loại gia vị không thể thiếu trong công việc nội trợ. Huế nổi tiếng với nhiều loại như mắm ruốc, mắm cá cơm, mắm rò, tôm chua,… Nổi tiếng hơn cả là mắm Lăng Cô, ngon đúng chất, không có pha chế, ăn vào thấy thật ngon và có mùi thơm nức,…', '', '', null, '1');
INSERT INTO `gifts` VALUES ('34', 'Nón bài thơ', 'Nói đến Huế, chắc ai cũng từng liên tưởng đến vẻ đẹp dịu dàng của người con gái Huế với tà áo dài tím, đứng bên bờ sông Hương trên tay cầm chiếc nón bài thơ đầy duyên dáng. Đã từ lâu, hình ảnh này đã tạo nên một dấu ấn không thể quên, một nét đặc trưng bi', '', '', null, '1');
INSERT INTO `gifts` VALUES ('35', 'Hải sản', 'Đà Nẵng – một thành phố biển nên thơ, xinh đẹp thuộc vùng duyên hải Miền Trung được thiên nhiên ưu ái, ban tặng cho những loài hải sản ngon vô cùng phong phú, đa dạng cho du khách đến thưởng thức, trải nghiệm. Cũng chính sự phong phú, đa dạng của hải sản ', '5113937368', 'nul', null, '1');
INSERT INTO `gifts` VALUES ('36', 'Rượu cần Nho Quan', 'Trong ẩm thực của Ninh Bình, nổi tiếng có 1 trong 3 loại rượu như Kim Sơn, Lai Thành hoặc rượu cần Nho Quan, thường được kèm theo các món ngon của địa phương. Nếu bạn có dịp thưởng thức rượu Kim Sơn, Lai Thành thì không nên bỏ qua Rượu cần Nho Quan. Từ cá', '901148123', 'https://chinhgoc.vn/ruou-can-nho-quan', null, '1');
INSERT INTO `gifts` VALUES ('37', 'Rượu Kim Sơn', 'Trong ẩm thực của Ninh Bình, nổi tiếng có 1 trong 3 loại rượu như Kim Sơn, Lai Thành hoặc rượu cần Nho Quan, thường được kèm theo các món ngon của địa phương. Nếu bạn có dịp thưởng thức rượu Kim Sơn, Lai Thành thì không nên bỏ qua Rượu cần Nho Quan. Từ cá', '901148123', 'https://chinhgoc.vn/ruou-can-nho-quan', null, '1');
INSERT INTO `gifts` VALUES ('38', 'Nem Yên Lê', 'Trong ẩm thực của Ninh Bình, nổi tiếng có 1 trong 3 loại rượu như Kim Sơn, Lai Thành hoặc rượu cần Nho Quan, thường được kèm theo các món ngon của địa phương. Nếu bạn có dịp thưởng thức rượu Kim Sơn, Lai Thành thì không nên bỏ qua Rượu cần Nho Quan. Từ cá', '901148123', 'https://chinhgoc.vn/ruou-can-nho-quan', null, '1');
INSERT INTO `gifts` VALUES ('39', 'Đồ thủ công mỹ nghệ làm từ giấy cói ', 'Kim Sơn -Ninh Bình là vùng trồng cói, làm đồ cói lâu đời và có tiếng ở miền Bắc. Sản phẩm cói mỹ nghệ của Kim Sơn đã có mặt ở hơn 20 quốc gia và vùng lãnh thổ trên thế giới.', 'null', 'http://vinahandicrafts.com/san-pham-coi-my-nghe-kim-son-ninh-binh/', null, '1');
INSERT INTO `gifts` VALUES ('40', 'Ô mai đặc sản nhất định phải mua về làm quà khi đến Hà Nội ', 'Có lẽ không cần giới thiệu nhiều về ô mai Hà Nội bởi tiếng tăm của nó đã nức tiếng xa gần. Đây là sản vật dường như được nhiều người đặt mua nhất khi tới thăm thủ đô bởi sự lựa chọn rất phong phú, hương vị ngon, giá cả vừa phải. Ô mai được sấy khô nên cũn', '1800 6657', 'http://honglam.vn/', null, '1');
INSERT INTO `gifts` VALUES ('41', 'Quần áo vintage ', 'Đồ vintage thuần, hay còn gọi là đồ hàng thùng được bán rộng rãi ở khắp Hà Nội đã trở thành khái niệm hết sức quen thuộc, nhất là đối với những bạn sinh viên hay những người có mong muốn tìm được món đồ độc và lạ. Phong cách vintage mang đến hình ảnh nhữn', 'null', 'http://toplist.vn/top-list/cua-hang-do-vintage-chat-nhat-o-ha-noi-4535.htm', null, '1');
INSERT INTO `gifts` VALUES ('42', 'Trà sen', 'Trà ướp sen Tây Hồ còn có các tên gọi là trà sen Hà Nội, chè ướp sen Hồ Tây là sản phẩm trà độc đáo bậc nhất của người Thăng Long- Hà Nội.\n\nMột sáng tháng 6, con đường ven Hồ Tây nồng nàn hương sen dẫn chúng tôi đến với Quảng An. Chúng tôi tìm đến bác Xiê', '934568912', 'http://cheviet.vn/danh-muc/tra-uop-sen-tay-ho/', null, '1');
INSERT INTO `gifts` VALUES ('43', 'Bánh cốm', 'Bánh cốm Hà Nội từ rất nhiều năm nay, cùng với cốm làng Vòng được coi là đặc sản, là tinh túy của người Hà Nội. Nếu nói về cốm làng Vòng, như cái tên, chỉ có thể mua tại chính làng Vòng, do người dân làng Vòng sản xuất mới thật sự là ngon và đúng với cái ', '1234502353', 'http://comvonghanoi.net/116-dia-chi-ban-banh-com-ha-noi-ngon-va-re-nhat.html', null, '1');
INSERT INTO `gifts` VALUES ('44', 'Đồ gốm thủ công ', 'Những người dân Hà Nội không còn hứng thú nhiều với làng gốm Bát Tràng do đã quá quen nhưng khách phương xa thì vẫn rất yêu thích địa điểm này. Tới đây, bạn không chỉ được mua những đồ lưu niệm được làm từ gốm với mức giá rất rẻ, từ vài chục nghìn mà còn ', 'null', 'http://ngoisao.net/tin-tuc/an-choi/choi-dau/nhung-mon-qua-mang-ve-khi-du-lich-ha-noi-3105404.html', null, '1');
INSERT INTO `gifts` VALUES ('45', 'Bánh tét lá cẩm', 'Bánh tét lá cẩm có mùi vị đặc biệt không lẫn vào đâu được . Mùi thơm của lá cẩm, béo ngậy của thịt và nước cốt dừa hòa quyện với nhân đậu xanh ngon không thể cưỡng lại được. Nếp phải là loại nếp rặt không lộn gạo, thịt làm nhân được lựa chọn kỹ lưỡng và t', '908458316', '', null, '1');
INSERT INTO `gifts` VALUES ('46', 'Ca cao Phong Điền', 'Để có được bột ca cao thơm ngon mà chúng ta thường dùng làm nước uống thì người trồng ca cao phải trải qua nhiều công đoạn.', ' 07103 942 573', '', null, '1');
INSERT INTO `gifts` VALUES ('47', 'Nem nướng Thanh Vân', 'MÓn nem rất ngon và đẹp mắt. Quán sạch sẽ nhưng rất đông, chờ món cũng mất tầm 10\' nhưng được cái có nhiều rau, nhiều bánh tráng để cuốn, nước mắm vừa ăn. Nhân viên khá ổn.', '84 710 3827 255', '', null, '1');
INSERT INTO `gifts` VALUES ('48', 'Rượu Mận Sáu Tia Cần Thơ', 'Rượu Mận Cần Thơ Sáu Tía là sản phẩm rượu đặc sản nổi riếng khắp đồng bằng sông cửu long và được rất nhiều khách hàng yêu thích bởi mang hương vị tự nhiên của mận và quan trọng nhất đó chính là rất tốt cho sức khoẻ\nĐặc trưng của rượu mận sáu tia là không ', '', '', null, '1');
INSERT INTO `gifts` VALUES ('49', 'Bánh tráng Thuận Hưng', 'Bánh tráng ở đây được làm quanh năm, nhưng mùa cao điểm nhất là vào mùa tết, nhu cầu tăng cao. Bánh tráng ở đây được các tỉnh lân cận tìm đến mua và xuất khẩu cả sang Campuchia. Bánh tráng Thuận Hưng được ưa chuộng bởi chiếc bánh mịn đều, dẻo thơm, đặc bi', '', '', null, '1');
INSERT INTO `gifts` VALUES ('50', 'Hoa quả, trái cây', 'Là xứ trái cây nhưng nhìn chung giá trái cây được bày bán ở chợ cũng không phải là quá rẻ so với thành phố và những vùng khác.', '', '', null, '1');
INSERT INTO `gifts` VALUES ('51', 'Bánh bông lan trứng \nmuối', '1 hộp bông lan trứng muối chà bông 30k, hộp 10 cái, trung bình 3k/cái, khá nhỏ, hơi đắt nhưng mà bột cực thơm, ngon ', '', '', null, '1');
INSERT INTO `gifts` VALUES ('52', 'Mắm Trí Hải', 'Măm Trí Hải – Chia sẻ bữa ăn cùng gia đình bạn” là thương hiệu và khẩu hiệu đã được đăng ký độc quyền và đã đi vào tiềm thức của người dân Nam bộ nói riêng và cả nước nói chung. Nhắc đến Bà Rịa - Vũng Tàu là nhắc đến “Mắm Trí Hải”. Có thể nói, Mắm Trí Hải', '064. 716088  064. 57', '', null, '1');
INSERT INTO `gifts` VALUES ('53', 'Đồ thủ công mỹ nghệ', 'Tại đây, du khách có thể tìm thấy các mặt hàng được làm từ vỏ sò, ốc (tạo hình, cẩn ghép tranh, phù điêu, đồ gia dụng…), hàng sơn mài, đá non nước… Trong mỗi món hàng đều mang hơi thở riêng của biển. Để lắng nghe tiếng sóng biển rì rào, du khách nên chọn ', '064 859104', '', null, '1');
INSERT INTO `gifts` VALUES ('54', 'Tơ lụa Thổ cẩm', 'Nếu du khách muốn có những món quà mang chút vẻ hoang dã của tây nguyên, hay mang đậm hồn Việt ở thành phố biển Vũng Tàu, du khách có thể tìm thấy tại Shop thời trang Gia Đình. Từ chất liệu truyền thống tự nhiên của người Việt là tơ tằm, thổ cẩm, những sả', ' 064 511536', '', null, '1');
INSERT INTO `gifts` VALUES ('55', 'Mực một nắng', 'Mực một nắng là một món ăn hải sản Việt Nam và là đặc sản của vùng biển Vũng Tàu.Mực được phơi qua 01 nắng cho mực săn lại, bên ngoài mực khô nước nhưng bên trong vẫn còn rất tươi ngon, dẻo và có màu trắng đục. Mực một nắng vẫn giữ được vị ngọt, thơm tự n', '', '', null, '1');
INSERT INTO `gifts` VALUES ('56', 'Hải sản khô', 'Nếu mua hải sản tươi thì việc mang về sau một chặng đường dài dễ khiến hải sản bị chết và không còn ngon như lúc mới mua. Vậy nên sự lựa chọn tốt nhất để làm quà mang về khi đi du lịch Vũng Tàu chính là đồ hải sản khô bởi loại hải sản này để được lâu và ă', '', '', null, '1');
INSERT INTO `gifts` VALUES ('57', 'Hải sản tươi sống', 'Hải sản tươi luôn hấp dẫn du khách bởi độ tươi của nó khi được bắt từ biển về, vì vậy đây là quà mà du khách không thể bỏ lỡ mỗi khi du lịch biển.', '', '', null, '1');
INSERT INTO `gifts` VALUES ('58', 'Mực khô', 'Mực khô ngon thường có thân thẳng, mình dày, màu hồng sáng, khi sờ vào không thấy ướt tay. Đầu mực khô, có râu; đầu gắn liền chắc vào thân mực; đuôi mực mỏng, ôm sát vào thân.\nMực khô kém chất lượng thường không có màu hồng sáng, hình thù gần giống lá trầ', '', '', null, '1');
INSERT INTO `gifts` VALUES ('59', 'Sái sùng khô', 'Giá của loại Sái Sùng khô này gấp 6-7 lần giá mực khô, khoảng từ 4,0 – 5triệu/kg\nSái Sùng khô kém chất lượng là loại đã chuyển màu xanh nhạt có lấm tấm trắng, nhỏ, vụn vì để lâu ngày. Còn nếu loại sá sùng mỏng, màu trắng trong, ngửi không có mùi thơm đặc ', '', '', null, '1');
INSERT INTO `gifts` VALUES ('60', 'Chả mực', 'Nếu muốn mua đặc sản Chả mực giã tay Hạ Long, quý khách nên mua nếm thử trước. Với loại chả mực ngon sẽ có mùi thơm nức, dòn và dai. Loại chả mực không ngon thường có mùi hơi ngái, bở, bột, không dai và có cả chút nước ở trong.\nQuý khách nên chọn mua của ', '', '', null, '1');
INSERT INTO `gifts` VALUES ('61', 'Đồ lưu niệm', 'Loại đồ lưu niệm có giá tương đối là những loại chất liệu tù gỗ, khảm trai, ngọc trai, vỏ sò, ốc,... ', '', '', null, '1');
INSERT INTO `gifts` VALUES ('62', 'Ngọc trai Phú Quốc', 'Với đường bờ biển dài và sạch, Phú Quốc là nơi có môi trường tốt nhất để loài trai sinh sống và phát triển. Tận dụng được điều này, người dân Phú Quốc từ lâu đã thử nghiệm mô hình nuôi cấy ngọc trai bán nhân tạo và đạt được những thành công rực rỡ. Đến na', '0773 988 999', 'ngoctraingochien@gmail.com', null, '1');
INSERT INTO `gifts` VALUES ('63', 'Nước mắm Phú Quốc', 'Nước mắm Phú Quốc nổi tiếng với hương vị thơm ngon, đậm đà, là món ăn thường xuất hiện trong các bữa ăn gia đình Việt. Nước mắm Phú Quốc có màu cánh gián đậm, trong và mùi thơm nhẹ rất riêng; vị mặn, vị ngọt có cả vị béo. Nước mắm Phú Quốc ngon nhờ được c', '077 3848555 ', 'www.khaihoanphuquoc.com.vn', null, '1');
INSERT INTO `gifts` VALUES ('64', 'Rượu Sim Phú Quốc', 'Trái sim dùng làm rượu ở Phú Quốc chủ yếu là hồng sim, được sản xuất truyền thống lên men tự nhiên từ trái sim rừng và đường cát trắng, có thể pha thêm rượu đã làm để tăng nồng độ. Rượu vang sim Phú Quốc được coi là một loại dược tửu, được chế biến từ trá', '', '', null, '1');
INSERT INTO `gifts` VALUES ('65', 'Hồ tiêu', 'Hồ tiêu là một trong những đặc sản Phú Quốc mà nhiều du khách hay mua về làm quà cho bạn bè, người thân. Tiêu Phú Quốc sau khi thu hoạch thường được người dân chia làm 3 loại tiêu sọ, tiêu đỏ, tiêu đen. Tiêu sọ nguyên hạt, tiêu sọ xay, tiêu chính nguyên h', '', '', null, '1');
INSERT INTO `gifts` VALUES ('66', 'Bánh khéo', 'Tại Phú Quốc, bánh khéo rất được người dân trên đảo và khách du lịch tin dùng. Bánh khéo được chế biến từ bột mì với nhiều hương vị của nhân bánh như dừa, đậu xanh, khoai môn … có độ ngọt thanh, ít béo, không gây cảm giác ngán.', '', '', null, '1');
INSERT INTO `gifts` VALUES ('67', 'Bánh tét Mật Cật\n Phú Quốc', 'Là một vùng biển đặc trưng, dĩ nhiên Phú Quốc không thể thiếu những sản phẩm khô được chế biến từ hải sản. Các loại hải sản khô được bán rất nhiều ở chợ Dương Đông – Phú Quốc. Hải sản khô Phú Quốc rất phong phú, chỉ cần dạo một vòng chợ Dương Đông, du khá', '', '', null, '1');
INSERT INTO `gifts` VALUES ('68', 'Khô cá', 'Thường người ta chỉ dùng lá mật cật để chằm nón lá nhưng người dân Phú Quốc lại dùng loại lá này để gói bánh tét khiến loại bánh này có hương vị thật đặc biệt không nơi nào có được.\nTrước tiên người ta cắt lá mật cật về phơi cho hơi héo cuộng để lá được d', '', '', null, '1');
INSERT INTO `gifts` VALUES ('69', 'Tôm khô ', 'Nếu nhất định phải mua gì đó ở đảo Nam Du thì tốt nhất là mua khô cá, thực phẩm này có thể hàng năm mà không hư, di chuyển dễ dàng, tiện lợi. Những con cá sau khi được đánh bắt về, được người dân sơ chế sạch, sau đó đem đi phơi khô, cá đảm bảo được vị tươ', '', '', null, '1');
INSERT INTO `gifts` VALUES ('70', 'Đồi mồi, Huyền Hà Tiên', 'Các bạn sẽ dễ dàng bắt gặp hình ảnh những anh chị chở những gói tôm, mực, cá khô ở các bến tàu và trước những khách sạn lớn hoặc nếu có tham quan trong chợ Bách Hóa Hà Tiên cũng có những sạp bán mặt hàng này. Mặt hàng này rất nhạy cảm về giá nên các bạn c', '', '', null, '1');
INSERT INTO `gifts` VALUES ('71', ' Áo thun, nón, hàng thủ \ncông mỹ nghệ', 'Nghề đồi mồi thuở xưa đã làm giàu khá nhiều gia đình và làm nên danh tiếng Hà Tiên- vùng đất biên thùy với biển đảo bao la. Đây là môi trường lý tưởng để loài sinh vật đẹp đẽ này sinh cư, phát triển và được khai thác chế biến thành những vật trang sức, tr', '', '', null, '1');
INSERT INTO `gifts` VALUES ('72', 'Các mặt hàng có xuất xứ từ Thái Lan', 'Cũng giống như những điểm du lịch khác ở Việt Nam, bạn có thể mua cho mình hoặc bạn bè, người thân một chiếc áo hoặc nón in chữ Du lịch Hà Tiên và một số mặt hàng thủ công mỹ nghệ rất đẹp và bắt mắt.', '', '', null, '1');
INSERT INTO `gifts` VALUES ('73', 'Rượu vang Đà Lạt', 'Có thể bạn sẽ dễ dàng tìm thấy những mặt hàng có xuất xứ từ Thái Lan ở các sạp chợ khác nhưng để mua được đúng các mặt hàng có chất lượng chính gốc từ Thái Lan thì bạn nên mua ở Hà Tiên. Các mặt hàng bao gồm: Dầu cù là Thái Lan, Dầu gió Thái Lan, Dầu nóng', '', '', null, '1');
INSERT INTO `gifts` VALUES ('74', 'Bánh mứt, hoa quả xấy', 'Hải sản tươi luôn hấp dẫn du khách bởi độ tươi của nó khi được bắt từ biển về, vì vậy đây là quà mà du khách không thể bỏ lỡ mỗi khi du lịch biển.', '', '', null, '1');
INSERT INTO `gifts` VALUES ('75', 'Trà Atiso', 'Hải sản tươi luôn hấp dẫn du khách bởi độ tươi của nó khi được bắt từ biển về, vì vậy đây là quà mà du khách không thể bỏ lỡ mỗi khi du lịch biển.', '', '', null, '1');
INSERT INTO `gifts` VALUES ('76', 'Dâu tây', 'Du khách có thể mua những món quà lưu niệm ở chợ Rạch Giá.', '', '', null, '1');
INSERT INTO `gifts` VALUES ('77', 'Hoa tươi và hoa khô', 'Hải sản tươi luôn hấp dẫn du khách bởi độ tươi của nó khi được bắt từ biển về, vì vậy đây là quà mà du khách không thể bỏ lỡ mỗi khi du lịch biển.', '', '', null, '1');
INSERT INTO `gifts` VALUES ('78', 'Áo len, khăn len, đồ lưu\n niệm làm bằng len', 'Hải sản tươi luôn hấp dẫn du khách bởi độ tươi của nó khi được bắt từ biển về, vì vậy đây là quà mà du khách không thể bỏ lỡ mỗi khi du lịch biển.', '', '', null, '1');
INSERT INTO `gifts` VALUES ('79', 'Tranh thêu tay trên lụa XQ', 'Xuất hiện từ năm 1999, vang Đà Lạt là cái tên nổi tiếng của thế giới rượu trong và ngoài nước. Vang Đà Lạt được làm từ dâu tằm, một loại dâu cũng rất đặc biệt vì chỉ có ở Đà Lạt. Chính điều đó đã làm nên tên tuổi và sự khác biệt của vang Đà Lạt và các loạ', '', '', null, '1');
INSERT INTO `gifts` VALUES ('80', 'Thổ cẩm', 'Bên cạnh rượu vang, Đà Lạt còn là một vùng đất nổi tiếng về các mặt hàng rau củ quả vì thế không thể không nhắc đến các loại bánh mứt hay hoa quả sấy cực ngon. Mùa nào thức nấy chứ không phải chờ đến mùa Đông như các tỉnh miền Bắc.\nBánh mứt và các loại ho', '', '', null, '1');

-- ----------------------------
-- Table structure for hotelimages
-- ----------------------------
DROP TABLE IF EXISTS `hotelimages`;
CREATE TABLE `hotelimages` (
  `hotelimage_id` int(11) NOT NULL AUTO_INCREMENT,
  `hotelimage_hinhanh` varchar(255) CHARACTER SET latin1 DEFAULT NULL,
  `hotel_id` int(11) DEFAULT NULL,
  PRIMARY KEY (`hotelimage_id`),
  KEY `hotel_image` (`hotel_id`),
  CONSTRAINT `hotel_image` FOREIGN KEY (`hotel_id`) REFERENCES `hotels` (`hotel_id`)
) ENGINE=InnoDB DEFAULT CHARSET=utf8;

-- ----------------------------
-- Records of hotelimages
-- ----------------------------

-- ----------------------------
-- Table structure for hotels
-- ----------------------------
DROP TABLE IF EXISTS `hotels`;
CREATE TABLE `hotels` (
  `hotel_id` int(11) NOT NULL AUTO_INCREMENT,
  `hotel_ten` varchar(255) NOT NULL,
  `hotel_diachi` varchar(255) NOT NULL,
  `hotel_sdt` varchar(20) CHARACTER SET latin1 NOT NULL,
  `hotel_mota` text,
  `hotel_website` varchar(255) CHARACTER SET latin1 DEFAULT NULL,
  `hotel_giatu` decimal(10,0) DEFAULT NULL,
  `hotel_ngayapdung` date DEFAULT NULL,
  `hotel_chatluongsao` int(11) DEFAULT NULL,
  `place_id` int(11) DEFAULT NULL,
  `typehotel_id` int(11) DEFAULT NULL,
  `hotel_trangthai` tinyint(1) DEFAULT NULL,
  `hotel_latitude` float(12,7) NOT NULL,
  `hotel_longitude` float(12,7) NOT NULL,
  `hotel_ngaytao` timestamp NULL DEFAULT NULL ON UPDATE CURRENT_TIMESTAMP,
  `hotel_review` int(11) DEFAULT NULL,
  `hotel_hinhanh` varchar(255) NOT NULL,
  `hotel_dtb` float(11,0) DEFAULT NULL,
  PRIMARY KEY (`hotel_id`),
  KEY `diadiem_idfk2` (`place_id`),
  KEY `loaikhachsan_idfk` (`typehotel_id`),
  CONSTRAINT `diadiem_idfkkk` FOREIGN KEY (`place_id`) REFERENCES `places` (`place_id`),
  CONSTRAINT `loaikhachsan_idfk` FOREIGN KEY (`typehotel_id`) REFERENCES `typehotels` (`typehotel_id`)
) ENGINE=InnoDB AUTO_INCREMENT=162 DEFAULT CHARSET=utf8;

-- ----------------------------
-- Records of hotels
-- ----------------------------
INSERT INTO `hotels` VALUES ('1', 'Việt Úc', '144 đường Hùng Vương, phường 3, thành phố Bến Tre', '0275 3511 888', 'Nằm bên cạnh dòng sông Bến Tre thơ mộng, đạt tiêu chuẩn 3 sao, 9 tầng với 73 phòng nghỉ sang trọng được thiết kệ hiện đại theo phong cách châu Âu', 'http://hotelvietuc.com/', '500000', '2017-10-02', '3', '1', '1', '1', '10.2346487', '106.3727264', '2017-10-17 21:22:54', '201', 'hotel1.jpg', '3');
INSERT INTO `hotels` VALUES ('2', 'Hàm Luông', '200c, Hùng Vương, phường 5, TP.Bến Tre', '02753 560560', 'Nếu bạn muốn tìm kiếm một khách sạn có vị trí thuận lợi thuộc Bến Tre, không có sự lựa chọn nào tốt hơn khách sạn Hàm Luông.', 'http://hamluongtourist.com.vn/', '480000', null, '3', '1', '1', '1', '10.2341747', '106.3665466', '2017-09-22 23:19:04', '29', 'hotel1.jpg', null);
INSERT INTO `hotels` VALUES ('3', 'Hoa Dừa', '323/1, ấp 1, xã Sơn Đông, TP.Bến Tre', '0753 833351', 'Khách sạn Hoa Dừa là một trong mười hai khách sạn đẹp nhất của Bến Tre', 'https://hoadua.com/', '190000', '2017-10-14', '2', '1', '1', '1', '10.2197924', '106.3643951', '2017-10-17 11:55:43', '43', 'ks.jpg', null);
INSERT INTO `hotels` VALUES ('4', 'Nhon Thanh Homestay', 'tổ 5, ấp An Nhơn, xã Nhơn Thạnh, TP.Bến Tre', '0167 797 9520', 'Nằm ở thành phố Bến Tre, Nhon Thanh Homestay cung cấp dịch vụ cho thuê xe đạp, wifi và bữa sáng theo thực đơn lập sẵn miễn phí.', '', '200000', null, null, '1', '5', '1', '10.2068958', '106.3906631', '2017-10-17 12:03:47', '73', 'ks3.jpg', null);
INSERT INTO `hotels` VALUES ('5', 'Hùng Vương', '148 Hùng Vương, phường 7, TP.Bến Tre', '075 3822 408', 'Khách sạn Hùng Vương nằm cạnh bờ sông Bến Tre hiền hòa, thơ mộng, được bao bọc bởi không gian cây xanh và nhiều công trình kiến trúc đẹp.', 'http://www.hungvuonghotelbentre.vn/', '312000', '2017-10-14', '2', '1', '1', '1', '10.2345343', '106.3711700', '2017-10-17 14:39:22', '108', 'hotel1.jpg', '1');
INSERT INTO `hotels` VALUES ('6', 'Hong Thai Homestay', '16c, ấp Quới Sơn, huyện Châu Thành, TP.Bến Tre', '091 455 73 86', 'Hong Thai Homestay nằm ở tỉnh Bến Tre và cách sân bay Tân Sơn Nhất 63km. Nơi nghỉ cung cấp tiện nghi hát karaoke và bãi đậu xe cùng wifi truy cập miễn phí.', '', '394000', null, null, '1', '5', '1', '10.3277311', '106.3829956', '2017-09-22 23:22:59', '89', 'ks5.jpg', null);
INSERT INTO `hotels` VALUES ('7', 'Forever green resort', 'ấp Phú Khương, xã Phú Túc, huyện Châu Thành, TP.Bến Tre', '075 3618 618', 'Forever green resort là khu nghỉ dưỡng cao cấp 5 sao tại tỉnh Bến Tre. Khi đến với Forever green resort bạn sẽ được hòa mình vào thiên nhiên và trải nghiệm cuộc sống của người dân miền Tây sông nước.', 'http://www.forevergreenresort.com/', '2046112', null, '4', '1', '2', '1', '10.3161612', '106.2492371', '2017-09-22 23:24:22', '100', 'ks7.jpg', null);
INSERT INTO `hotels` VALUES ('8', 'Charming Countryside Homestay', '208D, ấp Nhơn Thạnh, TP.Bến Tre', '', 'Khách sạn nằm cách trung tâm thành phố 4km, dễ dàng tiếp cận các địa điểm du lịch trong thành phố.', '', '492090', null, null, '1', '5', '1', '0.0000000', '0.0000000', '2017-09-22 23:21:28', '122', 'ks1.jpg', null);
INSERT INTO `hotels` VALUES ('9', 'Jardin du Mekong Homestay', 'Cầu Sông Dọc, ấp Bình Định, xã Hòa Nghĩa, huyện Chợ Lách, TP.Bến Tre', '090 314 96 96', 'Jardin du Mekong Homestay là một nhà nghỉ thân thiện với môi trường cung cấp các phòng được làm mát bằng quạt với mái tranh và sân hiện. Với lễ tân 24 giờ, nhà nghỉ còn có nahf hàng riêng.', '', '1476271', null, null, '1', '5', '1', '10.2371054', '106.1378937', '2017-09-22 23:18:00', null, 'bnk2.jpg', null);
INSERT INTO `hotels` VALUES ('10', 'Ben Tre Oasis hotel', '151c, xã Mỹ Thành An, TP.Bến Tre', '075 2467 799', 'Nằm bên bờ sông Bến Tre, Ben Tre Oasis là một khách sạn do gia đình tự quản với đội ngũ nhân viên nói tiếng Anh. Tại đây có hồ bơi ngoài trời và các phòng với Wifi miễn phí.', '', '629876', null, '2', '1', '1', '1', '10.2295647', '106.3626938', '2017-09-22 23:19:06', null, 'hotel1.jpg', null);
INSERT INTO `hotels` VALUES ('11', 'Khách sạn Sunrise', '81 Hoàng Lê Kha, phường 3, thành phố Tây Ninh', '066 3714 714', 'Khách sạn 4 sao', '', '1108800', '2017-10-14', '4', '2', '1', '1', '11.3044310', '106.1033249', '2017-10-15 00:55:21', null, 'ks2.jpg', null);
INSERT INTO `hotels` VALUES ('12', 'Khách sạn Đông Phương', '47, Lê Lợi, phường 2, thành phố Tây Ninh', '0276 3631 234', 'Khách sạn Đông Phương được xây dựng ngay trung tâm thị xã cách khu du lịch núi Bà 11 km và tòa Thánh Cao Đài 5 km.', '', '200000', '2017-10-14', '2', '2', '1', '1', '11.3096066', '106.0974808', '2017-10-15 00:55:37', null, 'ks3.jpg', null);
INSERT INTO `hotels` VALUES ('13', 'Khách sạn Hòa Bình', '30 tháng 4, khu phố 1, phường 3, TP.Tây Ninh', '066 3820 304', 'Khách sạn Hòa Bình là khách sạn đạt chuẩn 2 sao, tọa lạc tại trung tâm thị xã Tây Ninh.', '', '313000', '2017-10-14', '2', '2', '1', '1', '11.3184814', '106.0976562', '2017-10-15 00:56:02', '13', 'ks4.jpg', null);
INSERT INTO `hotels` VALUES ('14', 'Khách sạn Mai Vy', 'thị trấn Trảng Bàng, TP.Tây Ninh', '0918 383083', 'Tọa lạc tại thị trấn Trảng Bàng, khách sạn Mai Vy cung cấp chỗ nghỉ tại quận 1 sôi động,  khách sạn có sân hiên và tầm nhìn ra khu vườn.', '', '522846', null, '2', '2', '1', '1', '11.0316620', '106.3535233', '2017-09-22 23:20:04', null, 'ks.jpg', null);
INSERT INTO `hotels` VALUES ('15', 'Khách sạn Hồng Liên', 'đường tỉnh 784, Ninh Hòa, Bàu Năng, Dương Minh Châu, Tây Ninh', '(066) 3777482', 'Khách sạn Hồng Liên được được thiết kế đơn giản nhưng trang nhã, đội ngủ nhân vên thân thiện.', '', '278000', '2017-10-14', null, '2', '1', '1', '11.3268843', '106.1685867', '2017-10-15 00:56:25', null, 'ks5.jpg', null);
INSERT INTO `hotels` VALUES ('16', 'Khách sạn Tân Mỹ Thiên', 'Khu phố 2, phường 4, TP.Tây Ninh', '0276 3826 678', 'Khách sạn Tân Mỹ Thiên cung cấp chỗ nghỉ nằm tại thành phố Tây Ninh đồng thời có chỗ đổ xe riêng miễn phí trong khuôn viên.', '', null, null, null, '2', '1', '1', '11.3051929', '106.1257172', '2017-09-22 23:21:57', null, 'ks3.jpg', null);
INSERT INTO `hotels` VALUES ('17', 'Khách sạn Nhất Quý', '353 30 tháng 4, khu phố 1, phường 1, TP.Tây Ninh', '066 3811 177', 'Là một trong những khách sạn lý tưởng dành cho khách hàng muốn tận hưởng khoảng thời gian giải trí cùng với gia đình, bạn bè đồng nghiệp. Khách sạn nằm cách bến xe khách Tây Ninh 3,8 km.', '', null, null, '1', '2', '1', '1', '11.3180475', '106.0966339', '2017-09-22 23:23:05', null, 'ks5.jpg', null);
INSERT INTO `hotels` VALUES ('18', 'Khách sạn Xuân Trang', '157, Lê Hồng Phong, khu phố Rạch Sơn, thị trấn Gò Dầu, huyện Gò Dầu, tỉnh Tây Ninh', '096 895 29 52', 'Khách sạn Xuân Trang là một trong những khách sạn đạt tiêu chuẩn hai sao đầu tiên tại huyện Gò Dầu - tỉnh Tây Ninh được chọn làm nơi nghỉ ngơi của khách du lịch, gia đình, khách công vụ đến tham quan, nghỉ dưỡng và làm việc.', 'http://www.khachsanxuantrang.com/', '363753', '2017-10-14', '2', '2', '1', '1', '11.0962887', '106.2661667', '2017-10-15 00:56:57', null, 'ks6.jpg', null);
INSERT INTO `hotels` VALUES ('19', 'Homestay Tây Ninh', 'Đường số 14, Hiệp Tân, Hòa Thành, TP.Tây Ninh', '093 884 66 60', 'Homestay Tây Ninh cung cấp chỗ nghỉ ở thành phố Tây Ninh với Wifi và chỗ đổ xe riêng miễn phí trong khuông viên.', '', null, null, null, '2', '5', '1', '11.2936506', '106.1091537', '2017-09-22 23:21:26', null, 'ks1.jpg', null);
INSERT INTO `hotels` VALUES ('20', 'Khách sạn Thảo My', '313 Trần Hưng Đạo, phường 1, thị xã Tây Ninh', '066 3829 475', 'Khách sạn Thảo My là nơi dừng chân lý tưởng của nhiều du khách khi dừng chân tại thị xã Tây Ninh đầy năng động.', '', '250000', null, null, '2', '1', '1', '11.3255463', '106.0994415', '2017-09-22 23:19:12', null, 'hotel1.jpg', null);
INSERT INTO `hotels` VALUES ('21', 'Khách sạn Amazing Sa Pa', 'đường Đồng Lợi – thị trấn Sa Pa – huyện Sa Pa', '0214 3865 888', 'Khách sạn Amazing thu hút du khách bởi vẻ đẹp sang trọng trong lối kiến trúc hiện đại độc đáo. Từ các phòng nghỉ của khách sạn, du khách sẽ được chiêm ngưỡng phong cảnh thiên nhiên kỳ vỹ của dãy núi Hoàng Liên, đỉnh Fansipan, hướng tầm nhìn theo thung lũng Violet và thung lũng Mường Hoa với những ngôi nhà xinh xắn được xen lẫn trên những thửa ruộng bậc thang.', '', '1098701', null, '4', '3', '1', '1', '22.3327599', '103.8401947', '2017-09-22 23:20:06', null, 'ks.jpg', null);
INSERT INTO `hotels` VALUES ('22', 'Khách sạn Bamboo', 'số 18- đường Mường Hoa – thị trấn Sa Pa', '+84 2143 871 075', 'Nằm nép mình dưới chân núi Hàm Rồng ở trung tâm thị trấn với tầm nhìn ra dãy núi Hoàng Liên hùng vỹ và thung lũng Mường Hoa thơ mộng, du khách sẽ được chiêm ngưỡng sự hung vỹ của núi rừng ngay từ khung cửa sổ của 56 phòng khách của khách sạn Bamboo Sa Pa.', 'http://www.bamboosapahotel.com.vn/vi/', '966000', '2017-10-14', '3', '3', '1', '1', '22.3323727', '103.8415375', '2017-10-15 00:57:25', null, 'ks7.jpg', null);
INSERT INTO `hotels` VALUES ('23', 'Khách sạn Cat Cat View', '46, Phanxipan, SaPa, Lào Cai', '0214 3871 601', 'Với lối kiến trúc mang đậm phong cách văn hóa địa phương, dựa lưng vào núi và quay mặt về phía dãy núi Hoàng Liên và thung lũng Mường Hoa.', 'http://www.catcathotel.com/', '863914', null, '3', '3', '1', '1', '22.3333054', '103.8382797', '2017-09-22 23:21:59', null, 'ks3.jpg', null);
INSERT INTO `hotels` VALUES ('24', 'Khách sạn Châu Long Sa Pa', 'thị trấn SaPa', '(+84) 214 3871 245', 'Tọa lạc trên con phố yên tĩnh ngay tại trung tâm thị trấn Sa Pa, với 65 phòng khách đều có hướng nhìn ra dãy núi Fansipan và thung lũng Mường Hoa.', 'http://chaulonghotel.com/', '1455013', null, '4', '3', '1', '1', '22.3327789', '103.8400726', '2017-09-30 21:22:11', '1', 'ks3.jpg', null);
INSERT INTO `hotels` VALUES ('25', 'Khách sạn Hmông Sa Pa', '27 thác Bạc, thị trấn SaPa', '0214 3772 228', 'Nằm trên một con phố yên tĩnh về phía tây bắc của thị trấn Sa Pa, với sự kết hợp tinh tế giữa lối kiến trúc hiện đại đan xen với bản sắc văn hóa của cộng đồng người Hmông nơi đây', 'http://www.hmongsapahotel.com/vi/', '920750', null, '3', '3', '1', '1', '22.3348179', '103.8356018', '2017-09-22 23:22:46', null, 'ks4.jpg', null);
INSERT INTO `hotels` VALUES ('26', 'Khách sạn Holiday Sa Pa', 'phố Cầu Mây – thị trấn Sa Pa', '0214 3873 874', 'Khách sạn Holiday Sa Pa nằm dựa vào núi và hướng về  phía dãy núi Hoàng Liên và thung lũng Mường Hoa sẽ mang đến cho du khách những cảm giác thú vị khi mỗi sáng thức dậy được ngắm những ngọn núi xanh mướt và những thửa ruộng bậc thang thơ mộng qua những khung cửa sổ của khách sạn. ', 'http://holidaysapa.com/?lang=vi', '707000', '2017-10-14', '3', '3', '1', '1', '22.3324490', '103.8414230', '2017-10-15 00:57:57', null, 'ks8.jpg', null);
INSERT INTO `hotels` VALUES ('27', 'Khách sạn Panorama Sa Pa', 'số 10 đường Hoàng Diệu, SaPa, Lào Cai', '02143 771 535', 'Tọa lạc ngay tại vị trí trung tâm nhất của thị trấn, khách sạn Panorama Sa Pa hấp dẫn du khách bởi sự sang trọng và hiện đại trong lối trang trí và kiến trúc. ', 'http://www.khachsantoancanhsapa.com/', '617224', '2017-10-14', '3', '3', '1', '1', '22.3367729', '103.8397903', '2017-10-15 00:59:15', null, 'ks8.jpg', null);
INSERT INTO `hotels` VALUES ('28', 'Khách sạn Sao Phương Bắc', '24 Ngũ Chỉ Sơn, Sa Pa, Lào Cai', '0214.3.866 789', 'Tựa lưng vào dãy núi Hàm Rồng và quay mặt ra mặt hồ Xuân Viên thơ mộng, khách sạn Sao Phương Bắc Sa Pa với hơn 50 phòng nghỉ được thiết kế theo tiêu chuẩn 3 sao sẽ mang lại cho quý khách những giây phút thư giãn và sảng khoái nhất trong chuyến đi của mình.', 'http://saophuongbachotel.com/', null, '2017-10-14', '3', '3', '1', '1', '22.3368988', '103.8432541', '2017-10-15 00:59:52', '5', 'ks9.jpg', null);
INSERT INTO `hotels` VALUES ('29', 'Khách sạn Victoria Sa Pa', 'Xuân Viên, thị trấn Sa Pa', '0214 3871 522', 'Nằm ngay vị trí trung tâm của thị trấn Sa Pa, với kiến trúc theo phong cách truyền thống của những ngôi nhà gỗ miền núi kết hợp hài hòa với sự sang trọng, tinh tế của kiến trúc cổ điển Pháp. ', 'https://www.victoriahotels.asia/vi/overview-sapa', '2046112', null, '4', '3', '1', '1', '22.3368988', '103.8366852', '2017-09-22 23:18:13', null, 'bnk2.jpg', null);
INSERT INTO `hotels` VALUES ('30', 'Nam Cang Riverside Lodge', 'làng Nậm Cang', '', 'Nam Cang Riverside Lodge nằm tại ngôi làng Nậm Cang, nơi sinh sống của tộc người Dao Đỏ. Chỉ cần đi qua một chiếc cầu treo bắc ngang dòng sông nhỏ là bạn đã đến được homestay tuyệt đẹp này.', 'http://namcangriversidelodge.com/', null, null, null, '3', '5', '1', '0.0000000', '0.0000000', '2017-09-22 23:20:09', null, 'ks.jpg', null);
INSERT INTO `hotels` VALUES ('31', 'Ban Mai Hotel 66', '66 Nguyễn Thông, Phú Hài, Tp. Phan Thiết', '062 3811 612', 'Khách sạn mới với kiến trúc hiện đại 01 Trệt và 03 tầng lầu , thoáng mát, đầy đủ tiện nghi : máy điều hòa, tủ lạnh, wifi miễn phí , tivi truyền hình cáp, tủ áo ,phòng tắm nước nóng năng lượng mặt trời,… với giá bình dân', '', '295549', null, '1', '4', '1', '1', '10.9392166', '108.1286392', '2017-09-22 23:22:00', null, 'ks3.jpg', null);
INSERT INTO `hotels` VALUES ('32', 'Orchid Boutique Beach Resort', 'Lạc Long Quân, Tiến Thành, Tp. Phan Thiết, Bình Thuận, Vietnam', '062 3846 455', 'Nằm dọc theo bờ biển, Orchid Boutique Beach Resort cung cấp chỗ ở thoải mái và yên bình với Wi-Fi miễn phí toàn khuôn viên. Nơi đây có hồ bơi ngoài trời, khu vực bãi biển riêng và những khu vườn xanh tươi tốt.', 'http://www.orchidphonglan.com/', '1187882', null, '3', '4', '2', '1', '10.8768797', '108.0562515', '2017-09-22 23:23:07', null, 'ks5.jpg', null);
INSERT INTO `hotels` VALUES ('33', 'Green Organic Villas', 'Thôn Tiến Phú, Xã Tiến Thành, Phan Thiết, Bình Thuận, Việt Nam', '062 3846 546', 'Chỗ nghỉ này cách bãi biển 1 phút đi bộ. Green Organic Village cung cấp các biệt thự theo phong cách Việt Nam rộng rãi với đồ nội thất sang trọng. Tọa lạc trên Bãi biển Tiến Thành, chỗ nghỉ này có hồ bơi ngoài trời và Wi-Fi miễn phí.', 'http://greenorganicvillas.com/', '1682359', null, null, '4', '4', '1', '10.7961578', '108.0233383', '2017-09-22 23:19:15', null, 'hotel1.jpg', null);
INSERT INTO `hotels` VALUES ('34', 'Veranda Beach Resort', 'Thôn Tiến Phú, Xã Tiến Thành, Phan Thiết, Bình Thuận, Việt Nam', '091 969 37 22', 'Chỗ nghỉ này cách bãi biển 1 phút đi bộ. Nằm dọc theo bờ biển Tiến Thành, Veranda Beach Resort cung cấp chỗ nghỉ yên tĩnh và tiện nghi với kết nối Wi-Fi miễn phí trong toàn bộ khuôn viên. Nơi nghỉ này có khu vực bãi biển riêng, vườn cảnh xinh đẹp và hồ bơi ngoài trời.', 'http://verandabeachresortvn.com/', '2023377', null, null, '4', '2', '1', '10.7996187', '108.0251694', '2017-09-22 23:25:56', null, 'ks9.jpg', null);
INSERT INTO `hotels` VALUES ('35', 'Phan Thiet Ocean Dunes Resort', '1 Tôn Đức Thắng, Hưng Long, Tp. Phan Thiết, Bình Thuận', '062 3822 393', 'Phan Thiet Ocean Dunes Resort nằm tại làng chài Phan Thiết và có bãi biển riêng, hồ bơi ngoài trời, dịch vụ spa thư giãn cùng Wi-Fi miễn phí.', 'http://ocean-dunes.com/', '1182087', null, null, '4', '2', '1', '10.9287043', '108.1173401', '2017-09-22 23:24:30', null, 'ks7.jpg', null);
INSERT INTO `hotels` VALUES ('36', 'Sonata Resort & Spa', 'Tiến Thành, Phan Thiết, Bình Thuận', '(+84) - 0623.84.67.6', 'Chỗ nghỉ này cách bãi biển 1 phút đi bộ. Tọa lạc trong khu vực riêng biệt ở bãi biển Tiến Thành yên tĩnh và cách thành phố Phan Thiết nên thơ 17km, Sonata Resort & Spa cung cấp các chỗ nghỉ đầy phong cách với hồ bơi ngoài trời cùng quầy bar với đa dạng chủng loại thức uống và cocktail.', 'http://sonataresort.com/', '1217437', null, '4', '4', '2', '1', '10.7838373', '108.0201035', '2017-09-22 23:25:30', null, 'ks8.jpg', null);
INSERT INTO `hotels` VALUES ('37', 'Villa Del Sol Beach Resort & Spa', 'TL 719, Tp. Phan Thiết, Bình Thuận', '062 3846 555', 'Chỗ nghỉ này cách bãi biển 1 phút đi bộ. Nằm bên cạnh Bãi biển Phan Thiết, Villa Del Sol Beach Resort & Spa có khu vực bãi biển riêng dài 100 m. Nơi đây có spa và hồ bơi ngoài trời. Wi-Fi và chỗ đỗ xe đều được cung cấp miễn phí.', 'http://www.villadelsol.com.vn/', '1567856', null, '4', '4', '2', '1', '10.8716917', '108.0531006', '2017-09-22 23:29:19', null, 'nhahang5.jpg', null);
INSERT INTO `hotels` VALUES ('38', 'Khách sạn Tây Hồ', '401-403 Tần Hưng Đạo, Bình Hưng, tp. Phan Thiết, Bình Thuận', '84623821710', 'Khách sạn Tây Hồ với tiêu chuẩn thiết kế 1 sao, được thiết kế theo lối kiến trúc Pháp, tọa lạc tai khuôn viên trên 800 m2 rợp bóng cây xanh.', 'http://www.khachsantayho.com/', '409184', null, '3', '4', '1', '1', '10.9275665', '108.1016617', '2017-09-22 23:24:04', null, 'ks6.jpg', null);
INSERT INTO `hotels` VALUES ('39', 'TTC Hotel Premium Phan Thiet', '206 Lê Lợi, Hưng Long, Tp. Phan Thiết, Bình Thuận', '0623835666', 'Chỗ nghỉ này cách bãi biển 1 phút đi bộ. Park Diamond Hotel tọa lạc tại Thành phố Phan Thiết. Nơi đây nhìn ra biển, dãy núi lửa thời xưa và thành phố. ', 'http://phanthiet.ttchotels.com/vi', '850875', null, '4', '4', '1', '1', '10.9393148', '108.1299057', '2017-09-22 23:25:59', null, 'ks9.jpg', null);
INSERT INTO `hotels` VALUES ('40', 'Fiore Healthy Resort', 'bãi biển Tiến Hòa, Tiến Thành, cách trung tâm thành phố Phan Thiết 13 km, cách mũi Kê Gà 20 km', '84623846847', 'Khu nghỉ mát có hồ bơi ngoài trời bên bãi biển, liệu pháp spa thư giãn và Wi-Fi miễn phí. Nhà hàng tại đây phục vụ các món ăn phương Tây, châu Á và hải sản cũng như bữa sáng tự chọn hàng ngày.', 'http://fioreresort.com/home/', '795635', null, '4', '4', '2', '1', '10.8439178', '108.0398636', '2017-09-22 23:21:22', null, 'ks1.jpg', null);
INSERT INTO `hotels` VALUES ('41', 'Muong Thanh Holiday Hue', '38 Lê Lợi, Phú Hội, tp. Huế', '0234 3936 688', 'Tọa lạc trong thành phố Huế lịch sử, ngay bên kia đường từ Bến Phà Huế, Muong Thanh Hue Hotel cung cấp các phòng hiện đại với cửa sổ cách âm, hồ bơi ngoài trời và spa.', 'http://holidayhue.muongthanh.com/vi/home.html', '1078654', null, '4', '5', '1', '1', '16.4694328', '107.5909958', '2017-09-22 23:19:18', null, 'hotel1.jpg', null);
INSERT INTO `hotels` VALUES ('42', 'Romance Hotel', '16 Nguyễn Thái Học, Tp Huế', '84905955363', 'Nằm trong tòa nhà 11 tầng, Romance Hotel có chỗ nghỉ 4 sao và hồ bơi tuyệt đẹp trên tầng mái tại thành phố Huế, khu vực di sản thế giới được UNESCO công nhận.', 'http://romancehotel.com.vn/vi/', '1046147', null, '4', '5', '1', '1', '16.4680862', '107.5935822', '2017-09-22 23:22:42', null, 'ks4.jpg', null);
INSERT INTO `hotels` VALUES ('43', 'Gold Hotel', '28 Ba Trieu Street, Huế', '842343814815', 'Gold Hotel nằm ở trung tâm Thành phố Huế, cách Sông Hương 5 phút đi bộ. Nơi đây có 4 lựa chọn ăn uống, hồ bơi ngoài trời và các phòng nghỉ máy lạnh với ban công riêng. Cả Wi-Fi và chỗ đỗ xe đều được cung cấp miễn phí.', 'http://www.goldhotelhue.com/', '409639', null, '4', '5', '1', '1', '16.4685383', '107.5966797', '2017-09-22 23:20:12', null, 'ks.jpg', null);
INSERT INTO `hotels` VALUES ('44', 'Bavico Resort & Spa Tam Giang', 'Số 2 Nguyễn Lữ, Thuận An, Phú Vang, Thừa Thiên Huế', '8454 395 666', 'Chỗ nghỉ này cách bãi biển 12 phút đi bộ. Tam Giang Resort & Spa nằm ở địa điểm lý tưởng tại Phá Tam Giang, chỉ cách Bãi biển Thuận An 1 km.', 'http://bavicotamgiang.com/', '1004868', null, '4', '5', '2', '1', '16.5495491', '107.6411972', '2017-09-22 23:22:03', null, 'ks3.jpg', null);
INSERT INTO `hotels` VALUES ('45', 'ÊMM Hotel huế', '15 Lý Thường Kiệt, Vĩnh Ninh, Tp. Huế', '0234 3828 255', 'Tọa lạc tại trung tâm thành phố Huế, khách sạn này chỉ cách Sông Hương và Cầu Tràng Tiền 5 phút lái xe. Với khu vườn, khách sạn cung cấp các phòng nghỉ máy lạnh và nhà hàng trong nhà.', 'http://emmhotels.com/vi/hotels/emm-hotel-hue', '1068425', null, '4', '5', '1', '1', '16.4605923', '107.5893173', '2017-09-22 23:23:13', null, 'ks5.jpg', null);
INSERT INTO `hotels` VALUES ('46', 'Cherish Hue Hotel', '59 Bến Nghé, Phú Hội, Tp. Huế, Huế', '0234 3943 943', 'Tọa lạc ở trung tâm thành phố Huế, Cherish Hue Hotel chỉ cách Sông Hương nổi tiếng vài bước chân. Nơi đây cung cấp các liệu pháp spa thư giãn và trung tâm thể dục.', 'http://cherishhotel.com/vi/', '807648', null, '4', '5', '1', '1', '16.4655285', '107.5926285', '2017-09-22 23:18:15', null, 'bnk2.jpg', null);
INSERT INTO `hotels` VALUES ('47', 'Asia Hotel Hue', '17 Pham Ngu Lao street, Tp. Huế', '84.54.3830283', 'Asia Hotel Hue nằm dọc theo Đường Phạm Ngũ Lão tại Thành phố Huế của Việt Nam. Khách sạn cung cấp Wi-Fi miễn phí, có 1 bể bơi ngoài trời và 2 nhà hàng. ', 'http://asiahotel.com.vn/', '985451', null, '4', '5', '1', '1', '16.4691772', '107.5926285', '2017-10-01 22:37:26', '11', 'nhahang7.jpg', null);
INSERT INTO `hotels` VALUES ('48', 'Saigon Morin Hotel', '30 Lê Lợi, Phú Nhuận, Tp. Huế, Thừa Thiên Huế', '0234 3823 526', 'Tọa lạc tại trung tâm thành phố Huế, Saigon Morin Hotel nhìn ra quang cảnh Sông Hương và Cầu Tràng Tiền. Với kiến ​​trúc thuộc địa Pháp, khách sạn tự hào có hồ bơi ngoài trời và 3 lựa chọn ăn uống.', 'http://www.morinhotel.com.vn/', '1960673', null, '4', '5', '1', '1', '16.4665260', '107.5880585', '2017-09-22 23:26:02', null, 'ks9.jpg', null);
INSERT INTO `hotels` VALUES ('49', 'Century Riverside Hue', '49 Lê Lợi, Phú Hội, Tp. Huế, Thừa Thiên Huế', '0234 3823 390', 'Tọa lạc tại trung tâm Thành phố Huế, Century Riverside Hue có TV truyền hình cáp màn hình LCD và Wi-Fi miễn phí. Khách sạn sang trọng này đi kèm spa và hồ bơi.', 'http://www.centuryriversidehue.com/', '971812', null, '4', '5', '1', '1', '16.4705544', '107.5912781', '2017-09-22 23:29:14', null, 'nhahang6.jpg', null);
INSERT INTO `hotels` VALUES ('50', 'The Scarlett Boutique Hotel', '17/1 Ben Nghe Street,, Hue city', '0234 3930 666', 'The Scarlett Boutique Hotel nằm tại thành phố Huế, cách Chợ Đông Ba 900 m. Khách có thể dùng bữa tại nhà hàng trong khuôn viên.', 'http://www.thescarletthotels.com/our-properties/the-scarlett-boutique-hotel/', '1002501', null, '3', '5', '1', '1', '16.4670944', '107.5927124', '2017-09-22 23:24:32', null, 'ks7.jpg', null);
INSERT INTO `hotels` VALUES ('51', 'Furama Villas Danang', 'Trường Sa, Khuê Mỹ, Ngũ Hành Sơn, Đà Nẵng', '05113847888', 'Furama Villas Danang gồm các biệt thự rộng rãi với hồ bơi riêng và truy cập Wi-Fi miễn phí. Chỉ cách Bãi biển Đà Nẵng 400 m, khách sạn này cũng cung cấp 4 nhà hàng và 2 quầy bar. Nơi đây cũng có các lớp học Thái cực quyền miễn phí và dịch vụ đưa đón miễn phí đến khu Phố Cổ Hội An.\r\nCách Ngũ Hành Sơn 5 phút lái xe, Furama Villas Danang cũng cách thành phố Đà Nẵng 10 phút lái xe. Sân bay Quốc tế Đà Nẵng cách nơi nghỉ này 15 phút đi xe. Phố Cổ Hội An, Di sản Thế giới đã được UNESCO công nhận, nằm cách đó 20 phút lái xe.\r\nVới tầm nhìn hướng ra hồ bơi hoặc quang cảnh biển, mỗi căn biệt thự 2 tầng đều đi kèm với khu vực sinh hoạt và ăn uống. Nhà bếp đầy đủ tiện nghi được trang bị bếp nấu ăn, minibar và lò vi sóng.\r\nCác tiện nghi vui chơi giải trí như sân tennis và bóng chuyền cũng có tại nơi nghỉ này. Báo và két an toàn được cung cấp tại quầy lễ tân làm việc 24/24. Du khách có thể chơi máy Poker tại Club99, được mở cửa từ 11:00-04:00.\r\nCafé Indochine phục vụ các món ăn Châu Á như Việt Nam, Trung Quốc, Thái Lan và Ấn Độ chọn lọc. Các tùy chọn ăn uống khác bao gồm ẩm thực Ý tại Don Cipriani’s và Ocean Terrace. Ocean Terrace Bar & Lagoon Bar cung cấp nhiều loại thức uống.', 'http://www.furamavietnam.com/', '17409766', null, '5', '6', '4', '1', '16.0381546', '108.2481766', '2017-09-22 23:25:26', null, 'ks8.jpg', null);
INSERT INTO `hotels` VALUES ('52', 'Khách sạn Novotel Da Nang Premier Han River', '36 Bạch Đằng, Hải Châu, Đà Nẵng', '05113929999', 'Tọa lạc trên bờ phía Tây của Sông Hàn tại trung tâm thành phố Đà Nẵng, khách sạn 37 tầng này cung cấp các phòng nghỉ hiện đại chỉ cách Ga Đà Nẵng 1 km và cách Sân bay Quốc tế Đà Nẵng 2 km. Wi-Fi được cung cấp miễn phí cho khách.\r\nTòa nhà chọc trời này cho tầm nhìn ra toàn cảnh thành phố và các bãi biển từ sảnh khách. Khách có thể bơi lội thư giãn tại hồ bơi ngoài trời hay sử dụng tiện nghi spa và tập thể dục trong khuôn viên.\r\nCác phòng máy lạnh tại Novotel Danang đi kèm truyền hình vệ tinh màn hình phẳng, két an toàn và phòng tắm riêng với máy sấy tóc cùng đồ vệ sinh cá nhân miễn phí. Ban công riêng có tầm nhìn tuyệt đẹp ra quang cảnh hoàng hôn.\r\nNằm trong bán kính chỉ 1,2 km từ Bảo tàng Chăm, nhà hàng The Square của Novotel Danang Premier Han River phục vụ ăn uống trong nhà và ngoài trời. Để nhâm nhi đồ uống trước bữa tối, khách có thể ghé vào quán Pier 36.', 'http://www.novotel-danang-premier.com/', '4451029', null, '5', '6', '1', '1', '16.0773125', '108.2214127', '2017-09-22 23:29:09', null, 'nhahang5.jpg', null);
INSERT INTO `hotels` VALUES ('53', 'Khách sạn Diamond Sea', '232 Võ Nguyên Giáp, Đà Nẵng, Việt Nam', '05113939777', 'Tọa lạc tại thành phố Đà Nẵng, Diamond Sea Hotel cung cấp các phòng nghỉ hiện đại và thoải mái với truy cập Wi-Fi miễn phí trong toàn bộ khuôn viên. Khách sạn có hồ bơi ngoài trời trên tầng mái, trung tâm thể dục và chỗ đậu xe miễn phí trong khuôn viên.\r\nKhách sạn cách Cầu Sông Hàn 2 km và cách Bảo Tàng Chăm 2,4 km. Bãi biển Mỹ An cách nơi nghỉ này 2,9 km trong khi Sân bay Phú Bài cách đó 69 km lái xe.\r\nVới tầm nhìn ra biển, các phòng máy lạnh tại đây được trang bị tủ quần áo, giá treo quần áo, truyền hình cáp màn hình phẳng và khu vực tiếp khách. Minibar và ấm đun nước điện cũng được cung cấp. Phòng tắm riêng có vòi sen, dép và máy sấy tóc.\r\nDu khách nghỉ tại Diamond Sea Hotel có thể tận hưởng liệu pháp mát-xa thư giãn tại spa hoặc sử dụng tiện nghi xông hơi khô. Đội ngũ nhân viên quầy lễ tân 24 giờ có thể hỗ trợ du khách với các dịch vụ cho thuê xe đạp/xe hơi, giặt là và sắp xếp tour du lịch.', 'http://diamondseahotel.com/', '2016000', null, '4', '6', '1', '1', '16.0665588', '108.2428894', '2017-09-22 23:21:20', null, 'ks1.jpg', null);
INSERT INTO `hotels` VALUES ('54', 'Khách sạn Eden Plaza Đà Nẵng', '5 Duy Tan, Đà Nẵng, Việt Nam', '05113662666', 'Ngay trung tâm Đà Nẵng\r\nTọa lạc tại một vị trí trung tâm ở Thành phố Đà Nẵng, Eden Plaza có lễ tân 24 giờ, trung tâm dịch vụ doanh nhân và spa. Khách có thể truy cập Wi-Fi miễn phí trong toàn bộ tòa nhà trong khi chỗ đỗ xe được cung cấp miễn phí ngay trong khuôn viên.\r\nNơi nghỉ này tọa lạc tại một vị trí thuận tiện nằm trong bán kính 2 km từ Bảo tàng Chăm và Cầu Rồng. Sông Hàn nổi tiếng, Cầu Sông Hàn và Sân bay Quốc tế Đà Nẵng đều cách chỗ ở này khoảng 3 km. Ngũ Hành Sơn cách đó 7 km.\r\nCác phòng máy lạnh tại đây có sàn lát gỗ, tủ quần áo, bàn làm việc, truyền hình cáp màn hình phẳng, minibar và khu vực tiếp khách. Trong phòng tắm riêng đi kèm với máy sấy tóc, tiện nghi vòi sen và đồ vệ sinh cá nhân miễn phí.\r\nEden Plaza Da Nang có bàn đặt tour có thể hỗ trợ khách với các dịch vụ cho thuê xe hơi, tổ chức các chuyến tham quan và sắp xếp việc đi lại. Dịch vụ giữ hành lý, thu đổi ngoại tệ, giặt là và tiện nghi tổ chức hội họp được cung cấp theo yêu cầu.\r\nNhà hàng trong khuôn viên phục vụ thực đơn các món ăn ngon của Việt Nam và quốc tế suốt cả ngày. Dịch vụ phòng cũng được cung cấp cho khách.', 'http://www.edenplazadanang.com/', '1889253', null, '4', '6', '1', '1', '16.0485039', '108.2138214', '2017-09-22 23:19:21', null, 'hotel1.jpg', null);
INSERT INTO `hotels` VALUES ('55', '\nGold 2 Hotel Danang', '04-05 Trần Bạch Đằng, Phường Bắc Mỹ An, Quận Ngũ Hành Sơn, Đà Nẵng', '0905394559', 'Gold 2 Hotel nổi bật với vẻ đẹp của sự kết hợp hài hòa 2 phong cách Á – Âu trong lối thiết kế, nét cổ điển xen lẫn nét hiện đại tạo nên sự độc đáo riêng. Không chỉ ấn tượng ở thiết kế mà các phòng của khách sạn còn khá lôi cuốn du khách khi được bài trí sắp xếp bằng con mắt tinh tế và đôi bàn tay khéo léo của những người thợ, đã tạo không gian trang nhã sang trọng với các nội thất cao cấp, sàn phòng được ốp gỗ thiên nhiên cùng với những vật dụng kiểu dáng mới mẻ, màu sắc bắt mắt… Thêm vào đó, mỗi phòng đều có cửa sổ với điểm nhìn đẹp hướng ra khung cảnh thành phố biển bên dòng sông Hàn thơ mộng. Tất cả đã tạo nên màu sắc rất riêng không bị lẫn của khách sạn này với muôn vàn những khách sạn khác ở đây.', 'http://www.gold2hotel.vn/', '547000', null, '3', '6', '4', '1', '16.0518379', '108.2251129', '2017-09-22 23:20:13', null, 'ks.jpg', null);
INSERT INTO `hotels` VALUES ('56', 'Ocean Haven Hotel', '295-297 Hồ Nghinh - Phường Phước Mỹ - Quận Sơn Trà - Thành phố Đà Nẵng', '05113959955', 'Nằm gần bãi biển, Ocean Haven Hotel cung cấp chỗ ở hiện đại đầy phong cách với truy cập Wi-Fi miễn phí tại các khu vực chung. Nơi đây có quầy lễ tân 24 giờ, trung tâm dịch vụ doanh nhân và bãi đỗ xe miễn phí ngay trong khuôn viên.\r\nKhách sạn nằm trong bán kính chỉ 1,7 km từ Cầu Sông Hàn và 2,5 km từ Bảo tàng Chăm. Du khách đi 3,6 km là đến Bãi biển Mỹ An nổi tiếng trong khi Sân bay Phú Bài cách đó trong khoảng 68 km lái xe. Dịch vụ đưa đón và vận chuyển sân bay có thể được sắp xếp kèm theo phụ phí.\r\nCác phòng nghỉ máy lạnh tại đây được bài trí trang nhã và có sàn lát gỗ, tủ quần áo, truyền hình cáp màn hình phẳng cũng như khu vực tiếp khách. Ngoài ra còn đi kèm minibar và ấm đun nước điện. Phòng tắm riêng được trang bị tiện nghi vòi sen, bồn tắm, dép và máy sấy tóc.\r\nKhách nghỉ tại Ocean Haven Hotel có thể thuê xe đạp/xe hơi để khám phá khu vực và ghé vào các điểm tham quan gần đó. Nhân viên thân thiện tại đây có thể hỗ trợ khách với các dịch vụ thu đổi ngoại tệ, giữ hành lý, giặt là và sắp xếp tour du lịch.\r\nNơi nghỉ này có nhà hàng phục vụ tuyển chọn các món ăn ngon của Việt Nam và phương Tây. Du khách cũng có thể được thưởng thức đồ uống sau bữa ăn.', 'www.oceanhavenhotel.com', '700380', null, '3', '6', '1', '1', '16.0653496', '108.2411804', '2017-09-22 23:22:05', null, 'ks3.jpg', null);
INSERT INTO `hotels` VALUES ('57', 'Khách sạn Đà Nẵng Bay \n', '52 Võ Nguyên Giáp, Ngũ Hành Sơn, Đà Nẵng', '05113912666', 'Khách sạn bên bờ biển Da Nang Bay Hotel nằm cách Núi Khỉ 4,8 km. Nơi nghỉ có nhà hàng và các phòng với truy cập Wi-Fi miễn phí. Tại đây còn có bãi đỗ xe miễn phí.\r\nKhách sạn cách 2,8 km từ Cầu Sông Hàn và 4 km từ Bảo tàng Chăm. Sân bay Quốc tế Đà Nẵng cách khách sạn 7 km.\r\nCác phòng hiện đại có tông màu trung tính tạo cảm giác yên bình. Phòng được trang bị TV màn hình phẳng với các kênh truyền hình cáp, minibar, tủ quần áo và két an toàn cá nhân. Phòng tắm riêng đi kèm tiện nghi vòi sen, đồ vệ sinh cá nhân và máy sấy tóc.\r\nQuý khách có thể thu xếp việc đi lại tại bàn đặt tour. Nhân viên tại quầy lễ tân 24 giờ có thể hỗ trợ khách với các dịch vụ giữ hành lý, giặt là và đặt vé.', 'http://www.danangbayhotel.com/', '950000', null, '2', '6', '1', '1', '16.0854988', '108.2459946', '2017-09-22 23:24:01', null, 'ks6.jpg', null);
INSERT INTO `hotels` VALUES ('58', '\nCau Rong Hotel', 'Bùng Binh Thứ 2, Đường Võ Văn Kiệt, Phường Phước Mỹ, Quận Sơn Trà, Thành Phố Đà Nẵng', ' 05113942964', 'Chỗ nghỉ này cách bãi biển 1 phút đi bộ. Sea View DN Hotel cung cấp chỗ nghỉ với Wi-Fi miễn phí tại thành phố Đà Nẵng. Khách sạn có sân hiên tắm nắng, tầm nhìn ra biển và quầy bar phục vụ đồ uống cho khách.\r\n\r\nCác phòng còn có TV màn hình phẳng với các kênh truyền hình cáp.\r\n\r\nChỗ nghỉ cũng có cửa hàng quà lưu niệm.\r\n\r\nQuý khách có thể tham gia rất nhiều hoạt động như lướt ván buồm và lặn biển. Khách sạn cũng có dịch vụ cho thuê xe máy. Sea View DN Hotel cách Núi Khỉ 3,3 km và và Cầu Sông Hàn 4,3 km. Sân bay quốc tế Đà Nẵng cách đó 9 km. \r\n\r\nChúng tôi sử dụng ngôn ngữ của bạn!\r\n\r\nSea View DN Hotel đã chào đón khách Booking.com từ Ngày 22 Tháng 3 Năm 2016.', 'http://www.cauronghotel.vn', '306917', null, '2', '6', '1', '1', '16.0634556', '108.2382889', '2017-09-22 23:23:15', null, 'ks5.jpg', null);
INSERT INTO `hotels` VALUES ('59', 'Khách sạn Đông Nam Á', 'Lô 11 .B4.4 Võ Nguyên Giáp , Quận Ngũ hành Sơn , TP Đà Nẵng', '05113952152', 'Dong Nam A Hotel nằm cách các tùy chọn ăn uống từ quán ăn địa phương cho tới các quán café và nhà hàng hải sản 300 m. Khách sạn cung cấp truy cập Wi-Fi miễn phí.\r\nKhách sạn này cách Chợ Hàn 4 km và cách Ga Đà Nẵng 6 km.\r\nCác phòng nghỉ máy lạnh tại đây được trang bị truyền hình cáp và minibar. Phòng tắm riêng đi kèm đồ vệ sinh cá nhân, dép và tiện nghi vòi sen. Nước đóng chai cũng được cung cấp cho khách.\r\nDu khách có thể đến quầy lễ tân 24 giờ để được hỗ trợ với các dịch vụ giữ hành lý, giặt là và đặt vé. Dịch vụ đưa đón sân bay, cho thuê phương tiện đi lại và sắp xếp các tour du lịch cũng có tại đây.', 'http://www.dongnamahotel.com/', '1889253', null, '1', '6', '1', '1', '16.0422935', '108.2460403', '2017-09-22 23:29:07', null, 'nhahang7.jpg', null);
INSERT INTO `hotels` VALUES ('60', 'Khách sạn Danang Beach', 'Lê Quang Đạo - An Thượng 30, Quận Ngũ Hành Sơn, Thành Phố Đà Nẵng', '05113951456', 'Danang Beach Hotel cung cấp các phòng máy lạnh với Wi-Fi miễn phí. Khách sạn có bàn đặt tour, dịch vụ giữ hành lý đồng thời cung cấp chỗ đậu xe riêng miễn phí.\r\nDanang Beach Hotel cách Bãi biển Mỹ Khê và Bãi biển T20 khoảng 200 m. Ngũ Hành Sơn cách khách sạn này 2,5 km trong khi Sân bay Quốc tế Đà Nẵng cách đó 5 km.\r\nToàn bộ phòng tại đây được trang bị truyền hình cáp màn hình phẳng, khu vực tiếp khách và bàn làm việc. Phòng tắm riêng có vòi sen và đồ vệ sinh cá nhân miễn phí.', 'www.danangbeachhotel.com', '296686', null, '1', '6', '1', '1', '16.0511360', '108.2436066', '2017-09-22 23:28:50', null, 'nhahang5.jpg', null);
INSERT INTO `hotels` VALUES ('61', 'Khách Sạn Hoàng Sơn Peace', 'Quảng trường 1 - Đường Trịnh Tú - Phường Ninh Khánh - Thành phố Ninh Bình', '0303890955', 'Nằm ẩn mình giữa các không gian thanh bình xung quanh, Nguyen Shack Homestay là chỗ ở nhà dân không xô bồ và cách Tam Cốc 5 km. Wi-Fi miễn phí được cung cấp ở tất cả các khu vực và trong các Bungalow.\r\nNằm trên thung lũng, các phòng quạt máy tại đây nhìn ra núi và có minibar cùng khu vực tiếp khách. Từ phòng nghỉ thoải mái quý khách cũng có thể thoáng bắt gặp cuộc sống hoang dã. Tiện nghi phòng tắm được dùng riêng và đi kèm đồ vệ sinh cá nhân miễn phí cùng máy sấy tóc.\r\nQuý khách có thể tận hưởng một chuyến đi bộ leo núi hoặc khám phá các hang động gần đó. Ngoài ra, quý khách cũng có thể câu cá thư giãn từ sân hiên riêng. Xe đạp người lớn và trẻ em miễn phí được cung cấp cho khách để đến các điểm tham quan của tỉnh Ninh Bình như Quần thể Danh thắng Tràng An (6 km), Bích Động (7 km) và Cố Đô Hoa Lư (8 km).\r\nNguyen Shack - Ninh Binh nằm trong bán kính 20 km từ Chùa Bái Đính và 10 km Trung tâm Cứu hộ Chim Thung Nham. Thành phố Ninh Bình và Ga tàu Ninh Bình đều cách nơi nghỉ này 7 km còn Sân bay Quốc tế Nội Bài cách đó 90 km.\r\nNguyen Shack Homestay - Ninh Binh có tiện nghi pha trà/cà phê miễn phí và cung cấp đồ ăn nhẹ. Các tiện nghi khác bao gồm bàn đặt tour, lễ tân 24 giờ và chỗ để hành lý. Để tạo sự thuận tiện cho khách, dịch vụ đưa đón sân bay cũng được cung cấp kèm phụ phí.\r\nNằm ngay bên cạnh Quảng trường Đinh Tiên Hoàng, Hoang Son Hotel cung cấp dịch vụ đưa đón sân bay để tạo thuận tiện cho khách. Nơi nghỉ này có các sân tennis, hồ bơi trong nhà cùng hồ bơi spa và các tiện nghi spa khác. Wi-Fi được cung cấp miễn phí trong toàn bộ khách sạn.\r\nCác phòng tại Hoang Son Peace Hotel đều sang trọng, rộng rãi và có sàn gỗ. Trong phòng được trang bị đầy đủ tiện nghi với truyền hình cáp màn hình phẳng, minibar và không gian làm việc. Một số phòng còn đi kèm với ban công riêng và bồn tắm.\r\nQuý khách có thể rèn luyện sức khỏe tại phòng tập thể dục hiện đại hoặc đi dạo trong khu vườn của khách sạn. Tại đây có các lựa chọn giải trí khác như hát karaoke, đi xe đạp và đi bộ đường dài. Nơi nghỉ này cũng có sân chơi trẻ em cho những vị khách nhỏ tuổi.\r\nKhách sạn có 3 lựa chọn ăn uống cho khách chọn từ các bữa ăn châu Á cho đến châu Âu. Quầy bar có tuyển chọn các loại đồ uống.\r\n', 'http://www.hoangsonpeacehotel.com.vn/', '1836954', null, '4', '7', '1', '1', '20.2741795', '105.9634781', '2017-09-22 23:18:17', null, 'bnk2.jpg', null);
INSERT INTO `hotels` VALUES ('62', 'Nguyen Shack - Ninh Binh', 'Hang Mua, Khe Dau Ha, Ninh Xuan, Hoa Lu District, Ninh Bình, Việt Nam', '0303618678', 'Được bao quanh bởi những cánh đồng lúa và cảnh quan cây xanh tươi tốt, Tam Coc Garden Resort có hồ bơi ngoài trời và các phòng nghỉ tiện nghi với sân hiên riêng nhìn ra quang cảnh khu vườn hoặc núi non. Nơi đây cung cấp miễn phí cả dịch vụ cho thuê xe đạp và truy cập Wi-Fi ở các khu vực chung.\r\nTừ resort, du khách chỉ cần đi 5 km là đến Tam Cốc-Bích Động và đi trong vòng 15 km là tới Chùa Bái Đính cũng như Hang động Tràng An nổi tiếng. Thành phố Hà Nội nằm trong bán kính 100 km từ nơi nghỉ này trong khi Sân bay Quốc tế Nội Bài cách đó khoảng 140 km.\r\nCác phòng máy lạnh tại đây có mái tranh, sàn lát gạch, két an toàn cá nhân, tủ quần áo, minibar và khu vực tiếp khách. Trong phòng đi kèm phòng tắm riêng được trang bị bồn tắm và đồ vệ sinh cá nhân miễn phí.\r\nLàm việc 24/24, nhân viên thân thiện tại Tam Coc Garden Resort có thể hỗ trợ khách với các dịch vụ giữ hành lý, giặt là và ủi. Dịch vụ đưa đón cũng có thể được bố trí theo yêu cầu với một khoản phụ phí. Chỗ đỗ xe được cung cấp miễn phí trong khuôn viên.\r\nPhục vụ ẩm thực Việt Nam và phương Tây, nhà hàng trong khuôn viên cung cấp các bữa ăn ngon từ 06:00-22:00 hàng ngày. Du khách cũng có thể thưởng thức một loạt món ăn nhẹ và đồ uống tại quầy bar. Dịch vụ ăn uống tại phòng cũng được cung cấp cho khách.\r\n', 'http://www.nguyenshack.com/', '1300000', null, '4', '7', '1', '1', '20.2292747', '105.9368134', '2017-09-22 23:26:05', null, 'ks9.jpg', null);
INSERT INTO `hotels` VALUES ('63', 'Tam Cốc Garden Resort', 'Ấp Hải Nham, xã Ninh Hải, huyện Hoa Lư , tỉnh Ninh Bình , Việt Nam .', '0966032555', 'Tọa lạc trong tòa nhà truyền thống đã được tu sửa lại, Bai Dinh Hotel cung cấp các phòng và suite máy lạnh hiện đại với Wi-Fi miễn phí ở thành phố Ninh Bình. Khách sạn có sân trong đi kèm khu vườn và nhà hàng riêng.\r\nBai Dinh Hotel cách Chùa Bái Đính chỉ 50 m. Khách sạn cách Cố Đô Hoa Lư 4,7 km, cách khu du lịch Tràng An 7 km và cách Chùa Bích Động 8,4 km.\r\nMỗi phòng và suite tại đây đều được trang bị truyền hình cáp màn hình phẳng, minibar và bàn làm việc. Ngoài ra phòng còn bao gồm khu vực tiếp khách và phòng tắm riêng với vòi sen cùng đồ vệ sinh cá nhân miễn phí.', 'http://www.tamcocgarden.com/', '3978551', null, '4', '7', '2', '1', '20.2111969', '105.9061203', '2017-09-22 23:28:48', null, 'nhahang5.jpg', null);
INSERT INTO `hotels` VALUES ('64', 'Khách sạn Bái Đính', 'Khuôn viên Chùa Bái Đính - Xã Gia Sinh - Huyện Gia Viễn - Ninh Bình', '0303868789', 'Khách sạn có lễ tân 24 giờ và bãi đỗ xe riêng miễn phí. Các tiện nghi khác bao gồm dịch vụ đặt vé, bàn đặt tour và chỗ để hành lý. Phòng họp được cung cấp kèm phụ phí.', 'http://www.baidinhhotel.com/', '1154916', null, '3', '7', '1', '1', '20.2747364', '105.8619995', '2017-09-22 23:24:35', null, 'ks7.jpg', null);
INSERT INTO `hotels` VALUES ('65', 'Hang Múa Eco Lodge', 'Khe Ha, Ninh Xuan, Hoa Lu, Ninh Binh, Xuân Sơn, Việt Nam', '0303618754', 'Nằm ở thành phố Ninh Bình, Mua Cave Eco Lodge cung cấp chỗ nghỉ yên bình và thoải mái với truy cập WiFi miễn phí trong toàn bộ khuôn viên. Nơi nghỉ này có lễ tân 24 giờ và chỗ đỗ xe miễn phí ngay trong khuôn viên.\r\nCác phòng máy lạnh tại đây được trang bị sàn lát gạch, tủ quần áo, màn tránh muỗi, TV và khu vực tiếp khách. Minibar và ấm đun nước điện cũng được cung cấp. Phòng tắm riêng đi kèm bồn tắm/vòi sen, dép đi trong phòng và đồ vệ sinh cá nhân miễn phí.\r\nTại Mua Cave Eco Lodge, khách có thể thuê xe đạp khám phá khu vực và ghé thăm các điểm tham quan ở gần đó. Dịch vụ thu đổi ngoại tệ, tiện nghi để hành lý và thu xếp tour tham quan cũng có tại đây. Dịch vụ đưa đón và đưa/đón sân bay có thể được cung cấp với một khoản phụ phí.', 'http://www.muacaveecolodge.com/', '900289', null, '3', '7', '1', '1', '20.2305393', '105.9345169', '2017-09-22 23:22:39', null, 'ks4.jpg', null);
INSERT INTO `hotels` VALUES ('66', 'Tam Cốc Eco-Lodge', 'Tam Coc, Bich Dong, Ninh Bình, Việt Nam', '0303618789', 'Tam Coc Eco-Lodge tọa lạc ở thành phố Ninh Bình và được bao quanh bởi cảnh quan núi non xanh mát. Nơi nghỉ này phục vụ bữa sáng theo thực đơn lập sẵn hàng ngày và cung cấp Wi-Fi miễn phí trong toàn khuôn viên.\r\nNhà nghỉ bằng gỗ này cách các điểm tham quan ngắm cảnh nổi tiếng ở khu du lịch Tràng An 15 km. Chùa Bái Đính cách đó 25 km.\r\nMỗi phòng tại đây đều được trang bị truyền hình cáp màn hình phẳng, tủ quần áo, ấm đun nước điện và minibar. Phòng tắm riêng đi kèm tiện nghi vòi sen, đồ vệ sinh cá nhân cùng máy sấy tóc. Dịch vụ phòng cũng được cung cấp.\r\nDu khách có thể sắp xếp các hoạt động như đi bộ đường dài, đi xe đạp và câu cá. Nhân viên tại quầy lễ tân 24 giờ có thể hỗ trợ khách với các dịch vụ giữ hành lý, giặt ủi và đưa đón sân bay.', 'http://tamcoceco-lodge.com/', '1091259', null, '3', '7', '1', '1', '20.2182407', '105.9159393', '2017-09-22 23:21:18', null, 'ks1.jpg', null);
INSERT INTO `hotels` VALUES ('67', 'Anna Tham Hotel View', 'Tam Coc - Bich Dong, Ninh Bình, Việt Nam', '0303618522', 'Anna Tham Hotel View tọa lạc tại tỉnh Ninh Bình và cung cấp các phòng nghỉ tiện nghi, sang trọng với phòng tắm riêng. Khách sạn có nhà hàng, trung tâm dịch vụ doanh nhân và dịch vụ cho thuê xe hơi/xe đạp. Khách có thể truy cập Wi-Fi miễn phí tại chỗ ở này.\r\nCác phòng nghỉ ở đây có TV màn hình phẳng, máy lạnh và ban công. Trong phòng tắm riêng được trang bị vòi sen, máy sấy tóc và đồ vệ sinh cá nhân miễn phí. Khu vực tiếp khách và các kênh truyền hình cáp cũng được cung cấp trong phòng.\r\nAnna Tham Hotel có lễ tân 24 giờ. Ngoài ra còn có các tiện nghi khác bao gồm dịch vụ đặt vé, bàn đặt tour và dịch vụ giữ hành lý. Nhà hàng trong khuôn viên mở cửa phục vụ bữa sáng hàng ngày và cung cấp tuyển chọn các món ăn Việt Nam cũng như phương Tây.\r\nKhách sạn nằm trong bán kính khoảng 12 km từ khu du lịch Tràng An, cố đô Hoa Lư và chùa Bái Đính. Ga tàu Ninh Bình nằm cách khách sạn khoảng 15 km trong khi bãi biển Kim Sơn cách đó chừng 35 km. Cách nơi nghỉ này khoảng 100 m là Sân bay Quốc tế Nội Bài. Nơi đây cung cấp chỗ đỗ xe miễn phí.', 'http://annathamhotelview.com/', '500161', null, '2', '7', '1', '1', '20.2172832', '105.9152985', '2017-09-22 23:22:07', null, 'ks3.jpg', null);
INSERT INTO `hotels` VALUES ('68', 'Limestone View Homestay', 'Xuân Áng Nội, Ninh Xuân, Hoa Lư, Ninh Bình, Việt Nam', '0918453761', 'Limestone View Homestay nằm ở tỉnh Ninh Bình và có các phòng nghỉ với truy cập WiFi miễn phí cùng tầm nhìn ra hồ, vùng nông thôn cũng như các ngọn núi. Nơi nghỉ còn có nhà hàng và cung cấp dịch vụ cho mượn xe đạp miễn phí.\r\nVới sân hiên, các phòng được trang bị máy lanh, minibar và ấm đun nước điện. Phòng tắm riêng đi kèm tiện nghi vòi sen và đồ vệ sinh cá nhân. Dịch vụ phòng cũng được cung cấp tại đây.\r\nDu khách có thể đến quầy lễ tân 24 giờ để được hỗ trợ với các dịch vụ giữ hành lý, giặt là và cho thuê xe hơi. Việc đi lại có thể được thu xếp tại bàn đặt tour.', 'http://www.limestoneview.com/', '1295871', null, '2', '7', '5', '1', '20.2510681', '105.9348068', '2017-09-22 23:23:16', null, 'ks5.jpg', null);
INSERT INTO `hotels` VALUES ('69', 'Khách sạn Phương Ngân', 'Số 6, phố 5, phường Đông Thành, Tp. Ninh Bình, Viêt Nam', '0303899767', 'Nằm cách Chùa Bái Đính ở thành phố Ninh Bình 11 km, Phuong Ngan Hotel cung cấp truy cập Wi-Fi miễn phí và chỗ đậu xe riêng miễn phí.\r\nMỗi phòng tại khách sạn này được trang bị máy lạnh và TV. Một số phòng có khu vực tiếp khách cho du khách thư giãn sau một ngày bận rộn. Một số phòng đi kèm sân hiên/ban công. Mỗi phòng còn có phòng tắm riêng kèm vòi sen. Dép và đồ vệ sinh cá nhân miễn phí cũng được cung cấp để tạo sự thoải mái cho khách.\r\nLễ tân khách sạn làm việc 24 giờ.\r\nKhách sạn cũng cho thuê xe hơi. Đền Thái Vi và Khu Du lịch Sinh thái Tràng An đều nằm cách Phuong Ngan Hotel 6 km.\r\nPhòng khách sạn: 22', 'null', '341019', null, '1', '7', '1', '1', '0.0000000', '0.0000000', '2017-09-22 23:20:15', null, 'ks.jpg', null);
INSERT INTO `hotels` VALUES ('70', 'Khách sạn Chez Loan', 'Thôn Đam Khê, Xã Ninh Hải, Hoa Lư, Ninh Bình', '0303618354', 'Với những ngọn núi đầy cây xanh tươi tốt bao quanh, Chez Loan Hotel cung cấp chỗ ở yên tĩnh và tiện nghi với truy cập Wi-Fi miễn phí trong toàn bộ khuôn viên. Nơi đây có lễ tân 24 giờ và nhà hàng ngay trong khuôn viên.\r\nTừ khách sạn, du khách chỉ cần đi bộ 5 phút là đến khu du lịch Tam Cốc và Chùa Bích Động. Đền Thái Vi nằm trong bán kính 700 m từ nơi nghỉ này trong khi khu du lịch sinh thái Tràng An cách đó trong vòng 10 km lái xe.\r\nĐược trang trí trang nhã, các phòng và bungalow máy lạnh tại đây có sàn lát gạch, tủ quần áo cũng như truyền hình cáp. Ngoài ra còn được trang bị ấm đun nước điện và minibar. Phòng tắm riêng đi kèm tiện nghi vòi sen, dép, máy sấy tóc và đồ vệ sinh cá nhân miễn phí.\r\nNhân viên thân thiện tại Chez Loan Hotel có thể hỗ trợ khách với các dịch vụ giữ hành lý, giặt là và sắp xếp tour du lịch. Du khách cũng có thể thuê xe đạp/xe hơi để khám phá khu vực xung quanh trong khi dịch vụ đưa đón và vận chuyển sân bay có thể được cung cấp với một khoản phụ phí.\r\nNhà hàng trong khuôn viên phục vụ tuyển chọn các món ăn ngon của địa phương cùng với đủ loại đồ uống được cung cấp tại quầy bar. Các bữa ăn theo chế độ dinh dưỡng đặc biệt cũng có thể được chuẩn bị khi khách yêu cầu.', 'http://chezloantamcoc.com/', '636568', null, '1', '7', '1', '1', '20.2175808', '105.9284668', '2017-09-22 23:19:24', null, 'hotel1.jpg', null);
INSERT INTO `hotels` VALUES ('71', 'Khách Sạn Somerset Grand Hà Nội', '49 Hai Bà Trưng, quận Hoàn Kiếm, Hà Nội', '0439342342', 'Đứng sừng sững tại Khu Phố Cổ duyên dáng lấy cảm hứng từ Pháp, Somerset Grand Hanoi cung cấp các dinh thự tự phục vụ với quyền sử dụng hồ bơi ngoài trời và tiện nghi tập thể dục. Nơi nghỉ này có sảnh mua sắm và nhà hàng với bữa sáng tự chọn.\r\nSomerset Grand Hanoi cách Hồ Hoàn Kiếm một quãng tản bộ. Từ nơi nghỉ này, quý khách chỉ cần đi bộ 1 phút là đến bến xe buýt và 10 phút là tới Ga Hà Nội. Sân bay Quốc tế Nội Bài cách đó 22 km.\r\nVới tầm nhìn toàn cảnh thành phố, các chỗ ở rộng rãi tại đây có phòng sinh hoạt và ăn uống cùng nhà bếp được trang bị đầy đủ tiện nghi. Ngoài ra còn đi kèm truyền hình cáp màn hình phẳng, hệ thống giải trí gia đình và bồn tắm. Các căn hộ được trang bị đầy đủ tiện nghi giặt là và đầu đĩa DVD.\r\nTại đây có các lựa chọn giải trí như sân tennis, bể sục và phòng xông hơi khô. Khách sạn cũng có trung tâm dịch vụ doanh nhân và có thể cung cấp dịch vụ giữ trẻ cũng như giặt là.\r\nQuý khách có thể thưởng thức các bữa ăn Việt Nam và quốc tế thịnh soạn tại nhà hàng Jaspa Restaurant hay trong sự thoải mái ngay tại phòng mình.\r\nQuận Hoàn Kiếm là lựa chọn tuyệt vời cho du khách thích Món ăn đường phố, Tham quan thành phố và Người dân thân thiện.', 'http://www.somerset.com/en/vietnam/hanoi/somerset_grand_hanoi.html', '3267413', null, '5', '8', '1', '1', '21.0257607', '105.8442917', '2017-09-22 23:28:58', null, 'nhahang7.jpg', null);
INSERT INTO `hotels` VALUES ('72', 'Khách Sạn Somerset WestLake', 'Số 254D Thuỵ Khuê, Quận Tây Hồ, Hà Nội.', '0438430030 ', 'Somerset West Lake Hanoi cung cấp các căn hộ có truyền hình cáp màn hình phẳng và nhà bếp đầy đủ vật dụng. Khu căn hộ này có 1 phòng tập thể dục và hồ bơi. Dịch vụ đưa đón miễn phí đến trung tâm thành phố được cung cấp tại đây.\r\nSomerset West Lake Hanoi cách Ga Hà Nội 20 phút lái xe. Sân bay Quốc tế Nội Bài cách đó 40 phút lái xe.\r\nTất cả các căn hộ đều nhìn ra khung cảnh Hồ Tây xinh đẹp. Các nhà bếp đầy đủ tiện nghi đi kèm với dụng cụ nấu ăn và lò vi sóng. Các căn hộ được trang bị tốt của Somerset có tiện nghi ủi và hệ thống âm thanh đầy đủ.\r\nQuý khách có thể tản bộ trong những khu vườn cảnh hoặc đến sảnh khách để thư giãn. Nơi này có sân chơi ngoài trời và phòng chơi trong nhà cho trẻ em.\r\nNhà hàng Jason\'s Workshop Restaurant phục vụ các món ăn Việt Nam và phương Tây.', 'http://www.somerset.com/', '1809900', null, '5', '8', '1', '1', '21.0434895', '105.8160629', '2017-09-22 23:28:43', null, 'nhahang5.jpg', null);
INSERT INTO `hotels` VALUES ('73', 'Asean Resort Hà Nội', '21A Hòa Lạc, Thạch Thất, Quốc Oai, Hà Nội.', '0433686201', 'Asean Resort Hanoi cung cấp nơi lánh mình thư giãn ở Hà Nội với các phòng nghỉ trang nhã. Các tiện nghi thư giãn tại resort này bao gồm sân gôn lớn, sân tennis và các dịch vụ mát-xa trong spa sang trọng. Khách có thể truy cập Wi-Fi miễn phí tại đây.\r\nAsean Hanoi Resort nằm cách Sân bay Quốc tế Nội Bài 1 tiếng lái xe và cách trung tâm thành phố 35 km. Chỗ ở này có dịch vụ đưa đón sân bay và bãi đậu xe chung miễn phí trong khuôn viên.\r\nCác phòng tại đây rộng rãi và được trang trí tao nhã. Phòng gồm minibar, truyền hình cáp màn hình phẳng và khu vực tiếp khách thoải mái. Khách có thể ngắm nhìn khu vườn từ tất cả các phòng. Phòng tắm đi kèm bồn tắm và đồ vệ sinh cá nhân miễn phí.\r\nQuý khách có thể chọn từ thực đơn các món ăn Việt Nam và quốc tế. Resort cũng cung cấp tuyển chọn các món hải sản tại nhà hàng Floating Restaurant và đặc sản Teppanyaki của Nhật Bản ở nhà hàng Steak World Restaurant. Du khách cũng có thể yêu cầu các món nướng.', 'http://www.aseanresort.vn/', '1886970', null, '4', '8', '2', '1', '21.0328140', '105.5116882', '2017-09-22 23:18:22', null, 'bnk2.jpg', null);
INSERT INTO `hotels` VALUES ('74', 'Khách Sạn Silk Path', '195 - 199 Hàng Bông, Q. Hoàn Kiếm, Hà Nội', '0432665555', 'Silk Path Hotel ở thành phố Hà Nội nằm cách phố Hàng Gai và Khu phố Pháp 10 phút lái xe. Trung tâm thể dục trên tầng cao nhất có phòng xông hơi ướt với tầm nhìn ra toàn cảnh Hồ Hoàn Kiếm. Wi-Fi được cung cấp miễn phí.\r\nKhách có thể làm trẻ hóa cơ thể bằng cách rèn luyện sức khỏe tại trung tâm thể dục hay đến phòng xông hơi khô. Silk Path Hotel có bể sục, phòng đọc sách yên tĩnh và trung tâm dịch vụ doanh nhân 24 giờ.\r\nCác phòng nghỉ máy lạnh được trang bị TV màn hình phẳng 32 inch, két an toàn và bàn làm việc. Minibar và tiện nghi pha trà/cà phê cũng có trong phòng.\r\nCác món ăn địa phương và quốc tế được phục vụ tại La Soie de Hanoi trong khi Bellissimo cung cấp thực đơn Địa Trung Hải gồm bánh pizza nướng cũng như bánh ngọt. Bia và cocktail có tại Silk Bar và Piano Bar.\r\nSilk Path Hotel nằm cách Sân bay Quốc tế Nội Bài 45 phút lái xe. Nhà hát Múa rối Nước Thăng Long và Nhà thờ Thánh Joseph là các điểm tham quan của khu vực.\r\nQuận Hoàn Kiếm là lựa chọn tuyệt vời cho du khách thích Món ăn đường phố, Tham quan thành phố và Người dân thân thiện. ', 'http://silkpathhotel.com/', '9256155', null, '4', '8', '1', '1', '21.0289631', '105.8425140', '2017-09-22 23:26:07', null, 'ks9.jpg', null);
INSERT INTO `hotels` VALUES ('75', 'Khách sạn Lai Farm Ba Vì', 'Thôn Rùa, Vân Hòa, Ba Vì, Việt Nam', '0439334618', 'Nằm ở huyện Ba Vì thuộc Khu vực Thành phố Hà Nội, cách thành phố Hà Nội 47 km, Lai Farm Ba Vi có tiện nghi BBQ và hiên phơi nắng. Du khách có thể ăn uống tại nhà hàng ngay trong khuôn viên nơi này. Chỗ nghỉ cũng có chỗ đỗ xe riêng miễn phí tại chỗ.\r\nMỗi phòng tại nhà nghỉ trang trại này đều có máy lạnh và TV truyền hình vệ tinh. Du khách sẽ tìm thấy ấm đun nước trong phòng. Dép và đồ vệ sinh cá nhân miễn phí cũng được cung cấp để tạo thuận tiện cho du khách.\r\nNhà nghỉ cung cấp dịch vụ cho thuê xe đạp miễn phí và khu vực này cũng nổi tiếng với hoạt động chơi gôn.\r\nNhà nghỉ có tiện nghi thể thao dưới nước và dịch vụ cho thuê xe hơi. Du khách có thể tham gia vô số hoạt động trong khu vực xung quanh, bao gồm cả đi xe đạp và câu cá. Sân bay Quốc tế Nội Bài nằm trong bán kính 45 km từ chỗ nghỉ này.', 'https://www.facebook.com/trangtrailai', '1023056', null, '3', '8', '1', '1', '21.0797806', '105.4038162', '2017-09-22 23:25:23', null, 'ks8.jpg', null);
INSERT INTO `hotels` VALUES ('76', 'Khách Sạn Quốc Hoa Hà Nội', 'Số 10 Bát Đàn, Quận Hoàn Kiếm, Hà Nội.', '0438284528', 'Tọa lạc trong Khu Phố Cổ của thành phố Hà Nội, Quoc Hoa nằm trong bán kính 2 phút đi bộ từ Hồ Hoàn Kiếm xinh đẹp và được bao quanh bởi các cửa hàng sôi động. Khách sạn có nhà hàng, 2 quầy bar và tiện nghi tập thể dục.\r\nTừ Quoc Hoa Hotel, du khách lái xe 10 phút là đến các điểm tham quan nổi tiếng như Lăng Chủ tịch Hồ Chí Minh và Chùa Một Cột.\r\nCác phòng nghỉ máy lạnh ở đây có Wi-Fi miễn phí, đồ nội thất bằng gỗ kiểu cổ điển và gam màu trung tính. Ngoài ra còn đi kèm máy sấy tóc, truyền hình cáp và dịch vụ phòng 24 giờ.\r\nDu khách có thể tận hưởng các liệu pháp mát-xa thư giãn hoặc ngâm mình trong bồn tắm spa. Nhân viên tại đây có thể cung cấp dịch vụ trợ giúp đặc biệt và đáp ứng các nhu cầu kinh doanh cũng như đi lại của khách.\r\nNhà hàng của Quoc Hoa phục vụ các món ăn phương Tây và Việt Nam ngon miệng do một đầu bếp cao cấp đã qua đào tạo chế biến. Hai quầy bar cung cấp không gian thư giãn để thưởng thức đồ uống sau bữa ăn.\r\nQuận Hoàn Kiếm là lựa chọn tuyệt vời cho du khách thích Món ăn đường phố, Tham quan thành phố và Người dân thân thiện.  ', 'http://www.quochoahotel.com', '1250402', null, '3', '8', '1', '1', '21.0338306', '105.8455963', '2017-09-22 23:28:37', null, 'nhahang7.jpg', null);
INSERT INTO `hotels` VALUES ('77', 'Khách sạn Bạch Dương', ' Số 417, Đường Đá Bạc, Xuân Khanh, Sơn Tây, Hà Nội, Vietnam', '0463251666', 'Cách chợ Tâm Mỹ 500 m và cách thị xã Ba Vì 2 km, Bach Duong Hotel tọa lạc tại thủ đô Hà Nội và có nhà hàng. Khách sạn cung cấp các phòng trang nhã với tầm nhìn ra núi. Truy cập Wi-Fi có sẵn miễn phí tại đây.\r\nCác phòng nghỉ ở đây có TV màn hình phẳng, máy lạnh và ban công. Phòng tắm riêng được trang bị vòi sen, đồ vệ sinh cá nhân miễn phí và dép đi trong phòng. Minibar, khu vực tiếp khách và truyền hình cáp cũng được trang bị trong phòng.\r\nBach Duong Hotel cung cấp lễ tân 24 giờ. Các tiện nghi khác bao gồm dịch vụ đặt vé, bàn đặt tour và dịch vụ để hành lý. Rất nhiều hoạt động, bao gồm cả câu cá, được tổ chức ngay trong khuôn viên cũng như ở khu vực xung quanh. Nhà hàng của Bach Duong Hotel phục vụ các món ăn châu Á.\r\nKhách sạn cách Thủ đô Hà Nội 43 km và cách Thành Cổ Sơn Tây 3 km. Cách Sân bay Quốc tế Nội Bài 1,5 giờ lái xe, Bach Duong Hotel nằm trong bán kính 1 km từ công viên quốc gia Ba Vì. Nơi đây cung cấp chỗ đỗ xe miễn phí.', 'http://www.bachduonghotel.com.vn/', '470588', null, '2', '8', '1', '1', '21.1056347', '105.4262161', '2017-09-22 23:28:29', null, 'nhahang5.jpg', null);
INSERT INTO `hotels` VALUES ('78', 'Khách sạn A25 - Lương Ngọc Quyến', '61 Luong Ngoc Quyen, Quận Hoàn Kiếm, Hà Nội, Việt Nam', '0438283539', 'A25 Hotel - Luong Ngoc Quyen cung cấp các phòng nghỉ hiện đại nhưng ấm cúng với Wi-Fi miễn phí ở Khu Phố Cổ Hà Nội. Khách sạn có các tiện nghi gồm nhà hàng ngay trong khuôn viên và lễ tân 24 giờ.\r\nHồ Hoàn Kiếm, Đền Ngọc Sơn và Cầu Thê Húc nằm trong bán kính 450 m từ A25 Hotel - Luong Ngoc Quyen. Văn Miếu-Quốc Tử Giám cách khách sạn 2 km trong khi Quảng trường Ba Đình, Lăng Chủ tịch Hồ Chí Minh và Chùa Một Cột đều cách đó 2,5 km. Từ nơi nghỉ này đến Sân bay Quốc tế Nội Bài mất 45 phút lái xe.\r\nCác phòng nghỉ có ánh sáng tự nhiên ở đây đi kèm với sàn gỗ và máy lạnh. Mỗi phòng đều được trang bị truyền hình cáp, khu vực tiếp khách và minibar. Phòng tắm riêng có bồn tắm hoặc vòi sen, máy sấy tóc và đồ vệ sinh cá nhân miễn phí.\r\nCác dịch vụ giặt là và đưa đón sân bay được cung cấp với một khoản phụ phí. Khách sạn cũng có chỗ để hành lý.\r\nCác bữa ăn Việt Nam và Quốc tế được phục vụ tại nhà hàng của khách sạn.\r\nQuận Hoàn Kiếm là lựa chọn tuyệt vời cho du khách thích Món ăn đường phố, Tham quan thành phố và Người dân thân thiện.', 'http://www.a25hotels.com/', '788890', null, '2', '8', '1', '1', '21.0347214', '105.8491898', '2017-09-22 23:21:16', null, 'ks1.jpg', null);
INSERT INTO `hotels` VALUES ('79', 'Khách sạn Bluebell 1', '41 Ngõ Huyện, Hàng Trống, Hoàn Kiếm, Hà Nội, Việt Nam', '0439382398', 'Bluebell Hotel 1 nằm tại thành phố Hà Nội và cách Hồ Hoàn Kiếm nổi tiếng chưa đến 500 m. Cung cấp trà miễn phí suốt cả ngày, khách sạn có các phòng nghỉ trang nhã với truy cập Internet miễn phí.\r\nNằm ở trung tâm Khu Phố Cổ, tòa nhà cách Bảo tàng Quốc gia về Lịch sử Việt Nam 1,3 km và cách Chợ Đồng Xuân sôi động 1 km. Hồ Tây cách Bluebell Hotel 1 chưa đến 3 km và Sân bay Quốc tế Nội Bài cách nơi nghỉ này 21 km.\r\nVới sàn lát gạch, các phòng được trang bị TV màn hình phẳng, minibar cùng máy lạnh. Những phòng tắm riêng đi kèm vòi sen nước nóng, máy sấy tóc và đồ vệ sinh cá nhân miễn phí.\r\nTại Bluebell Hotel 1, khách sẽ tìm thấy dịch vụ để hành lý và dịch vụ giặt là. Để tạo thuận tiện cho khách, dịch vụ đưa/đón sân bay có thể được bố trí với một khoản phụ phí. Bàn đặt tour có thể sắp xếp việc đi tham quan và đặt vé cho quý khách.\r\nQuận Hoàn Kiếm là lựa chọn tuyệt vời cho du khách thích Món ăn đường phố, Tham quan thành phố và Người dân thân thiện.', 'http://www.hanoibluebellhotel.com/', '326046', null, '1', '8', '1', '1', '21.0293617', '105.8459015', '2017-09-22 23:22:09', null, 'ks3.jpg', null);
INSERT INTO `hotels` VALUES ('80', 'Khách sạn Alibaba', '39 Hàng Bè, Lý Thái Tổ, Hoàn Kiếm, Hà Nội, Vietnam', '0439351529', 'Alibaba Hotel tọa lạc cách Hồ Hoàn Kiếm thanh bình chỉ 2 phút tản bộ. Khách sạn hiện đại này có truy cập Wi-Fi miễn phí và bia miễn phí hàng ngày.\r\nCác phòng sáng sủa và thoáng mát tại đây được bài trí trang nhã với máy lạnh hoặc quạt máy. Phòng có không gian làm việc rộng rãi và khu vực tiếp khách thoải mái. Tiện nghi phòng tắm được sử dụng chung hoặc riêng.\r\nHotel Alibaba nằm cách Lăng Chủ tịch Hồ Chí Minh 3,5 km và cách Văn Miếu-Quốc Tử Giám 2,5 km. Chợ Đồng Xuân nổi tiếng cách khách sạn này chỉ 2 phút tản bộ trong khi Sân bay Quốc tế Nội Bài cách đó 30 km.\r\nQuầy lễ tân 24 giờ sẽ rất sẵn lòng hỗ trợ du khách bố trí dịch vụ giặt/ủi, chỗ để hành lý và tiện nghi tổ chức hội họp. Khách cũng có thể sử dụng dịch vụ đưa đón sân bay kèm phụ phí.\r\nAlibaba Hotel không có nhà hàng tuy nhiên nhiều lựa chọn ăn uống bao gồm các quán ăn địa phương đều chỉ cách đó 5 phút tản bộ.\r\nQuận Hoàn Kiếm là lựa chọn tuyệt vời cho du khách thích Món ăn đường phố, Tham quan thành phố và Người dân thân thiện.', 'http://hanoialibabahotel.com/', '326046', null, '1', '8', '1', '1', '21.0440712', '105.8361053', '2017-09-22 23:18:18', null, 'bnk2.jpg', null);
INSERT INTO `hotels` VALUES ('81', 'Khách Sạn Majestic Sài Gòn', ' 1 Đồng Khởi, Q. 1, Tp. Hồ Chí Minh', '0838295517', 'Ngay trung tâm TP. Hồ Chí Minh\r\nKhách sạn Majestic có từ năm 1920 theo phong cách thuộc địa này nằm ở trung tâm Thành phố Hồ Chí Minh, nhìn ra Sông Sài Gòn. Hotel Majestic Saigon cung cấp chỗ ở kiểu boutique với chủ đề trang trí nghệ thuật và spa đủ dịch vụ.\r\nĐược bao quanh bởi một loạt lựa chọn mua sắm và ăn uống của địa phương, khách sạn Majestic Sài Gòn cách Nhà hát lớn 500 m. Du khách đi bộ 15 phút là đến Nhà thờ Đức Bà cũng như Chợ Bến Thành.\r\nPhòng nghỉ tại đây có các ô cửa kính màu và phòng tắm lát đá cẩm thạch theo phong cách thuộc địa. Ngoài ra còn được trang bị điện thoại kiểu cổ, nội thất cổ cùng truyền hình cáp màn hình phẳng.\r\nHồ bơi ở sân trong tuyệt đẹp của khách sạn là nơi hoàn hảo cho những khách muốn thư giãn và tắm nắng. Tại đây còn có các tiện nghi như trung tâm thể dục và sòng bạc.\r\nDu khách có thể thưởng thức ẩm thực Việt Nam chính thống tại quán Cyclo Cafe hoặc đồ ăn kiểu Âu tại nhà hàng Serenade Restaurant. Quán Breeze Sky Bar ngoài trời phục bữa sáng tự chọn hàng ngày và các món nướng than ngon miệng vào buổi tối. Hãy thư giãn cùng đồ uống tại quán M Bar trước khi kết thúc buổi tối trong ngày.\r\nQuận 1 là lựa chọn tuyệt vời cho du khách thích Mua sắm quần áo, Giải trí về đêm và Bảo tàng.  ', 'http://www.majesticsaigon.com.vn/', '2625924', null, '5', '9', '1', '1', '10.7726612', '106.7039413', '2017-09-22 23:24:38', null, 'ks7.jpg', null);
INSERT INTO `hotels` VALUES ('82', 'Khách Sạn Somerset Vista Hồ Chí Minh', '628C Đại Lộ Hà Nội, An Phú, Q. 2, Hồ Chí Minh', '0862559900', 'Tọa lạc trong khu dân cư cao cấp An Phú với hồ bơi spa và hồ bơi ngoài trời rộng rãi, Somerset Vista Ho Chi Minh City cung cấp các căn hộ được trang trí trang nhã kèm Wi-Fi miễn phí.\r\nCác căn hộ máy lạnh tại đây đều có sàn lát gỗ, khu vực ghế ngồi sofa, TV màn hình phẳng, đầu đĩa DVD, tiện nghi là ủi và bếp. Phòng tắm được trang bị tiện nghi vòi sen, bồn tắm và đồ vệ sinh cá nhân miễn phí.\r\nSomerset Vista có trung tâm thể dục, sân tennis ngoài trời và sảnh khách sang trọng để khách thư giãn. Quý khách cũng có thể nghỉ ngơi trong phòng xông hơi khô và phòng xông hơi ướt. Quầy lễ tân 24 giờ có thể hỗ trợ khách với các dịch vụ giặt là, đưa đón sân bay và bố trí tiện nghi tổ chức hội họp.\r\nNơi nghỉ này nằm trong bán kính 5 phút đi bộ từ Siêu thị Metro và Siêu thị An Phú. Từ The Vista, quý khách cũng có thể đi đến nhiều trung tâm mua sắm và quán ăn địa phương gần đó.', 'http://www.somerset.com/', '2364358', null, '5', '9', '1', '1', '10.8054171', '106.7495804', '2017-09-22 23:23:58', null, 'ks6.jpg', null);
INSERT INTO `hotels` VALUES ('83', 'Villa H2O', '1/4C Đặng Thúc Vịnh, Ấp 3, xã Đông Thạnh, Hóc Môn, tp. Hồ Chí Minh', '087110576', 'Villa H2O là nơi nghỉ thân thiện với vật nuôi tại Thành phố Hồ Chí Minh, cách Sân bay Quốc tế Tân Sơn Nhất 18 km. Nơi nghỉ này có hồ bơi ngoài trời, các lựa chọn ăn uống, bãi đỗ xe và truy cập Wi-Fi miễn phí.\r\nMỗi bungalow tại đây đều được trang bị máy lạnh, truyền hình cáp và tủ lạnh. Ngoài ra còn có khu vực tiếp khách trong nhà thoải mái và phòng tắm riêng kèm tiện nghi vòi sen, dép cũng như đồ vệ sinh cá nhân. Dịch vụ phòng cũng được cung cấp cho khách.\r\nDu khách có thể chơi tennis hoặc bi-a. Thiết bị karaoke cũng có tại đây. Ngoài ra, các hoạt động hay môn thể thao dưới nước như câu cá và đi bộ đường dài có thể được bố trí cho khách.\r\nNơi nghỉ cách Trung tâm Hội nghị và Triển lãm Quốc tế Hồ Chí Minh 13,1 km. Chùa Ngọc Hoàng nằm trong bán kính 14,8 km từ khách sạn.', 'http://villah2o.com.vn/', '687500', null, '4', '9', '4', '1', '10.9175205', '106.6500549', '2017-09-22 23:19:28', null, 'hotel1.jpg', null);
INSERT INTO `hotels` VALUES ('84', 'Liberty Central Saigon Citypoint', '59 - 61 Pasteur, Quận 1, TP. Hồ Chí Minh, Việt Nam', '0839369691', 'Ngay trung tâm TP. Hồ Chí Minh\r\nNằm ở vị trí thuận tiện tại Quận 1, Liberty Central Saigon City Point có hồ bơi ngoài trời trên tầng mái, trung tâm thể dục, tiệm cắt tóc và thẩm mỹ viện. Khách sạn có lễ tân 24 giờ, các phòng hiện đại và sang trọng với Wi-Fi miễn phí.\r\nKhách sạn chỉ cách Trung tâm Thương mại Tax 200 m và Quảng trường Thống nhất 300 m. Bảo tàng Thành phố Hồ Chí Minh cũng cách khách sạn 300 m, trong khi Sân bay Quốc tế Tân Sơn Nhất cách đó 7 km lái xe.\r\nCác phòng máy lạnh được bài trí trang nhã có tủ quần áo, két an toàn trong phòng, minibar và truyền hình cáp màn hình phẳng. Phòng tắm riêng đi kèm bồn tắm, tiện nghi vòi sen, dép đi trong phòng và khăn tắm.\r\nTại Liberty Central Saigon City Point, khách có thể tận hưởng dịch vụ mát-xa thư giãn tại spa hay sử dụng tiện nghi phòng xông hơi khô. Nhân viên thân thiện có thể hỗ trợ quý khách với các dịch vụ để hành lý, giặt là và dịch vụ fax/photocopy. Nơi nghỉ này có thể sắp xếp các hoạt động du lịch và dịch vụ đưa đón sân bay cũng có sẵn.\r\nVới một số lựa chọn ăn uống, khách sẽ được phục vụ nhiều món ăn hảo hạng của địa phương và phương Tây. Đồ uống sau bữa ăn có sẵn tại quầy bar, còn lựa chọn ăn uống tại phòng cũng được cung cấp để tạo thuận tiện cho quý khách.\r\nQuận 1 là lựa chọn tuyệt vời cho du khách thích Mua sắm quần áo, Giải trí về đêm và Bảo tàng.', 'http://odysseahotels.com/', '2605837', null, '4', '9', '1', '1', '10.7746086', '106.6986389', '2017-09-22 23:22:37', null, 'ks4.jpg', null);
INSERT INTO `hotels` VALUES ('85', 'Khách sạn Hampton', '46-48 Mac Thi Buoi, Quận 1, TP. Hồ Chí Minh, Việt Nam', '0838274179', 'Ngay trung tâm TP. Hồ Chí Minh\r\nHampton Hotel tọa lạc tại một vị trí thuận tiện chỉ cách Chợ Bến Thành nổi tiếng 800 m. Khách sạn cung cấp bữa sáng tự chọn miễn phí, truy cập Internet miễn phí và các phòng nghỉ được trang trí nội thất trang nhã.\r\nTòa nhà hiện đại này nằm trong bán kính chỉ 10 phút đi bộ từ Dinh Thống Nhất lịch sử. Ga Sài Gòn cách khách sạn 4 km trong khi Bảo tàng Quân đội cách đó 5 km. Từ nơi nghỉ này du khách đi 8 km là tới Sân bay Quốc tế Tân Sơn Nhất.\r\nCác phòng nghỉ tại đây được trang bị truyền hình cáp màn hình phẳng, minibar, bàn làm việc và máy lạnh. Phòng tắm riêng đi kèm máy sấy tóc và đồ vệ sinh cá nhân miễn phí.\r\nTại Hampton Hotel, du khách sẽ tìm thấy quầy lễ tân 24 giờ với chỗ để hành lý. Bàn đặt tour có thể giúp khách sắp xếp việc đi lại và đặt vé trong khi dịch vụ đưa đón sân bay được cung cấp với một khoản phụ phí.\r\nDu khách có thể thưởng thức đủ loại món ăn ngon của Việt Nam và phương Tây tại nhà hàng ngay trong khuôn viên.\r\nQuận 1 là lựa chọn tuyệt vời cho du khách thích Mua sắm quần áo, Giải trí về đêm và Bảo tàng.  ', 'http://hamptonhotel.com.vn/', '1000938', null, '3', '9', '1', '1', '10.7752218', '106.7026825', '2017-09-22 23:25:18', null, 'ks8.jpg', null);
INSERT INTO `hotels` VALUES ('86', 'Khách sạn Mismo', '531, Nguyễn Oanh, phường 17, quận Gò Vấp, thành phố Hồ Chí Minh, Quận Gò Vấp, An Nhơn Xã, Việt Nam', ' 0839846789 ', 'Mismo Hotel tọa lạc tại vị trí thuận tiện chỉ cách Sân bay Quốc tế Tân Sơn Nhất 4 km. Các phòng nghỉ tại đây hiện đại với thiết kế trang nhã. Khách sạn có quầy lễ tân 24 giờ và cung cấp truy cập Wi-Fi miễn phí.\r\nTòa nhà hiện đại này cách Trung tâm Triển lãm và Hội nghị Quốc tế Hồ Chí Minh (HIECC) 5,7 km. Du khách cũng có thể ghé thăm chùa Ngọc Hoàng, nằm cách đó 6,7 km và Bảo tàng Chứng tích Chiến tranh cách khách sạn 7,8 km.\r\nTất cả các phòng máy lạnh đều được trang bị minibar và truyền hình cáp màn hình phẳng. Ngoài ra, phòng còn đi kèm phòng tắm riêng với máy sấy tóc cùng vòi sen nước nóng.\r\nĐội ngũ nhân viên thân thiện tại Mismo Hotel có thể hỗ trợ khách các dịch vụ thu đổi ngoại tệ, tiện nghi tổ chức hội họp và phòng hát karaoke. Các liệu pháp spa dịu nhẹ và mát-xa thư giãn được cung cấp ngay tại khách sạn.\r\nQuý khách hãy chọn các món ăn địa phương của Việt Nam kiểu gọi món tại nhà hàng của khách sạn. Dịch vụ ăn uống tại phòng cũng có sẵn.', 'http://mismohotel.com/', '804181', null, '3', '9', '1', '1', '10.8492432', '106.6764374', '2017-09-22 23:20:17', null, 'ks.jpg', null);
INSERT INTO `hotels` VALUES ('87', 'Tanja Resort', '1530 Đường số 7 , Cho Cu , An Nhơn Tây , An Nhơn Tây, Việt Nam', '0907741130', 'Tanja Resort nằm tại xã An Nhơn Tây, huyện Củ Chi của Việt Nam và cách Sân bay Quốc tế Tân Sơn Nhất 34 km. Nơi nghỉ có nhà hàng, tiện nghi karaoke và chỗ đỗ xe miễn phí.\r\nCác phòng nghỉ tại đây được trang bị máy lạnh, TV và đầu đĩa DVD. Phòng tắm riêng có tiện nghi vòi sen. Các phòng chọn lọc đi kèm truy cập Internet có dây miễn phí.\r\nResort cung cấp dịch vụ thu đổi ngoại tệ, giữ hành lý và giặt là. Dịch vụ ăn uống tại phòng cũng được cung cấp cho khách. Dịch vụ đưa đón sân bay cũng có thể được thu xếp với một khoản phụ phí.', 'null', '275571', null, '2', '9', '2', '1', '11.0918617', '106.5154190', '2017-09-22 23:26:10', null, 'ks9.jpg', null);
INSERT INTO `hotels` VALUES ('88', 'Khách sạn Quang Hoa', '79-81 Trần Quốc Hoàn, Quận Tân Bình, TP. Hồ Chí Minh, Việt Nam', '0862961953', 'Tọa lạc tại vị trí chiến lược ở thành phố Hồ Chí Minh, Quang Hoa Hotel cung cấp các phòng nghỉ thanh lịch và thoải mái với truy cập WiFi miễn phí ở các khu vực chung Nơi nghỉ có lễ tân 24 giờ và dịch vụ dọn phòng hàng ngày.\r\nVới sàn lát gạch, phòng máy lạnh này bao gồm bàn, điện thoại, tủ lạnh và TV màn hình phẳng với các kênh truyền hình cáp. Phòng tắm đi kèm tiện nghi vòi sen, khăn tắm, dép đi trong nhà và đồ vệ sinh cá nhân miễn phí.\r\nĐội ngũ nhân viên thân thiện có thể giao tiếp thành thạo bằng tiếng Anh và tiếng Việt tại Quang Hoa Hotel có thể hỗ trợ khách các dịch vụ để hành lý, giặt ủi và dịch vụ trợ giúp đặc biệt. Dịch vụ thu đổi ngoại tệ và sắp xếp đặt vé cũng có tại đây.\r\nKhách sạn này nằm trong bán kính 600 m từ Trung tâm Hội nghị và Triển lãm quốc tế Hồ Chí Minh (HIECC). Chùa Giác Lâm và Chùa Ngọc Hoàng cách khách sạn 4 km, trong khi khách có thể đi đến Sân bay Quốc tế Tân Sơn Nhất trong vòng 2 km lái xe.\r\nQuận Tân Bình là lựa chọn tuyệt vời cho du khách thích Thực phẩm địa phương, Khu chợ và Văn hóa.  ', 'https://www.facebook.com/pages/Khách-s?n-Quang-Hoa/1393191084293495', '522000', null, '2', '9', '1', '1', '10.8044205', '106.6620102', '2017-09-22 23:21:15', null, 'ks1.jpg', null);
INSERT INTO `hotels` VALUES ('89', 'Khách sạn Viễn Đông ', 'St. Dist. 1, 275A Phạm Ngũ Lão, Quận 1, Hồ Chí Minh, Vietnam', '0854102494', 'Vien Dong Hotel 4 tọa lạc tại một vị trí trung tâm ở chính Trung tâm Thành phố Hồ Chí Minh. Khách sạn có lễ tân 24 giờ và cung cấp truy cập Wi-Fi miễn phí tại tất cả các khu vực. Các phòng được bài trí nội thất trang nhã và có sàn gỗ cứng.\r\nKhách sạn nằm trong bán kính 1,4 km Trung tâm Hội nghị và Triển lãm Sài Gòn. Nơi nghỉ này cách Bến Nhà Rồng 3,9 km và cách Bảo tàng Mỹ thuật 4 km. Sân bay Quốc tế Tân Sơn Nhất cách đó chỉ 11 km.\r\nRộng rãi và sáng sủa, tất cả các phòng đều có ban công riêng, TV màn hình phẳng cũng như tủ lạnh nhỏ chứa đầy đồ. Các phòng tắm riêng được trang bị bồn tắm, máy sấy tóc và đồ vệ sinh cá nhân.\r\nLễ tân 24 giờ sẵn lòng hỗ trợ khách với các dịch vụ giữ hành lý và giặt là/ủi. Du khách cũng có thể tận dụng két an toàn và để tạo thuận tiện cho khách, dịch vụ đưa đón sân bay có thể được bố trí với một khoản phụ phí.\r\nTuy Vien Dong Hotel 4 không có nhà hàng nhưng du khách có thể lựa chọn dịch vụ ăn uống tại phòng và bữa sáng có thể được phục vụ trong phòng theo yêu cầu.', 'http://viendonghotel.net/', '850000', null, '1', '9', '1', '1', '10.7490253', '106.6706085', '2017-09-22 23:23:19', null, 'ks5.jpg', null);
INSERT INTO `hotels` VALUES ('90', 'Khách sạn A25 - Lương Hữu Khánh', '14 Lương Hữu Khánh, Quận 1, TP. Hồ Chí Minh, Việt Nam', '0839260678', 'Ngay trung tâm TP. Hồ Chí Minh\r\nTọa lạc tại một vị trí trung tâm ở Thành phố Hồ Chí Minh, A25 Hotel - Luong Huu Khanh cung cấp các phòng máy lạnh với Wi-Fi miễn phí. Khách sạn nằm trong bán kính chỉ 1,5 km từ Chợ Bến Thành và Dinh Thống Nhất. Nhà hàng ngay trong khuôn viên phục vụ các bữa ăn Việt Nam và quốc tế.\r\nTất cả các phòng nghỉ tại đây đều được trang bị truyền hình cáp và minibar. Một số phòng nhìn ra quang cảnh thành phố. Các phòng tắm riêng đi kèm bồn tắm cùng đồ vệ sinh cá nhân miễn phí.\r\nCách A25 Hotel - Luong Huu Khanh 2,2 km là Trung tâm Mua sắm Vincom, Phố Mua sắm Đồng Khởi và Nhà thờ Đức Bà. Sân bay Quốc tế Tân Sơn Nhất cách đó khoảng 7,7 km.\r\nQuý khách có thể đặt các chuyến đi trong ngày và đổi ngoại tệ tại bàn đặt tour. Khách sạn còn có các máy vi tính tại sảnh đợi cũng như dịch vụ giặt là. Dịch vụ giữ hành lý được cung cấp tại quầy lễ tân 24 giờ.\r\nQuận 1 là lựa chọn tuyệt vời cho du khách thích Mua sắm quần áo, Giải trí về đêm và Bảo tàng. ', 'http://www.a25hotels.com/', '702000', null, '1', '9', '1', '1', '10.7699156', '106.6841888', '2017-09-22 23:18:24', null, 'bnk2.jpg', null);
INSERT INTO `hotels` VALUES ('91', 'Muong Thanh Luxury Ca Mau Hotel', 'Nam Kỳ Khởi Nghĩa, Phường 9, Tp. Cà Mau, Cà Mau, Vietnam', '842902228888 ', 'Muong Thanh Luxury Ca Mau Hotel cung cấp chỗ ở tại tỉnh Cà Mau và có Wi-Fi miễn phí, nhà hàng cũng như hồ bơi ngoài trời mở cửa quanh năm. Khách sạn cũng có trung tâm spa cùng bồn tắm nước nóng và khách có thể thưởng thức đồ uống tại quầy bar.\r\n\r\nMỗi phòng nghỉ tại khách sạn này đều được trang bị máy lạnh và TV truyền hình cáp màn hình phẳng. Du khách sẽ tìm thấy ấm đun nước trong phòng. Các phòng còn đi kèm phòng tắm riêng. Dép, đồ vệ sinh cá nhân miễn phí và máy sấy tóc cũng được cung cấp để mang lại sự thoải mái cho khách.\r\n\r\nKhách có thể tìm thấy cửa hàng cắt tóc ngay trong khuôn viên.\r\n\r\nKhách có thể chơi tennis tại khách sạn. Sân bay Rạch Giá cách đó 84 km. Khách sạn cung cấp dịch vụ đón khách miễn phí từ sân bay. \r\n\r\nChỗ nghỉ này là một trong những vị trí được đánh giá tốt nhất ở Cà Mau! Khách thích nơi đây hơn so với những chỗ nghỉ khác trong khu vực.\r\n\r\nChỗ nghỉ này cũng được đánh giá là đáng giá tiền nhất ở Cà Mau! Khách sẽ tiết kiệm được nhiều hơn so với nghỉ tại những chỗ nghỉ khác ở thành phố này.\r\n\r\nChúng tôi sử dụng ngôn ngữ của bạn!\r\n\r\nMuong Thanh Luxury Ca Mau Hotel đã chào đón khách Booking.com từ Ngày 12 Tháng 5 Năm 2016.', 'null', '1036364', null, '4', '10', '1', '1', '9.1896343', '105.1391525', '2017-09-22 23:22:11', null, 'ks3.jpg', null);
INSERT INTO `hotels` VALUES ('92', 'Khách sạn Ánh Nguyệt', '207 Phan Ngọc Hiển, phường 6, Thành phố Cà mau', 'null', '', 'null', '1091932', null, '3', '10', '1', '1', '9.1752815', '105.1550903', '2017-09-22 23:19:30', null, 'hotel1.jpg', null);
INSERT INTO `hotels` VALUES ('93', 'Khách sạn Diễm Quỳnh', '459D Nguyễn Trãi phường 9 Tp.Cà Mau', 'null', '', 'null', null, null, '2', '10', '1', '1', '9.1983700', '105.1567154', '2017-09-22 23:28:16', null, 'nhahang5.jpg', null);
INSERT INTO `hotels` VALUES ('94', 'Khách sạn Song Ngọc', '2B Hùng Vương, phường 7, Thành phố Cà Mau, Cà Mau', 'null', 'Khách sạn Song NGọc bắt đầu đi vào hoạt động từ tháng 7 năm 2006, đây là một toà nhà cao 6 tầng, hình hộp nằm ở trung tâm, ngay vòng xoay tựơng đài thành phố Cà Mau. Khách sạn Song Ngọc có tất cả 35 phòng, được xếp thành 4 loại, mỗi loại có bảng giá riêng để phục vụ theo yêu cầu của khách. Các phòng được trang bị đầy đủ những vật dụng cần dùng rất tiên nghi và hiện đại như: tủ lạnh, tivi, vòi nước nóng, bồn tắm và nhiều vật dụng khác.. Khách sạn cò thang máy dẫn lên các tầng lầu an toàn và tiên lợi để phục vụ khách. đến với Song Ngọc, Quý khách sẽ được phụ vụ tận tình và chu đáo.', 'null', null, null, '2', '10', '1', '1', '9.1740789', '105.1473312', '2017-09-22 23:28:28', null, 'nhahang7.jpg', null);
INSERT INTO `hotels` VALUES ('95', 'Khách Sạn Hải Châu', '229 Hùng Vương phường 7 thành phố Cà Mau', 'null', 'Khách sạn Hải Châu hiện có 72 phòng đạt tiêu chuẩn quốc tế 2 sao, tất cả các phòng đều được trang bị đầy đủ, tiện nghi sang trọng và hiện đại.', 'null', null, null, '2', '10', '1', '1', '9.1748066', '105.1477585', '2017-09-22 23:24:40', null, 'ks7.jpg', null);
INSERT INTO `hotels` VALUES ('96', 'Khách sạn Công đoàn Cà Mau', '9 Lưu Tấn Tài, P.5, Tp. Cà Mau', 'null', '', 'null', null, null, '2', '10', '1', '1', '9.1790676', '105.1487274', '2017-09-22 23:21:13', null, 'ks1.jpg', null);
INSERT INTO `hotels` VALUES ('97', 'Khách sạn Cà Mau', '20 Phan Ngọc Hiển, P.2, Tp. Cà Mau', 'null', '', 'null', null, null, '2', '10', '1', '1', '9.1819077', '105.1454239', '2017-09-22 23:20:19', null, 'ks.jpg', null);
INSERT INTO `hotels` VALUES ('98', 'Khách Sạn Năm Căn', 'Tt.Năm Căn, H.Năm Căn, Cà Mau', 'null', '', 'null', null, null, '1', '10', '1', '1', '8.8153067', '105.0535507', '2017-09-22 23:28:21', null, 'nhahang5.jpg', null);
INSERT INTO `hotels` VALUES ('99', 'Khách sạn Hương Sen', '119 Khóm 4 Lý Thường Kiệt, P.6, Thành phố Cà Mau', 'null', '', 'null', null, null, '1', '10', '1', '1', '9.1756735', '105.1678085', '2017-09-22 23:26:13', null, 'ks9.jpg', null);
INSERT INTO `hotels` VALUES ('100', 'Khách Sạn Quốc Nam', '23 Khóm 2 Phan Bội Châu, P.7, Tp.Cà Mau, Cà Mau', 'null', '', 'null', null, null, '1', '10', '1', '1', '9.1758890', '105.1445694', '2017-09-22 23:22:35', null, 'ks4.jpg', null);
INSERT INTO `hotels` VALUES ('101', 'Khách sạn Fortuneland ', '141 Trần Văn Kheo , Cái Khê, Ninh Kiều, Cần Thơ', '7103656656\n', 'Fortuneland Hotel có hồ bơi ngoài trời, bồn tắm nước nóng, sân tennis và trung tâm thể dục. Nơi đây cung cấp lễ tân 24 giờ, Wi-Fi miễn phí trong toàn khách sạn và bãi đỗ xe miễn phí trong khuôn viên. Ngoài ra còn có dịch vụ cho thuê xe đạp miễn phí.\r\nTọa lạc ở trung tâm Thành phố Cần Thơ, khách sạn này nằm trong bán kính 2 km từ Chùa Phật Học, Nhà Cổ Bình Thủy và Ga tàu Cần Thơ. Sân bay Quốc tế Cần Thơ chỉ cách đó 4 km, trong khi Chợ Nổi Cái Răng nổi tiếng cách khách sạn 30 phút đi thuyền.\r\nVới tầm nhìn ra thành phố, các phòng máy lạnh tại đây đều có phòng tắm riêng với máy sấy tóc, vòi sen cùng đồ vệ sinh cá nhân miễn phí. Bên trong được trang bị truyền hình cáp màn hình phẳng, tủ quần áo, minibar và khu vực tiếp khách.\r\nHotel Fortuneland còn cung cấp miễn phí trung tâm dịch vụ doanh nhân, báo và chỗ để hành lý. Quý khách có thể đến bàn đặt tour để được hỗ trợ về các dịch vụ cho thuê xe hơi cũng như bố trí các chuyến tham quan du lịch. Dịch vụ giặt là và các liệu pháp spa được cung cấp kèm phụ phí.\r\nNhà hàng Fortune của khách sạn cung cấp các món ăn ngon của châu Á và phương Tây từ 06:30 - 22:00. Bữa sáng tự chọn được phục vụ hàng ngày và quý khách có thể lựa chọn dịch vụ phòng.', 'http://www.vanphathotels.com/', '675400', null, '4', '11', '1', '1', '10.0462503', '105.7845306', '2017-09-22 23:28:13', null, 'nhahang5.jpg', null);
INSERT INTO `hotels` VALUES ('102', 'Khách sạn Holiday One Cần Thơ ', '59-61-63-65 Phạm \nNgọc Thạch, P.Cái Khế, Q.Ninh Kiều, TP. Cần Thơ', '7103827779', 'Tọa lạc tại thành phố Cần Thơ, Holiday One Can Tho Hotel có hồ bơi ngoài trời ở tầng trên và tầm nhìn ra toàn cảnh thành phố. Khách sạn cung cấp Wi-Fi miễn phí trong tất cả các khu vực.\r\nCác phòng nghỉ tại đây được trang bị máy lạnh, TV, ấm đun nước điện cùng minibar. Dép được cung cấp trong phòng tắm riêng. Mỗi phòng đều có đồ nội thất hiện đại cùng cửa sổ nhìn ra quang cảnh thành phố.\r\nKhách sạn còn cung cấp các dịch vụ như mát-xa, bàn đặt tour và dịch vụ đặt vé. Nhà hàng phục vụ ẩm thực địa phương và quốc tế. Khách cũng được lui tới sảnh khách chung.\r\nKhách sạn nằm trong bán kính 4 km từ Bến Ninh Kiều và Sân bay Quốc tế Cần Thơ trong khi Chợ Cái Răng cách đó 5 phút lái xe. Dịch vụ đưa đón sân bay có thể được bố trí với một khoản phụ phí.', 'http://www.holidayonehotel.com/', '539400', null, '4', '11', '1', '1', '10.0437822', '105.7840118', '2017-09-22 23:19:32', null, 'hotel1.jpg', null);
INSERT INTO `hotels` VALUES ('103', 'Khách sạn Viva green', ' 26 Hai Bà Trưng, Tân An, Ninh Kiều, Cần Thơ, Việt Nam', '07103818485\n', 'Viva Hotel tọa lạc tại thành phố Cần Thơ chỉ cách Bến Ninh Kiều 100 m. Các phòng nghỉ tại đây được trang bị đầy đủ tiện nghi, lắp máy lạnh toàn bộ và có truy cập Wi-Fi miễn phí. Những khách lái xe có thể sử dụng tiện nghi đỗ xe miễn phí.\r\nMỗi phòng nghỉ ở đây đều có cửa sổ đón ánh sáng mặt trời chiếu thẳng vào. Trong phòng được trang bị tủ quần áo, truyền hình cáp và khu vực tiếp khách. Ngoài ra còn đi kèm phòng tắm riêng với bồn tắm hoặc vòi sen.\r\nKhách sạn trên bãi biển này nằm trong bán kính 6,3 km từ Chợ Nổi Cái Răng. Bảo tàng Cần Thơ cách khách sạn chỉ 300 m. Dịch vụ vận chuyển và đưa đón sân bay cũng được bố trí kèm phụ phí để tạo thuận tiện cho du khách.\r\nTại Viva Hotel, du khách sẽ tìm thấy quầy lễ tân 24 giờ với chỗ để hành lý. Sân hiên ngoài trời cung cấp một địa điểm hoàn hảo để du khách thưởng thức 1 ly cà phê. Dịch vụ cho thuê xe hơi và cửa hàng lưu niệm cũng nằm trong số các tiện nghi tại đây.\r\nVới tầm nhìn ra quang cảnh biển, quán bar ngay trong khuôn viên phục vụ các món ăn nhẹ và bia địa phương.', 'https://www.facebook.com/pages/Viva-green/172150409653945', '341600', null, '3', '11', '1', '1', '0.0000000', '0.0000000', '2017-09-22 23:28:11', null, 'nhahang5.jpg', null);
INSERT INTO `hotels` VALUES ('104', 'Khách sạn Asia Cần Thơ', ' 91 Châu Văn Liêm, Cần Thơ, Việt Nam', '7103812800', 'Cách Bến Ninh Kiều và Chợ Cần Thơ 5 phút đi bộ, Asia Hotel Can Tho cung cấp các phòng hiện đại đi kèm Wi-Fi không tính phí và khay trái cây miễn phí mỗi đêm.', 'http://www.asiahotelct.com/', '454500', null, '3', '11', '1', '1', '10.0310259', '105.7825699', '2017-09-22 23:18:28', null, 'bnk2.jpg', null);
INSERT INTO `hotels` VALUES ('105', 'Khách sạn Madella', ' 48 Ngô Quyền, Tân An, \nNinh Kiều, Cần Thơ, Việt Nam', '7103832345', 'Madella Hotel tọa lạc tại thành phố Cần Thơ, cách Bến Ninh Kiều chỉ 300 m. Các phòng nghỉ tại đây hiện đại và có sàn trải thảm. Du khách còn có thể truy cập Wi-Fi miễn phí trong toàn bộ khuôn viên khách sạn.\r\nNơi nghỉ đầy đủ tiện nghi này nằm trong bán kính chỉ 100 m từ Bảo tàng Cần Thơ. Bảo tàng Nổi Cái Răng cách khách sạn 6,2 km.\r\nMỗi phòng nghỉ đều có máy lạnh, TV với các kênh truyền hình cáp, khu vực tiếp khách và tủ lạnh mini. Trong tất cả các phòng cũng có tiện nghi pha trà/cà phê. Ngoài ra còn đi kèm phòng tắm riêng trong mỗi phòng.\r\nMadella Hotel có lễ tân 24 giờ với chỗ để hành lý. Khách sạn cũng có chỗ đỗ xe miễn phí cho những khách lái xe và tiện nghi giặt là/ủi được cung cấp với một khoản phụ phí.', 'http://www.madellahotel.com/', '477000', null, '2', '11', '1', '1', '10.0343828', '105.7847061', '2017-09-22 23:25:16', null, 'ks8.jpg', null);
INSERT INTO `hotels` VALUES ('106', 'Khách sạn Hậu Giang 2', '6-8 Hải Thượng Lãn Ông, Ninh Kiều, Cần Thơ, Việt Nam', '7103824836', 'Với quầy lễ tân làm việc 24 giờ, Hau Giang 2 Hotel cung cấp chỗ nghỉ thoải mái cách Bến Ninh Kiều và Chợ Cổ Cần Thơ 200 m. Khách sạn có truy cập Wi-Fi miễn phí cũng như chỗ đậu xe miễn phí trong khuôn viên.\r\nVới sàn lát gạch, các phòng nghỉ máy lạnh được trang bị tủ quần áo, khu vực tiếp khách, minibar và truyền hình cáp. Phòng còn có phòng tắm riêng đi kèm vòi sen, dép và máy sấy tóc.\r\nHau Giang 2 Hotel có bàn đặt tour có thể hỗ trợ khách với các dịch vụ bán vé và sắp xếp các chuyến tham quan. Dịch vụ giữ hành lý và giặt ủi cũng được cung cấp theo yêu cầu của khách.\r\nKhách sạn này cũng cung cấp dịch vụ đưa đón miễn phí đến khu trung tâm thành phố. Chợ đêm Tây Đô cách nơi nghỉ này 250 m và công viên Ninh Kiều cách đó 400 m. Bảo tàng Cần Thơ nằm trong bán kính 600 m từ nơi nghỉ này, trong khi Chợ Nổi Cái Răng cách khách sạn 6 km lái xe.', 'https://www.facebook.com/haugiang2', '536536', null, '2', '11', '1', '1', '10.0304155', '105.7846146', '2017-09-22 23:22:13', null, 'ks3.jpg', null);
INSERT INTO `hotels` VALUES ('107', 'Khách sạn Lâm Hoàng', '118 Trần Phú, Cái Khế, Cần Thơ', '7103881199', 'Lam Hoang Hotel cung cấp các phòng nghỉ máy lạnh với phòng tắm riêng và Wi-Fi miễn phí. Khách sạn có lễ tân 24 giờ và bãi đỗ xe riêng miễn phí.\r\nTọa lạc ở trung tâm Thành phố Cần Thơ, Lam Hoang Hotel nằm trong bán kính 1 km từ Công viên Nước Cần Thơ, 1,3 km từ Bảo tàng Cần Thơ và 1,5 km từ Bến tàu Ninh Kiều. Từ nơi nghỉ này du khách đi 2 km là đến Bến Ninh Kiều trong khi Chợ Nổi Cái Răng cách đó 7,2 km.\r\nMỗi phòng nghỉ ở đây đều có truyền hình cáp màn hình phẳng và minibar. Phòng tắm riêng đi kèm vòi sen, máy sấy tóc và đồ vệ sinh cá nhân miễn phí.\r\nTại Lam Hoang Hotel du khách sẽ tìm thấy sảnh khách chung và dịch vụ giữ hành lý.\r\nXung quanh khách sạn có nhiều nhà hàng, quán ăn và địa điểm giải trí.', '', '272815', null, '1', '11', '1', '1', '10.0476503', '105.7853928', '2017-09-22 23:23:55', null, 'ks6.jpg', null);
INSERT INTO `hotels` VALUES ('108', 'Hưng Homestay', 'Khu vực Thạnh Huế, phường Thường Thạnh, quận Cái Răng, TP. Cần Thơ', '903849881', 'Hung Homestay mang đến trải nghiệm mộc mạc trong các phòng nghỉ đi kèm WiFi miễn phí cũng như tầm nhìn ra quang cảnh khu vườn và dòng sông. Khách còn được cung cấp dịch vụ đón miễn phí từ Bến Xe Cần Thơ, xe đạp miễn phí và quyền lui tới lễ tân 24 giờ.\r\nHung Homestay cách Chợ Nổi Cái Răng 2,4 km và cách Bến Ninh Kiều 7 km.\r\nMỗi phòng nghỉ được làm mát bằng quạt điện tại đây đều đi kèm màn tránh muỗi. Khách được sử dụng phòng tắm chung và toilet chung. Khăn tắm và bộ khăn trải giường cũng được cung cấp.\r\nKhách có thể đi câu cá, thư giãn trong vườn hay tận hưởng bầu không khí của vùng nông thôn.', 'https://www.facebook.com/HungsHomestay ', '682037', null, '1', '11', '5', '1', '9.9804678', '105.7510910', '2017-09-22 23:21:10', null, 'ks1.jpg', null);
INSERT INTO `hotels` VALUES ('109', 'Khách sạn Imperial \nVũng Tàu', '159 Thùy Vân, Vũng Tàu', '0643 62 8888\n', 'The Imperial Hotel Vung Tau cung cấp các phòng nghỉ 5 sao có lối trang trí của thời kỳ Victoria với ban công riêng. Cách Bãi biển Bãi Sau 150 m, khách sạn này có 6 lựa chọn ăn uống và Wi-Fi miễn phí.\r\nCác phòng nghỉ tại Vung Tau Imperial Hotel đều nhìn ra đại dương, hồ bơi hoặc quang cảnh thành phố. Mỗi phòng đầy đủ tiện nghi được trang bị truyền hình cáp và phòng tắm riêng với bồn tắm.\r\nCác tiện nghi giải trí bao gồm câu lạc bộ bãi biển, 3 hồ bơi và spa sang trọng. Khách sạn có lễ tân làm việc 24 giờ, dịch vụ cho thuê ô tô và chỗ đỗ xe miễn phí.\r\nDining Room Restaurant phục vụ các món ăn địa phương và phương Tây, đồng thời mở cửa phục vụ ăn uống suốt cả ngày. Nhà hàng Seafood Restaurant bên bãi biển phục vụ đồ hải sản tươi sống, trong khi các loại đồ uống giải khát lại có thể được thưởng thức tại Havana Club.\r\nKhách sạn Imperial Vung Tau cách Thành phố Hồ Chí Minh 90 phút lái xe.', 'http://www.imperi\nalhotel.vn/', '2754800', null, '5', '12', '1', '1', '10.3437004', '107.0921783', '2017-09-22 23:23:21', null, 'ks5.jpg', null);
INSERT INTO `hotels` VALUES ('110', 'Khách sạn Palace', '01 Nguyễn Trãi, Phường 1, Thành phố Vũng Tàu', '064 3856411', 'Nằm ở thành phố Vũng Tàu, khách sạn đầy phong cách này chào đón quý khách với hồ bơi ngoài trời, nhà hàng và trung tâm thể dục. Palace Hotel cũng cung cấp truy cập Wi-Fi miễn phí tại tất cả các khu vực.\r\nNằm trong một tòa nhà hiện đại, khách sạn này chỉ cách 500 m từ Bãi Trước. Quý khách cũng có thể ghé thăm Ngọn hải đăng Vũng Tàu và Tượng Chúa Kitô Vua, cách đó 3 km. Sân bay Quốc tế Tân Sơn Nhất cách khách sạn 70 km.\r\nPhòng ở đây được thiết kế trang nhã và có sàn trải thảm. Tất cả các phòng còn được trang bị TV truyền hình cáp màn hình phẳng, minibar và tiện nghi pha trà/cà phê. Phòng tắm riêng có bồn tắm. Các phòng có tầm nhìn ra hồ bơi hoặc biển.\r\nQuý khách có thể tận hưởng một ván tennis hoặc đơn giản là thư giãn bên hồ bơi. Palace Hotel cũng cung cấp tiện nghi tổ chức hội họp và tiệc cũng như lễ tân 24 giờ. Những khách lái xe có thể sử dụng tiện nghi đỗ xe miễn phí.\r\nQuý khách có thể dùng bữa tại nhà hàng trong khuôn viên, nơi phục vụ thực phẩm Việt Nam chính thống, bao gồm cả đặc sản hải sản. Dịch vụ ăn uống tại phòng cũng có thể được cung cấp.', 'http://www.palahotel.com.vn/\n', '1686000', null, '4', '12', '1', '1', '10.3430119', '107.0737152', '2017-09-22 23:20:21', null, 'ks.jpg', null);
INSERT INTO `hotels` VALUES ('111', 'Khách sạn Sammy\nVũng Tàu', '157 Thùy Vân,\n P.Thắng Tam, Tp.Vũng Tàu, Bà Rịa - Vũng Tàu', '(064) 3854755\n', 'Nằm trên Đại lộ Thùy Vân ở trung tâm Vũng Tàu, Sammy Hotel có 1 spa và hồ bơi ngoài trời. Tất cả các phòng máy lạnh đều có \r\ntruyền hình vệ tinh và Wi-Fi miễn phí. Tại đây có bãi đỗ xe miễn phí.\r\nHotel Sammy nằm gần Bãi Sau dài 10 km, cũng như rất gần các cửa hiệu và nhà hàng. Mini Beach cách đó chỉ 2 km. Dịch vụ đưa đón được cung cấp tại đây. Xe hơi và xe đạp cũng có cho khách thuê.\r\nKhách ở tại Sammy Hotel có thể thư giãn cùng đồ uống từ minibar và chiêm ngưỡng quang cảnh thành phố hoặc biển cả. Các phòng được trang bị tủ lạnh và ấm đun nước điện. Mỗi phòng đều có phòng tắm riêng với vòi sen và máy sấy tóc.\r\nKaraoke và bida là những tiện ích tiêu khiển cho khách. Bàn bán tour và dịch vụ trợ giúp đặc biệt có tại đây để giúp khách sắp đặt việc đi tham quan. Những ai muốn thư giãn có thể ghé vào phòng xông hơi hoặc sử dụng dịch vụ mát-xa của khách sạn. Dịch vụ giặt là cũng được cung cấp cho khách.\r\nSammy Restaurant phục vụ đủ loại ẩm thực với tầm nhìn toàn cảnh Bãi Sau. Bữa sáng tự chọn và dịch vụ phòng có tại đây. Những lựa chọn ẩm thực khác có ở gần đó.', 'http://www.sammyhotel.com.vn/', '1157000', null, '4', '12', '1', '1', '10.3427067', '107.0918045', '2017-09-22 23:28:08', null, 'nhahang5.jpg', null);
INSERT INTO `hotels` VALUES ('112', 'Khách sạn Green', '147C đường Thùy Vân,\n phường Thắng Tam, thành phố Vũng Tàu, tỉnh Bà Rịa Vũng Tàu.', '0646 251003\n', 'Nằm đối diện với \r\nBãi Sau, Green Hotel nằm ở vị trí thuận tiện cách Trung tâm Thành phố Vũng Tàu 5 phút lái xe. Mỗi phòng nghỉ tại đây có ban công với tầm nhìn ra biển. Wi-Fi miễn phí được cung cấp trong toàn bộ khách sạn.\r\nHotel Green cách chợ địa phương của thành phố Vũng Tàu 3 phút lái xe và cách Bãi Trước 6 phút lái xe. Thành phố Hồ Chí Minh cách đó 2 giờ lái xe.\r\nCác phòng máy lạnh được trang bị minibar và tủ lạnh. Truyền hình cáp và điện thoại cũng có trong phòng. Phòng tắm riêng có tiện nghi tắm vòi hoa sen và đồ vệ sinh cá nhân.\r\nKhách sạn có lễ tân 24 giờ cung cấp dịch vụ thu đổi ngoại tệ và cho thuê ô tô. Xe đạp có thể được cho quý khách nào muốn khám phá các khu vực xung quanh thuê. Dịch vụ giặt thường và giặt hấp cũng có tại đây.\r\nKhách sạn có 2 nhà hàng phục vụ bữa sáng hàng ngày, các món ăn phương Tây và châu Á. Đồ uống được phục vụ tại quán bar.', 'http://www.greenhotel.vn/', '1137866', null, '3', '12', '1', '1', '10.3374376', '107.0889435', '2017-09-22 23:24:43', null, 'ks7.jpg', null);
INSERT INTO `hotels` VALUES ('113', 'Khách sạn Ocean Star Vũng Tàu', ' 45 Thùy Vân, P.2, TP.\n Vũng Tàu', '(0643) 589 589\n', 'Ocean Star Hotel\r\n nằm trong một tòa nhà hiện đại có truy cập WiFi miễn phí và bãi đỗ xe miễn phí. Các phòng tại đây đều có đồ nội thất trang nhã và đi kèm tiện nghi pha trà/ cà phê.\r\nNằm ở thành phố Vũng Tàu, khách sạn này cách mũi Nghinh Phong 1.3 km và Bãi Sau cách đó 2 km. Sân bay Quốc tế Tân Sơn Nhất cách đó 72 km.\r\nCác phòng nghỉ hiện đại được trang bị sàn lát gỗ và truyền hình cáp. Khu vực tiếp khách và phòng tắm riêng bao gồm bồn tắm và đồ vệ sinh cá nhân miễn phí cũng được cung cấp trong phòng. Quý khách cũng có thể tận hưởng quang cảnh biển tuyệt đẹp từ một số phòng.\r\nOcean Star Hotel có quầy lễ tân mở cửa 24 giờ cung cấp chỗ để hành lý. Dịch vụ giặt và ủi cũng được cung cấp với 1 khoản phụ phí.', 'http://oceanstarho\ntel.vn/', '772976', null, '3', '12', '1', '1', '10.3308048', '107.0862808', '2017-09-22 23:19:34', null, 'hotel1.jpg', null);
INSERT INTO `hotels` VALUES ('114', 'Khách sạn Blue \nSea', 'số 165A Thùy Vân(Bãi sau), P. Thắng Tam, TP.Vũng Tàu', '0643 521 588', 'Blue Sea Hotel nằm ở thành phố Vũng Tàu này cách Bãi Sau chỉ 100 m. Khách sạn cung cấp các phòng nghỉ đẹp và rộng rãi với Wi-Fi miễn phí. Ngoài ra còn có bàn đặt tour và nhà hàng. Các phòng tại đây được trang bị truyền hình cáp, máy lạnh và minibar. Phòng tắm riêng đi kèm vòi sen, máy sấy tóc và dép. Quý khách có thể ngắm nhìn cảnh biển từ tất cả các phòng. Khu vực tiếp khách cũng được trang bị trong phòng. Blue Sea Hotel có quầy lễ tân 24 giờ và bàn đặt tour. Tại đây cung cấp chỗ đỗ xe miễn phí. Khách sạn có nhà hàng phục vụ các món đặc sản địa phương cũng như các món hải sản. Khách sạn cách Khu du lịch Biển Đông 600 m, cách ngọn hải đăng Vũng Tàu 3 km và cách bến tàu cao tốc Express Ship Habour 6,3 km. Bãi Trước và Tượng Chúa Ki Tô (Vũng Tàu) cách đó lần lượt 2,7 km và 3,5 km. Sân bay Quốc tế Tân Sơn Nhất cách khách sạn 72 km.', 'http://www.khachsanbluesea.com.vn/', '891195', null, '2', '12', '1', '1', '10.3485546', '107.0951996', '2017-09-22 23:22:33', null, 'ks4.jpg', null);
INSERT INTO `hotels` VALUES ('115', 'Khách sạn Amis', '147 – 149 Hoàng\n Hoa Thám, P. Thắng Tam, TP Vũng Tàu', '(064) 3.554686', 'Chỉ cách Bãi biển Bãi Sau 200 m và có tầm nhìn tuyệt đẹp hướng ra biển, Amis Hotel cung cấp truy cập Wi-Fi miễn phí trong toàn bộ khuôn viên và có 1 nhà hàng trong nhà.Với đồ nội thất trang nhã, các phòng máy lạnh tại đây được trang bị truyền hình cáp màn hình phẳng cũng như minibar và bàn làm việc. Phòng tắm riêng đi kèm với máy sấy tóc và đồ vệ sinh cá nhân miễn phí.Bộ phận lễ tân làm việc 24 giờ sẽ vui lòng hỗ trợ khách các dịch vụ để hành lý và giặt thường/giặt hấp. Để tạo sự thuận tiện cho khách, nơi đây cung cấp dịch vụ đưa đón sân bay kèm phụ phí.Tòa nhà hiện đại này nằm cách Chợ Mới 1,5 km và cách Bến Tàu Cao tốc 3 km. Cửa hàng bách hóa nổi tiếng tại địa phương - Siêu thị Co-op Mart, cách khách sạn này 4 km.Được bố trí ở tầng trệt, nhà hàng trong nhà sẽ phục vụ bữa sáng phong phú hàng ngày. Du khách cũng có thể chọn dịch vụ ăn uống trong phòng.', 'http://amishotel.com.vn/', '568364', null, '2', '12', '1', '1', '10.3362455', '107.0844879', '2017-09-22 23:28:03', null, 'nhahang5.jpg', null);
INSERT INTO `hotels` VALUES ('116', 'Khách sạn Minh Đăng', '05 La Văn Cầu, p. Thắng Tam, Vũng Tàu', '0643 62 5678', 'Nằm cách bãi biển chỉ 10 phút đi bộ, Minh Dang Hotel cung cấp chỗ nghỉ đơn giản và trang nhã với truy cập Wi-Fi miễn phí ở các khu vực chung. Khách sạn có lễ tân 24 giờ và chỗ đỗ xe miễn phí trong khuôn viên.\r\nCác phòng nghỉ máy lạnh tại đây có sàn lát gạch, bàn làm việc, tủ quần áo, truyền hình cáp, minibar và khu vực tiếp khách. Phòng tắm riêng đi kèm tiện nghi vòi sen, khăn tắm và đồ vệ sinh cá nhân miễn phí.\r\nĐội ngũ nhân viên thân thiện tại quầy lễ tân 24 giờ của Minh Dang Hotel giao tiếp bằng tiếng Việt lẫn tiếng Anh. Tiện nghi giữ hành lý được cung cấp cho khách đồng thời dịch vụ giặt thường/giặt hấp và cho thuê xe đạp cũng được bố trí.\r\nKhách sạn cách Tượng Chúa Dang Tay ở Vũng Tàu khoảng 1,4 km. Cách đó khoảng 72 km là Sân bay Quốc tế Tân Sơn Nhất.', 'http://www.minhdanghotel.com/', '347839', null, '1', '12', '1', '1', '10.3382664', '107.0876236', '2017-09-22 23:26:16', null, 'ks9.jpg', null);
INSERT INTO `hotels` VALUES ('117', 'Khách sạn La Vita', 'Số 2B, đường Lê Hồng Phong (nối dài - gần Đài Liệt sĩ) Phường Thắng Tam, Thành phố Vũng Tàu', '064.3 600 282', 'Nép mình ở thành phố Vũng Tàu, La Vita Hotel cung cấp chỗ nghỉ trang nhã và thoải mái với truy cập Wi-Fi miễn phí trong toàn khuôn viên. Khách sạn có lễ tân 24 giờ và bãi đỗ xe miễn phí tại chỗ.\r\nVới sàn lát gạch, các phòng cũng như biệt thự máy lạnh tại đây đều được trang bị tủ quần áo, khu vực tiếp khách, ấm đun nước điện và truyền hình cáp màn hình phẳng. Phòng tắm riêng đi kèm tiện nghi vòi sen, dép cùng đồ vệ sinh cá nhân miễn phí.\r\nĐội ngũ nhân viên thân thiện tại La Vita Hotel nói chuyện thông thạo cả tiếng Anh lẫn tiếng Việt. Dịch vụ giặt và ủi có thể được bố trí kèm theo phụ phí.\r\nKhách sạn cách Bãi Sau chỉ 500 m trong khi Bãi Trước và Tượng Chúa Dang Tay ở Vũng Tàu cách đó 2,6 km. Sân bay Quốc tế Tân Sơn Nhất cách đó khoảng 71 km.', 'http://hotellavita.com/', '359206', null, '1', '12', '1', '1', '10.3477221', '107.0919952', '2017-09-22 23:18:30', null, 'bnk2.jpg', null);
INSERT INTO `hotels` VALUES ('118', 'Du thuyền Golden', ' Tuần Châu, Hạ Long, Việt \nNam', '03 3628 9999\n', 'Golden Cruise có thang máy, phòng tập thể dục, spa và bồn tắm nước nóng trên thuyền. Các tiện nghi khác bao gồm rạp chiếu phim, các lựa chọn ăn uống và truy cập Wi-Fi miễn phí.\r\nNhà hàng và quầy bar mở cửa từ 06:30 - 20:30, phục vụ các món ăn hảo hạng của Việt Nam và phương Tây cùng đồ uống và đồ ăn nhẹ.\r\nQuý khách không những được chiêm ngưỡng các điểm tham quan xung quanh Vịnh Hạ Long - Di sản Thế giới được UNESCO công nhận mà còn có thể tham gia vào các hoạt động như lặn với ống thở, câu cá và chèo thuyền kayak. Tiện nghi tổ chức hội họp cũng như máy chiếu và hệ thống âm thanh có thể được đặt trước với 1 khoản phụ phí.\r\nCác phòng ngủ rộng lớn có két an toàn cá nhân và phòng tắm riêng với tiện nghi vòi sen nước nóng và đồ vệ sinh cá nhân. Ban công cho tầm nhìn ra quang cảnh biển.\r\nGolden Cruise cách Sân bay Cát Bi 2 giờ lái xe và cách thành phố Hà Nội cùng Sân bay Quốc tế Nội Bài khoảng 4 giờ.', 'http://www.goldencruise.vn/', '7883214', null, '5', '13', '6', '1', '20.9407749', '106.9467545', '2017-09-22 23:21:08', null, 'ks1.jpg', null);
INSERT INTO `hotels` VALUES ('119', 'Du thuyền Huong \nHai Sealife ', 'Trần Nguyên Hãn, Trần Hưng Đạo, Tp. Hạ Long, Quảng Ninh, Vietnam', '0473076968\n', 'Huong Hai Sealife Cruise cách Thành phố Quảng Ninh 1 giờ lái xe. Khách sạn cung cấp những hoạt động miễn phí trên thuyền, bao gồm câu mực, xem phim đêm và tập Thái Cực Quyền.\r\nNhững hoạt động khác mà khách có thể tận hưởng bao gồm đi thuyền kayak, lặn với ống thở và bơi lội. Hướng dẫn viên nói tiếng Anh sẽ trợ giúp quý khách trong suốt hành trình.\r\nCác phòng cabin được lắp máy lạnh và có áo phao cứu hộ cùng bình cứu hỏa. Mỗi phòng được trang bị TV màn hình phẳng với phim miễn phí, minibar, cùng phòng tắm riêng kèm máy sấy tóc cũng như nguồn cung cấp nước nóng. Áo choàng tắm và dép cũng được cung cấp trong phòng.\r\nNhà hàng trong nhà phục vụ ẩm thực Việt Nam cùng với những món ăn quốc tế được yêu thích vào bữa sáng, bữa nửa buổi, bữa trưa và bữa tối. Quán bar cung cấp cocktail, rượu vang và rượu mạnh.', 'http://huonghaisea\nlifecruise.com/', '7263697', null, '5', '13', '6', '1', '20.9406891', '106.9467545', '2017-09-22 23:28:00', null, 'nhahang5.jpg', null);
INSERT INTO `hotels` VALUES ('120', 'Du thuyền Carina', 'Tuan Chau, Hạ\n Long, Việt Nam', '(04) 39335419\n', 'Carina Cruise là \r\nthuyền buồm bằng gỗ truyền thống đi dọc theo Vịnh Hạ Long, Di sản Thế giới đã được UNESCO công nhận. Thuyền có lễ tân 24 giờ và cung cấp các phòng nghỉ tiện nghi cho tầm nhìn ngoạn mục ra quang cảnh biển.\r\nVới lối trang trí theo phong cách phương Đông, các phòng máy lạnh tại đây được trang bị tủ quần áo, minibar và truyền hình cáp. Phòng tắm riêng đi kèm vòi sen và đồ vệ sinh cá nhân miễn phí.\r\nTại Carina Cruise, quý khách có thể tận hưởng dịch vụ mát-xa hay tham gia vào các hoạt động như câu cá và lặn với ống thở. Sân hiên tắm nắng cho phép quý khách thư giãn bằng cách đọc sách hay nhâm nhi đồ uống. Dịch vụ để hành lý cũng được cung cấp tại đây.\r\nNhà hàng trên thuyền phục vụ các món ăn ngon của Việt Nam cũng như quốc tế. Một loạt các loại đồ uống cũng như nước giải khát có tại quầy bar. Dịch vụ ăn uống tại phòng được cung cấp theo yêu cầu.\r\nCarina Cruise cách trung tâm thành phố 5 km. Sân bay Quốc tế Nội Bài cách du thuyền khoảng 3 giờ lái xe.', 'http://carinacruise.com/', '6607900', null, '4', '13', '6', '1', '0.0000000', '0.0000000', '2017-09-22 23:22:16', null, 'ks3.jpg', null);
INSERT INTO `hotels` VALUES ('121', 'Du thuyền Garden \nBay', ' Hòn Gai , vịnh Hạ Long, Hạ Long, Việt Nam', '904662984', 'Garden Bay Cruise \r\nlà thuyền bằng gỗ truyền thống đi xuôi theo làn nước trong xanh của Vịnh Hạ Long, một Di sản Thế giới được UNESCO công nhận. Nơi đây có nhà hàng, truy cập Wi-Fi miễn phí và lễ tân làm việc 24/24.\r\nTất cả các cabin được trang bị nội thất trang nhã và tiện nghi. Mỗi cabin đều có khu vực tiếp khách, két an toàn và máy lạnh. Phòng tắm riêng đi kèm vòi sen và đồ vệ sinh cá nhân miễn phí. Các cabin đều cho tầm nhìn tuyệt đẹp ra cảnh biển.\r\nTrong khi ở trên du thuyền, du khách có thể tham gia nhiều hoạt động khác nhau như bơi lội, tham quan các làng chài địa phương và câu mực. Du khách cũng có thể thưởng thức một tách trà trong khi thư giãn trên sân hiên hoặc yêu cầu dịch vụ mát-xa truyền thống nhẹ nhàng.\r\nGarden Bay Cruise nằm trong bán kính 2,6 km từ Chợ Đêm Hạ Long. Sân bay Quốc tế Cát Bi cách đó 39 km. Du thuyền có thể thu xếp dịch vụ vận chuyển và đưa đón sân bay với một khoản phụ phí.\r\nNhà hàng trên du thuyền phục vụ cả các món ăn Châu Á và quốc tế. Tiện nghi BBQ cũng được cung cấp tại đây.', 'http://www.gardenbaycruise.\ncom/', '6380914', null, '4', '13', '6', '1', '20.8432941', '107.0095367', '2017-09-22 23:27:34', null, 'nhahang6.jpg', null);
INSERT INTO `hotels` VALUES ('122', 'Khách sạn City Bay Palace', '156 Lê Thánh Tông- Bạch Đằng - TP Hạ Long - Quảng Ninh', '033.3621838\n', 'Tọa lạc ở thành \r\nphố Hạ Long, City Bay Palace Hotel cung cấp Wi-Fi miễn phí trong toàn bộ khuôn viên. Khách có thể dùng bữa tại nhà hàng ngay trong khuôn viên,\r\nCác phòng nghỉ máy lạnh tại đây được trang bị sàn lát gỗ và đi kèm TV màn hình phẳng với các kênh truyền hình cáp. Mỗi phòng đều đi kèm phòng tắm riêng với đồ vệ sinh cá nhân miễn phí.\r\nNhà hàng City Bay phục vụ các món ăn Châu Á, cũng như các món ăn quốc tế. Bữa sáng cũng được cung cấp hàng ngày.\r\nĐảo Tuần Châu cách City Bay Palace Hotel 20 phút lái xe. Sân bay Quốc tế Nội Bài cách đó 150 km.', 'http://citybaypalacehotel.\ncom/', '795710', null, '3', '13', '1', '1', '20.9513283', '107.0800552', '2017-09-22 23:27:28', null, 'nhahang5.jpg', null);
INSERT INTO `hotels` VALUES ('123', 'Du thuyền Bài Thơ Deluxe Junks', '11 Lê Quý Đôn,\n Phường Bạch Đằng, Thành Phố Hạ Long, Tỉnh Quảnh Ninh, Việt Nam', '0333826 898', 'Du ngoạn dọc theo \r\nVịnh Hạ Long đẹp như tranh vẽ, Bai Tho Deluxe Junks là một chiếc thuyền bằng gỗ kiểu truyền thống cung cấp các phòng không hút thuốc tiện nghi với phòng tắm riêng. Thuyền này cũng có lớp tập Thái Cực Quyền miễn phí và biểu diễn nấu ăn miễn phí.\r\nVới tường và sàn gỗ, các phòng được trang bị máy lạnh, tủ quần áo, áo phao và khu vực tiếp khách. Phòng tắm riêng đi kèm vòi sen nước nóng/lạnh, dép và đồ vệ sinh cá nhân miễn phí. Các phòng nghỉ có tầm nhìn ra Vịnh Hạ Long.\r\nBai Tho Deluxe Junks có cửa hàng quà tặng/lưu niệm và lễ tân 24 giờ hỗ trợ đáp ứng các yêu cầu của khách. Du khách có thể tận hưởng mát-xa, câu cá hoặc đơn giản là thư giãn ở boong tàu đầy nắng rộng rãi. Dịch vụ giữ hành lý cũng được cung cấp.\r\nNhà hàng trên tàu phục vụ những món ăn Việt Nam cũng như quốc tế ngon miệng, trong khi đó các thực đơn ăn uống đặc biệt có thể được chuẩn bị theo yêu cầu. Đủ loại đồ uống được cung cấp ở quầy bar.\r\nBai Tho Deluxe Junks đỗ cách Đảo Gà Chọi 30 phút. Thuyền đi 90 phút là tới Đảo Rùa, Vịnh Lan Hạ cùng Làng Chài Vạn Gia.\r\nDu ngoạn dọc theo \r\nVịnh Hạ Long đẹp như tranh vẽ, Bai Tho Deluxe Junks là một chiếc thuyền bằng gỗ kiểu truyền thống cung cấp các phòng không hút thuốc tiện nghi với phòng tắm riêng. Thuyền này cũng có lớp tập Thái Cực Quyền miễn phí và biểu diễn nấu ăn miễn phí.\r\nVới tường và sàn gỗ, các phòng được trang bị máy lạnh, tủ quần áo, áo phao và khu vực tiếp khách. Phòng tắm riêng đi kèm vòi sen nước nóng/lạnh, dép và đồ vệ sinh cá nhân miễn phí. Các phòng nghỉ có tầm nhìn ra Vịnh Hạ Long.\r\nBai Tho Deluxe Junks có cửa hàng quà tặng/lưu niệm và lễ tân 24 giờ hỗ trợ đáp ứng các yêu cầu của khách. Du khách có thể tận hưởng mát-xa, câu cá hoặc đơn giản là thư giãn ở boong tàu đầy nắng rộng rãi. Dịch vụ giữ hành lý cũng được cung cấp.\r\nNhà hàng trên tàu phục vụ những món ăn Việt Nam cũng như quốc tế ngon miệng, trong khi đó các thực đơn ăn uống đặc biệt có thể được chuẩn bị theo yêu cầu. Đủ loại đồ uống được cung cấp ở quầy bar.\r\nBai Tho Deluxe Junks đỗ cách Đảo Gà Chọi 30 phút. Thuyền đi 90 phút là tới Đảo Rùa, Vịnh Lan Hạ cùng Làng Chài Vạn Gia.\r\nDu ngoạn dọc theo \r\nVịnh Hạ Long đẹp như tranh vẽ, Bai Tho Deluxe Junks là một chiếc thuyền bằng gỗ kiểu truyền thống cung cấp các phòng không hút thuốc tiện nghi với phòng tắm riêng. Thuyền này cũng có lớp tập Thái Cực Quyền miễn phí và biểu diễn nấu ăn miễn phí.\r\nVới tường và sàn gỗ, các phòng được trang bị máy lạnh, tủ quần áo, áo phao và khu vực tiếp khách. Phòng tắm riêng đi kèm vòi sen nước nóng/lạnh, dép và đồ vệ sinh cá nhân miễn phí. Các phòng nghỉ có tầm nhìn ra Vịnh Hạ Long.\r\nBai Tho Deluxe Junks có cửa hàng quà tặng/lưu niệm và lễ tân 24 giờ hỗ trợ đáp ứng các yêu cầu của khách. Du khách có thể tận hưởng mát-xa, câu cá hoặc đơn giản là thư giãn ở boong tàu đầy nắng rộng rãi. Dịch vụ giữ hành lý cũng được cung cấp.\r\nNhà hàng trên tàu phục vụ những món ăn Việt Nam cũng như quốc tế ngon miệng, trong khi đó các thực đơn ăn uống đặc biệt có thể được chuẩn bị theo yêu cầu. Đủ loại đồ uống được cung cấp ở quầy bar.\r\nDu ngoạn dọc theo \r\nVịnh Hạ Long đẹp như tranh vẽ, Bai Tho Deluxe Junks là một chiếc thuyền bằng gỗ kiểu truyền thống cung cấp các phòng không hút thuốc tiện nghi với phòng tắm riêng. Thuyền này cũng có lớp tập Thái Cực Quyền miễn phí và biểu diễn nấu ăn miễn phí.\r\nVới tường và sàn gỗ, các phòng được trang bị máy lạnh, tủ quần áo, áo phao và khu vực tiếp khách. Phòng tắm riêng đi kèm vòi sen nước nóng/lạnh, dép và đồ vệ sinh cá nhân miễn phí. Các phòng nghỉ có tầm nhìn ra Vịnh Hạ Long.\r\nBai Tho Deluxe Junks có cửa hàng quà tặng/lưu niệm và lễ tân 24 giờ hỗ trợ đáp ứng các yêu cầu của khách. Du khách có thể tận hưởng mát-xa, câu cá hoặc đơn giản là thư giãn ở boong tàu đầy nắng rộng rãi. Dịch vụ giữ hành lý cũng được cung cấp.\r\nNhà hàng trên tàu phục vụ những món ăn Việt Nam cũng như quốc tế ngon miệng, trong khi đó các thực đơn ăn uống đặc biệt có thể được chuẩn bị theo yêu cầu. Đủ loại đồ uống được cung cấp ở quầy bar.\r\nBai Tho Deluxe Junks đỗ cách Đảo Gà Chọi 30 phút. Thuyền đi 90 phút là tới Đảo Rùa, Vịnh Lan Hạ cùng Làng Chài Vạn Gia.\r\n', 'http://baithojunks.com/', '6315665', null, '3', '13', '6', '1', '20.9561348', '107.0420532', '2017-09-22 23:27:44', null, 'nhahang7.jpg', null);
INSERT INTO `hotels` VALUES ('124', 'Khách sạn Hoàng Anh', '68 Anh Đào - Bãi\n Cháy, Hạ Long, Việt Nam', '(033) 3848457\n', 'Với Wi-Fi miễn phí\r\n trong toàn bộ khuôn viên, Green Bay Hotel cung cấp các phòng nghỉ máy lạnh tại thành phố Hạ Long. Du khách có thể thưởng thức ẩm thực Phương Tây và Châu Á tại nhà hàng hướng nhìn ra biển.\r\nToàn bộ phòng đều có minibar, ấm đun nước điện và truyền hình cáp. Phòng tắm riêng hoàn chỉnh với dép và đồ vệ sinh cá nhân miễn phí.\r\nHotel Green Bay cách bãi biển Bãi Tắm 15 phút đi bộ. Đảo Tuần Châu cách đó 13 km.', 'http://hoanganhhotel.com/', '682037', null, '2', '13', '1', '1', '20.8777428', '106.9874420', '2017-09-22 23:20:23', null, 'ks.jpg', null);
INSERT INTO `hotels` VALUES ('126', 'Khách sạn Halong Backpackers ', ' 43, Anh Đào, Bãi Cháy, Tp. Hạ Long, Quảng Ninh, Vietnam', '033 3842368\n', 'Halong Backpackers\r\n Hostel nằm trong bán kính 400 m từ Chợ đêm Hạ Long và 37 km từ Sân bay Quốc tế Cát Bi. Nơi đây có Wi-Fi miễn phí và bãi đỗ xe riêng.\r\nMỗi phòng đều có truyền hình cáp, máy lạnh và tủ quần áo. Phòng tắm riêng đi kèm vòi sen và đồ vệ sinh cá nhân miễn phí.\r\nQuý khách có thể thu xếp việc đi lại tại bàn đặt tour. Nhân viên tại lễ tân 24 giờ có thể hỗ trợ với chỗ để hành lý, dịch vụ giặt là, dịch vụ ủi và cho thuê phương tiện đi lại.', 'http://halongbackpackers.com/\n', '470606', null, '1', '13', '1', '1', '20.8434086', '107.0095367', '2017-09-22 23:18:35', null, 'bnk2.jpg', null);
INSERT INTO `hotels` VALUES ('127', 'Khách Sạn Thùy \nDương Hạ Long', ' 20 Hạ Long ,\n Bãi Cháy , Hạ Long', '(033) 3846 137\n', 'Nằm ở trung tâm thành phố, Thuy Duong Hotel có các phòng nhìn ra Vịnh Hạ Long. Khách sạn cung cấp Wi-Fi miễn phí, dịch vụ đón khách miễn phí từ Bến xe Bãi Cháy và cho thuê xe đạp.\r\nCác phòng máy lạnh tại Hotel Duong Thuy đều có ban công nhìn ra vịnh. Trong phòng trang bị TV, tủ lạnh và bàn làm việc.\r\nKhách được sử dụng miễn phí máy tính tại sảnh đợi. Thuy Duong có thể giúp bạn đặt tour và lo vé, cũng như cho thuê xe máy và xe hơi.\r\nTrong số 2 nhà hàng tại Hotel Thuy Duong có 1 nhà hàng nằm trên sân thương nhìn ra Vịnh Hạ Long. Cả 2 nhà hàng đều phục vụ đồ ăn Việt Nam và món Tây.\r\nThuy Duong Hotel nằm cách bãi biển và Chợ Đêm chỉ 2 phút đi bộ. Bến tàu du lịch Bãi Cháy cách đó 15 phút đi bộ.', 'http://thuyduonghotelhalong.com/', '470606', null, '1', '13', '1', '1', '20.9564533', '107.0491714', '2017-09-22 23:24:46', null, 'ks7.jpg', null);
INSERT INTO `hotels` VALUES ('128', 'Salinda Phú Quốc \nIsland Resort and Spa', ' Cảng hàng không quốc tế Phú Quốc, Dương Tơ, tt. Dương Đông, tỉnh Kiên Giang, Việt Nam', '(077) 399 0011\n', 'Salinda Phu Quoc Island Resort and Spa cung cấp các phòng nghỉ rộng rãi, sang trọng với Wi-Fi miễn phí và ban công riêng tại thị trấn Dương Đông. Ngoài khu vực bãi biển riêng, hồ bơi ngoài trời và nhà hàng, nơi nghỉ này còn cung cấp chỗ đậu xe riêng miễn phí.\r\nSân bay Quốc tế Phú Quốc chỉ cách Salinda Phu Quoc Island Resort and Spa 4 km.\r\nMỗi phòng máy lạnh tại đây đều được trang bị ổ cắm cho iPod, truyền hình vệ tinh màn hình phẳng, két an toàn và minibar. Ngoài ra còn có khu vực tiếp khách và phòng tắm riêng với máy sấy tóc, đồ vệ sinh cá nhân miễn phí cùng bồn tắm/vòi sen.\r\nNơi nghỉ còn có các tiện nghi giải trí khác như trung tâm thể dục, CLB trẻ em và cửa hàng ngay trong khuôn viên.', 'https://salindaresort.com/', '3463613', null, '5', '14', '2', '1', '10.1815071', '103.9665833', '2017-09-22 23:25:13', null, 'ks8.jpg', null);
INSERT INTO `hotels` VALUES ('129', 'Vinpearl Resort Phú \nQuốc', 'Bãi Dài, xã Gành Dầu, đảo Phú Quốc, tỉnh Kiên Giang, Việt Nam', '077 3519 999\n', 'Vinpearl Resort Phu Quoc có hồ bơi ngoài trời, khu vực bãi biển riêng, chỗ ở hiện đại và sang trọng cùng Wi-Fi miễn phí toàn khuôn viên. Ngoài ra còn đi kèm lễ tân 24 giờ, trung tâm dịch vụ doanh nhân và tiện nghi tổ chức hội họp/tiệc.\r\nResort nằm ở vị trí thuận tiện này cách Thác Tranh 43 km và Làng Chài Hàm Ninh 47 km. Sân bay Quốc tế Phú Quốc cách đó 28 km lái xe.\r\nCác phòng máy lạnh có lối bài trí trang nhã tại đây được trang bị tủ quần áo, két an toàn trong phòng, minibar, khu vực tiếp khách và truyền hình cáp màn hình phẳng. Phòng tắm riêng đi kèm tiện nghi vòi sen, máy sấy tóc và đồ vệ sinh cá nhân miễn phí.\r\nQuý khách có thể tận hưởng dịch vụ mát-xa thư giãn tại spa hay hát karaoke trong khuôn viên. Dịch vụ để hành lý, đặt vé và giặt là cũng có sẵn trong khi dịch vụ cho thuê xe hơi, dịch vụ vận chuyển và đưa/đón sân bay có thể được thu xếp với 1 khoản phụ phí.\r\nResort có nhà hàng phục vụ tiệc ngon với các món ăn phương Tây và địa phương. Quý khách có thể thưởng thức đồ uống sau bữa ăn tại quầy bar. Các lựa chọn dịch vụ phòng cũng được cung cấp để tạo sự tiện lợi cho quý khách.', 'http://vinpearlresort-phuquoc.com/', '4046755', null, '5', '14', '2', '1', '10.2287254', '103.6772232', '2017-09-22 23:23:53', null, 'ks6.jpg', null);
INSERT INTO `hotels` VALUES ('130', 'Mercure Phú Quốc\n Resort & Villas', ' Dương Tơ, Dương \nĐông, Việt Nam', '0773972999\n', 'Nằm dọc theo bờ biển của thị trấn Dương Đông, Mercure Phu Quoc Resort & Villas cung cấp chỗ ở yên bình và sang trọng với truy cập WiFi miễn phí trong các biệt thự. Resort có các khu vườn xanh tốt, hồ bơi ngoài trời và sân tennis.\r\nNơi nghỉ nhìn ra bãi biển này chỉ cách Trại nuôi Ngọc trai Phú Quốc 800 m và cách Aroma Spa 1,2 km. Sân bay Quốc tế Phú Quốc cách đó 2 km thuận tiện.\r\nCác biệt thự máy lạnh có lối bài trí thanh nhã tại đây đi kèm tủ quần áo, két an toàn trong phòng, minibar, truyền hình cáp màn hình phẳng và khu vực tiếp khách với ghế sofa. Phòng tắm riêng có tiện nghi vòi sen, máy sấy tóc, dép đi trong phòng và đồ vệ sinh cá nhân miễn phí.\r\nNhà hàng trong khuôn viên Mercure Phu Quoc Resort & Villas phục vụ tiệc ẩm thực địa phương và Phương Tây hảo hạng. Tiện nghi BBQ cũng có tại đây đồng thời lựa chọn dịch vụ phòng được cung cấp để thuận tiện cho khách.', 'http://www.mercure.com/', '2137050', null, '4', '14', '2', '1', '10.1621847', '103.9705887', '2017-09-22 23:19:37', null, 'hotel1.jpg', null);
INSERT INTO `hotels` VALUES ('131', 'Cassia Cottage', 'Khu Phố 7, Trần Hưng Đạo, Dương Đông, Phú Quốc, Kiên Giang, Việt Nam', '0773848395\n', 'Cassia Cottage có bãi biển riêng dài 77 m, 2 hồ bơi, khu vườn tươi tốt và nhà hàng ngoài trời Spice House. Nơi đây cung cấp chỗ ở với Wi-Fi miễn phí cùng nước khoáng miễn phí.\r\nCassia Cottage cách sân bay Phú Quốc 10 phút lái xe, sân bay này cách Thành phố Hồ Chí Minh 50 phút đi bằng chuyến bay nội địa và cách Hà Nội 2 tiếng 10 phút đi bằng chuyến bay nội địa. Chợ đêm của Thị trấn Dương Đông cách đó 15 phút tản bộ.\r\nTất cả nhà nhỏ kiểu nông thôn tại đây được trang bị máy lạnh và đem đến cho du khách cảm giác riêng tư. Mỗi ngôi nhà đều có ấm đun nước riêng với bộ ấm pha trà, minibar và két an toàn. Phòng tắm riêng có vòi sen.\r\nDu khách có thể thư giãn với liệu pháp mát-xa trên bãi biển hoặc tìm đọc bộ sưu tập các loại sách tại thư viện nhỏ. Đội ngũ nhân viên lễ tân quốc tế có thể sắp xếp các tour du lịch đến tất cả các địa điểm chính trên đảo Phú Quốc. Dịch vụ đưa đón sân bay được cung cấp kèm phụ phí.\r\nCác bữa ăn kiểu Việt Nam cũng như quốc tế được phục vụ tại nhà hàng Spice House Restaurant bên bãi biển. Du khách có thể thưởng thức cocktail miễn phí được phục vụ bên hồ bơi vào giờ khuyến mãi từ 16:00-17:00. Bữa sáng tự chọn với các món ăn quốc tế và Việt Nam được cung cấp tại đây.', 'http://www.cassiacottage.com/', '2250723', null, '4', '14', '2', '1', '10.1988039', '103.9615479', '2017-09-22 23:21:04', null, 'ks1.jpg', null);
INSERT INTO `hotels` VALUES ('132', 'Daisy Resort', ' 7 Trần Hưng Đạo, Dương Đông, tp. Phú Quốc, tỉnh Kiên Giang,', '0773. 844 412', 'Nằm tại thị trấn Dương Đông, Daisy Resort cung cấp các bungalow yên tĩnh và thoải mái đi kèm truy cập WiFi miễn phí. Với các khu vườn xanh tốt, resort có hồ bơi ngoài trời, trung tâm thể dục và chỗ đỗ xe miễn phí trong khuôn viên.\r\nResort cách Sân bay Quốc tế Phú Quốc 15 phút lái xe thuận tiện. Chợ Đêm Dinh Cậu cách resort khoảng 10 phút lái xe trong khi Trại nuôi Ngọc trai Phú Quốc cách resort 2,3 km lái xe.\r\nCác bungalow máy lạnh có lối bài trí giản dị tại đây đi kèm sàn lát gạch, tủ quần áo, két an toàn trong phòng, truyền hình cáp màn hình phẳng và khu vực tiếp khách. Minibar và ấm đun nước điện cũng được cung cấp. Phòng tắm riêng có tiện nghi vòi sen, máy sấy tóc, dép đi trong phòng và đồ vệ sinh cá nhân miễn phí.\r\nTại Daisy Resort, khách có thể tận hưởng dịch vụ mát-xa thư giãn tại spa hay nghỉ ngơi tại khu vực tiếp khách chung. Nhân viên lễ tân 24 giờ có thể trợ giúp khách với các dịch vụ để hành lý, giặt và ủi. Dịch vụ đưa đón sân bay cũng có thể được thu xếp với một khoản phụ phí.\r\nResort có nhà hàng phục vụ tiệc ẩm thực địa phương hảo hạng. Các bữa ăn cũng có thể được cung cấp trong sự thoải mái tại bungalow của khách.', 'http://daisyresort.com/', '1091260', null, '3', '14', '2', '1', '10.2008820', '103.9693527', '2017-09-22 23:22:26', null, 'ks4.jpg', null);
INSERT INTO `hotels` VALUES ('133', 'Cottage Village', 'Tổ 3, ấp Ông Lang, xã Cửa Dương, đảo Phú Quốc, Kiêng Giang', '077 3 983 868', 'Bao quanh là cây cối vùng nhiệt đới, Cottage Village cung cấp chỗ ở yên bình và thoải mái với truy cập WiFi miễn phí trong các phòng nghỉ. Nơi nghỉ này có lễ tân 24 giờ, nhà hàng và chỗ đỗ xe miễn phí trong khuôn viên.\r\nNơi nghỉ này chỉ cách bãi biển công cộng Ong Lang 2 phút tản bộ. Nhà thùng Nước Mắm và Trung tâm Lặn Coco cách đó 4,9 km trong khi Dinh Cậu cách đó 5,1 km. Sân bay Quốc tế Phú Quốc cách đó 11 km lái xe.\r\nCác phòng và bungalow máy lạnh tại đây cho tầm nhìn ra quang cảnh khu vườn và đi kèm sàn lát gạch, tủ quần áo, màn tránh muỗi, minibar cùng truyền hình cáp. Phòng tắm riêng đi kèm tiện nghi vòi sen, dép và đồ vệ sinh cá nhân miễn phí.\r\nTại Cottage Village, khách có thể tiếp cận đội ngũ nhân viên thân thiện để được trợ giúp với dịch vụ để hành lý, dịch vụ giặt thường/giặt hấp và thu xếp xe đưa/đón sân bay. Dịch vụ cho thuê xe đạp và xe hơi cũng được cung cấp.', 'http://cottagevillage.vn/', '1104900', null, '3', '14', '4', '1', '10.2622957', '103.9366379', '2017-09-22 23:22:20', null, 'ks3.jpg', null);
INSERT INTO `hotels` VALUES ('134', 'Castaways Resort', '143 Trần Hưng Đạo, Dương Tơ, tp. Phú Quốc, tỉnh Kiên Giang, Việt Nam', '(077) 399 3399', 'Castaways Resort nằm tại thị trấn Dương Đông, chỉ cách Sân bay Quốc tế Phú Quốc 5 km thuận tiện. Với lối trang trí mộc mạc kiểu Việt Nam, resort cung cấp truy cập WiFi miễn phí và có lễ tân 24 giờ.\r\nTất cả các phòng nghỉ tại đây đều có lối bài trí trang nhã và được trang bị đầy đủ máy lạnh. Mỗi phòng đều đi kèm minibar, khu vực tiếp khách và TV màn hình phẳng. Ngoài ra, phòng còn có phòng tắm riêng với đồ vệ sinh cá nhân miễn phí và vòi sen nước nóng.\r\nKhách nghỉ tại Castaways Resort sẽ tìm thấy sân hiên ngoài trời và khu vườn yên tĩnh. Các tiện nghi khác bao gồm dịch vụ cho thuê xe đạp và dịch vụ giặt/ủi. Tiện nghi đỗ xe miễn phí được cung cấp cho các khách lái xe đồng thời dịch vụ đưa đón sân bay có thể được thu xếp với 1 khoản phụ phí.\r\nChỗ ở hiện đại này cách Bến Phà Bãi Vòng 10 km. Chùa Sư Muôn chỉ cách nơi nghỉ này 1 km.\r\nTrong khi resort không sở hữu nhà hàng nào thì quý khách có thể ghé thăm Nhà hàng Chez Carole, chỉ cách đó 100 m đi dọc xuống đường.', 'http://www.castawaysphuquoc.com/', '965537', null, '2', '14', '2', '1', '10.1947012', '103.9653778', '2017-09-22 23:23:25', null, 'ks5.jpg', null);
INSERT INTO `hotels` VALUES ('135', 'Khách sạn Mekong \nSpace Phú Quốc', 'Cửa Lấp Suối Mây, Xã Dương Tơ, Huyện Phú Quốc, Tỉnh Kiên Giang', ' 0773 9999 78\n', 'Tọa lạc tại thị trấn Dương Đông, Mekong Space Phu Quoc Hotel có nhà hàng và cung cấp các phòng nghỉ với truy cập Wi-Fi miễn phí.\r\nMỗi phòng nghỉ ở đây đều có truyền hình cáp màn hình phẳng và minibar. Phòng tắm riêng đi kèm tiện nghi vòi sen, dép đi trong phòng và đồ vệ sinh cá nhân.\r\nNhân viên tại quầy lễ tân 24 giờ có thể hỗ trợ khách với các dịch vụ giữ hành lý, giặt là và ủi. Chỗ đỗ xe chung miễn phí cũng được cung cấp cho khách.\r\nKhách sạn cách Aroma Spa 600 m, cách Nông trại Ngọc trai Phú Quốc 2,2 km và cách Nhà hàng Chez Carole 3,2 km. Sân bay Quốc tế Phú Quốc cách đó 5 phút lái xe.', 'www.mekondland24h.com.vn', '842579', null, '2', '14', '1', '1', '10.1791553', '103.9704590', '2017-09-22 23:27:20', null, 'nhahang5.jpg', null);
INSERT INTO `hotels` VALUES ('136', 'Khách sạn Chez Que', 'Cửa Lập, Dương Tơ, Dương Đông, Phú Quốc, Việt Nam', '966352926', 'Với các khu vườn kiểng đẹp mắt, Chez Que cung cấp chỗ ở yên bình và thoải mái với truy cập WiFi miễn phí trong các bungalow. Nơi nghỉ này có lễ tân 24 giờ, hồ bơi ngoài trời và chỗ đỗ xe miễn phí trong khuôn viên.\r\nCác bungalow gắn máy lạnh có lối bài trí trang nhã tại đây đi kèm sàn lát gạch, tủ quần áo, khu vực tiếp khách, bàn ăn và truyền hình cáp màn hình phẳng. Phòng tắm riêng có tiện nghi vòi sen, khăn tắm, máy sấy tóc và đồ vệ sinh cá nhân miễn phí.\r\nKhách nghỉ tại Chez Que có thể thuê xe đạp để khám phá khu vực đồng thời đội ngũ nhân viên thân thiện tại đây có thể trợ giúp khách với dịch vụ để hành lý, giặt thường và giặt hấp. Tiện nghi BBQ cũng có sẵn trong khi bữa sáng có thể được phục vụ khi khách yêu cầu.\r\nChez Que tọa lạc tại vị trí thuận tiện trong bán kính 2 km từ Trại nuôi Ngọc trai Phú Quốc và 4 km từ Sân bay Quốc tế Phú Quốc. Dịch vụ đưa/đón sân bay có thể được thu xếp với một khoản phụ phí.', 'http://chezque.com/', '886648', null, '1', '14', '1', '1', '0.0000000', '0.0000000', '2017-09-22 23:27:26', null, 'nhahang6.jpg', null);
INSERT INTO `hotels` VALUES ('137', 'Đông Xuân Hồng \nGuest House', '81 Trần Hưng Đạo - Khu Phố 7 - TT. Dương Đông - Phú Quốc - Kiên Giang', '0773.97.78.79\n', 'Chỉ cách biển 50 m, Dong Xuan Hong Guest House có các phòng máy lạnh với Wi-Fi miễn phí ở thị trấn Dương Đông. Khách sạn có quầy lễ tân 24 giờ, vườn và bếp chung để quý khách sử dụng.\r\nDong Xuan Hong Guest House cách Chùa Sư Muôn 1 km và cách Coco Bar 1,2 km. Sân bay Quốc tế Phú Quốc cách đó 7 km.\r\nTất cả các phòng đều có TV truyền hình cáp, khu vực tiếp khách và minibar. Phòng tắm riêng đi kèm với vòi sen và dép.\r\nQuý khách được sử dụng phòng lounge chung cũng như được hỗ trợ tại bàn đặt tour trong suốt thời gian lưu trú. Khách sạn có chỗ đỗ xe riêng miễn phí cho khách.', 'http://www.dongxuanhong.com/', '727506', null, '1', '14', '3', '1', '10.2066355', '103.9609756', '2017-09-22 23:18:33', null, 'bnk2.jpg', null);
INSERT INTO `hotels` VALUES ('138', 'Nhà Trọ Trung Ngân', 'Bãi Chệt, xã\n An Sơn, huyện Kiên Hải, Kiên Giang (Quần đảo Nam Du)', '0949 828273 ', '', '', null, null, null, '15', '3', '1', '0.0000000', '0.0000000', '2017-09-22 23:27:18', null, 'nhahang5.jpg', null);
INSERT INTO `hotels` VALUES ('139', 'Nhà nghỉ Huỳnh Hua', '56 Ấp Củ Tron, An\n Sơn, Kiên Hải, Kiên Giang', '0919 115543', '', '', null, null, null, '15', '3', '1', '0.0000000', '0.0000000', '2017-09-22 23:24:48', null, 'ks7.jpg', null);
INSERT INTO `hotels` VALUES ('140', 'Nhà nghỉ Kim Yến', 'Xã An Sơn, huyện Kiên Hải, Kiên Giang (Quần đảo Nam Du)', '0939 486262', '', '', null, null, null, '15', '3', '1', '0.0000000', '0.0000000', '2017-09-22 23:19:41', null, 'hotel1.jpg', null);
INSERT INTO `hotels` VALUES ('141', 'Nhà nghỉ Sáu Có', 'Xã An Sơn, huyện Kiên Hải, Kiên Giang (Quần đảo Nam Du)', '0907 172656', '', '', null, null, null, '15', '3', '1', '0.0000000', '0.0000000', '2017-09-22 23:27:04', null, 'nhahang5.jpg', null);
INSERT INTO `hotels` VALUES ('142', 'Nhà nghỉ Thúy Kiệp', 'Xã An Sơn, huyện Kiên Hải, Kiên Giang (Quần đảo Nam Du)', '077 3830853', '', '', null, null, null, '15', '3', '1', '0.0000000', '0.0000000', '2017-09-22 23:20:25', null, 'ks.jpg', null);
INSERT INTO `hotels` VALUES ('143', 'Nhà nghỉ Nhung Nam', 'Xã An Sơn, Kiên Hải, Kiên Giang (Quần đảo Nam Du)', '077 3830800 ', '', '', null, null, null, '15', '3', '1', '0.0000000', '0.0000000', '2017-09-22 23:21:02', null, 'ks1.jpg', null);
INSERT INTO `hotels` VALUES ('144', 'Nhà nghỉ Bảo Nam', 'Xã An Sơn, huyện Kiên Hải, Kiên Giang', '0918 877747', '', '', null, null, null, '15', '3', '1', '0.0000000', '0.0000000', '2017-09-22 23:23:27', null, 'ks5.jpg', null);
INSERT INTO `hotels` VALUES ('145', 'Nhà nghỉ Hoàng Gia', 'Bãi Chệt, Ấp Củ Tron, An Sơn, Kiên Hải, Kiên Giang', '939626459', '', '', null, null, null, '15', '3', '1', '0.0000000', '0.0000000', '2017-09-22 23:27:52', null, 'nhahang5.jpg', null);
INSERT INTO `hotels` VALUES ('146', 'Nhà nghỉ Hồng Đào', ' Xã Lại Sơn, Kiên \nHải, Kiên Giang', '077 3830597 ', '', '', null, null, null, '15', '3', '1', '0.0000000', '0.0000000', '2017-09-22 23:19:44', null, 'hotel1.jpg', null);
INSERT INTO `hotels` VALUES ('147', 'Nhà nghỉ Hồng Hải', 'Xã Lại Sơn, Kiên Hải, Kiên Giang', ' 077 3604298', '', '', null, null, null, '15', '3', '1', '0.0000000', '0.0000000', '2017-09-22 23:23:50', null, 'ks6.jpg', null);
INSERT INTO `hotels` VALUES ('148', 'Khách sạn River', ' Phường Bình San, \nHà Tiên, Kiên Giang, Việt Nam', '077 39 55 888\n', 'Nhìn ra Sông Tô Châu\r\n và Thị trấn Dương Đông, River Hotel cung cấp các phòng hiện đại có cửa sổ với tầm nhìn toàn cảnh núi non hoặc dòng sông. Chỗ ở này có Wi-Fi miễn phí, hồ bơi ngoài trời và nhà hàng.\r\nRiver Hotel nằm gần các điểm tham quan của địa phương như Chùa Hang Thạch Động (7 km) và Bãi biển Mũi Nai (20 phút lái xe). Cửa Khẩu Xà Xía nằm trong bán kính 15 km từ khách sạn trong khi Sân bay Rạch Giá cách đó khoảng 2 giờ lái xe.\r\nMỗi phòng máy lạnh và không hút thuốc tại đây có truyền hình vệ tinh màn hình phẳng, két an toàn cùng minibar. Phòng tắm riêng được trang bị vòi sen và bồn tắm riêng biệt.\r\nDu khách có thể tắm nắng bên hồ bơi hoặc nướng thịt ngoài trời tại River Hotel. Dịch vụ giặt thường, giặt hấp và ủi cũng có tại đây.\r\nNhà hàng của khách sạn phục vụ các món phương Tây và châu Á. Quý khách cũng có thể yêu cầu dịch vụ ăn uống tại phòng.', 'http://riverhotelvn.com/', '909383', null, '4', '16', '1', '1', '10.3797293', '104.4841690', '2017-09-22 23:18:40', null, 'bnk2.jpg', null);
INSERT INTO `hotels` VALUES ('149', 'Châu Thu Guest House', 'Lô B, 11/7 Khu Đô \nThị Mới, Phường Pháo Đài, Hà Tiên, Kiên Giang', ' 098 674 38 74', 'Chau Thu Guest House\r\n nằm ở thị xã Hà Tiên. Nơi nghỉ cung cấp các phòng sạch sẽ, thoải mái với máy lạnh đầy đủ. Ngoài ra còn có Wi-Fi miễn phí.\r\nCác phòng có khu vực tiếp khách thoải mái, TV truyền hình cáp và cửa sổ đón ánh nắng trực tiếp. Tất cả các phòng đều có phòng tắm riêng với vòi sen nước nóng.\r\nNhân viên thân thiện tại quầy lễ tân 24 giờ có thể hỗ trợ quý khách với chỗ để hành lý và dịch vụ giặt/là. Chau Thu Guest House cũng có tiện nghi đỗ xe miễn phí dành cho khách lái xe.\r\nChỗ ở đầy đủ tiện nghi này nằm cách 58 km từ Sân bay Quốc tế Phú Quốc.\r\nQuý khách có thể lựa chọn dịch vụ ăn uống tại phòng.', '', '372847', null, '4', '16', '3', '1', '10.3770418', '104.4774857', '2017-09-22 23:25:08', null, 'ks8.jpg', null);
INSERT INTO `hotels` VALUES ('150', 'thuê chỗ nghỉ, cắm trại', 'Null', '', 'Đến quần đảo Bà Lụa, ngoài\r\n thuê chỗ nghỉ, bạn cũng có thể đem lều võng cắm trại hoặc liên hệ nhà dân ở nhờ. Trên các đảo có nhiều bãi biển đẹp, địa hình rộng rãi, thoáng mát thuận tiện cho hoạt động cắm trại.', '', null, null, null, '20', null, '1', '0.0000000', '0.0000000', '2017-09-22 23:27:14', null, 'nhahang5.jpg', null);
INSERT INTO `hotels` VALUES ('151', 'DaLat Palace - Luxury \nHotel & Golf Club\n', '2 Trần Phú, Phường 3, Tp. Đà Lạt, Phường 3, Vietnam', ' 0632835444\n', 'Dalat Palace Hotel nằm ở\r\n trung tâm thành phố Đà Lạt, cách Dinh Bảo Đại 300 m. Tọa lạc trong công viên riêng, khách sạn thông gió tự nhiên này có nhà hàng, spa và Wi-Fi miễn phí.\r\nCác phòng có thiết kế mở tại Palace Dalat đều trang nhã với lối trang trí kiểu thuộc địa Pháp từ những năm 1920 và sàn gỗ cứng. Mỗi phòng đều được trang bị minibar, TV và tiện nghi pha cà phê/trà. Khách sạn cũng cung cấp dịch vụ phòng 24 giờ.\r\nKhách sạn có sân tennis và sân chơi ngoài trời cho trẻ em. Khách có thể rèn luyện sức khỏe tại trung tâm thể dục hoặc ghé qua spa để có 1 buổi mát-xa thư giãn. Khách sạn có dịch vụ cho thuê xe đạp và dịch vụ đưa đón. Khách được đỗ xe miễn phí.\r\nLe Rabelalis cung cấp tuyển chọn nhiều món ăn và rượu vang Pháp đồng thời mở cửa phục vụ bữa sáng và bữa tối. Larry’s Bar là một tùy chọn ẩm thực ngon miệng khác nếu khách muốn thưởng thức đồ uống và món ăn nhẹ.\r\nDalat Palace Hotel cách Bảo tàng Đà Lạt 3 km và cách Sân bay Đà Lạt 30 phút lái xe.', 'http://www.dalatresorts.com/', '3410186', null, '5', '22', '1', '1', '11.9174185', '108.4086609', '2017-09-22 23:26:22', null, 'ks9.jpg', null);
INSERT INTO `hotels` VALUES ('152', 'Đà Lạt Edensee Lake\n Resort & Spa', 'Hồ Tuyền Lâm , \nĐà Lạt , Lâm Đồng', '063 383 1515', 'Với tầm nhìn bao quát ra\r\n các khu rừng và hồ nước, Dalat Edensee Lake Resort & Spa cung cấp chỗ ở 5 sao sang trọng với Wi-Fi miễn phí và bể sục riêng. Tại đây có các sân gôn mô phỏng, rạp chiếu phim và phòng hút xì gà.\r\nVới ban công riêng có tầm nhìn đẹp mắt, các phòng nghỉ trang nhã được trang bị TV màn hình phẳng và ghế bành thoải mái. Các phòng tắm rộng rãi đều có bồn tắm, máy sấy tóc và áo choàng tắm.\r\nDalat Edensee Lake Resort cách trung tâm thành phố Đà Lạt 10 km và Sân bay Đà Lạt 30 km. Khách sạn cung cấp dịch vụ đưa đón sân bay và chỗ đỗ xe miễn phí.\r\nDu khách có thể thư giãn trong thư viện hoặc đi dạo trong các khu vườn của khu nghỉ mát. Ngoài ra còn có các tiện ích khác như dịch vụ cho thuê xe đạp, bàn chơi bida và bàn chơi bóng đá.\r\nDu khách có thể thưởng thức nhiều món ăn Việt Nam, châu Á và Quốc tế tại nhà hàng. Tại đây cũng cung cấp dịch vụ ăn uống tại phòng 24 giờ.', 'http://www.dalatedensee.com/', '2504441', null, '5', '22', '2', '1', '11.8867950', '108.4213028', '2017-09-22 23:21:01', null, 'ks1.jpg', null);
INSERT INTO `hotels` VALUES ('153', 'Dalat Terrasse Des Roses Villa', '35 Cao Bá Quát, \nPhường 7, Đà Lạt, Việt Nam', '06 3356 5279', 'Dalat Terrasse Des Roses \r\nVilla cung cấp các phòng nghỉ trang nhã với Wi-Fi miễn phí ở thành phố Đà Lạt. Biệt thự có khu vườn đầy hoa và một dòng suối, quầy lễ tân 24 giờ cũng như nhà hàng riêng.\r\nDalat Terrasse Des Roses nằm trong bán kính 2,6 km từ Vườn Hoa Đà Lạt và 2,8 km từ Thung lũng Tình yêu. Hồ Xuân Hương và Chợ Đà Lạt đều cách nơi nghỉ này 5 phút lái xe. Hằng Nga Crazy House cách đó 3,3 km.\r\nTất cả các phòng đều được trang bị truyền hình cáp màn hình phẳng, minibar và khu vực tiếp khách. Phòng tắm riêng đi kèm bồn tắm và đồ vệ sinh cá nhân miễn phí.\r\nDu khách có thể thư giãn tại phòng xông hơi khô. Nơi nghỉ này còn có các tiện nghi như dịch vụ đặt vé, bàn đặt tour và chỗ để hành lý. Tại đây có chỗ đỗ xe miễn phí trong khi du khách có thể sử dụng tiện nghi BBQ với một khoản phụ phí.\r\nNhà hàng trong khuôn viên phục vụ cả ẩm thực Việt Nam lẫn phương Tây. Bữa ăn trong vườn cũng có thể được bố trí với một khoản phụ phí.', 'http://terrassedesroses-villa.com/', '843453', null, '4', '22', '4', '1', '11.9679308', '108.4277573', '2017-09-22 23:26:59', null, 'nhahang5.jpg', null);
INSERT INTO `hotels` VALUES ('154', 'Bình An Village Resort', 'Plot Number 6, Area \n162, Tuyen Lam Lake, Đà Lạt, Việt Nam', '063-3800 999', 'Nằm trong khu vực Hồ Tuyền\r\n Lâm xinh đẹp, Binh An Village Resort cung cấp các phòng và biệt thự với tầm nhìn ra quang cảnh hồ nước hoặc khu vườn và Wi-Fi miễn phí. Nơi đây có vườn hoa, nhà hàng và quầy bar.\r\nBinh An Village Resort nằm trong bán kính 2,6 km từ Thiền Viện Trúc Lâm. Du khách lái xe 30 phút là đến Sân bay Liên Khương ở thành phố Đà Lạt trong khi Sân bay Nha Trang cách đó 88 km.\r\nCác phòng và biệt thự được làm mát bằng quạt máy tại đây có truyền hình cáp màn hình phẳng, bàn làm việc, khu vực tiếp khách cũng như minibar. Phòng tắm riêng đi kèm phòng xông hơi khô, vòi sen, máy sấy tóc và đồ vệ sinh cá nhân miễn phí.\r\nLễ tân 24 giờ, dịch vụ đặt vé và bàn đặt tour nằm trong số các tiện nghi của resort. Dịch vụ đón tại sân bay được cung cấp theo yêu cầu. Chỗ đỗ xe được cung cấp miễn phí tại đây.\r\nNhìn ra khu vườn, nhà hàng Five Bauhinia Restaurant phục vụ ẩm thực truyền thống của Việt Nam và các món ăn quốc tế, đồng thời có thực đơn ăn chay sinh học. Với tầm nhìn ra toàn cảnh hồ nước, quán Les Artistes Bar có ban nhạc Jazz biểu diễn trong những dịp đặc biệt.\r\n', 'http://www.binhanvillage.com/', '4774261', null, '4', '22', '2', '1', '11.8900299', '108.4128265', '2017-09-22 23:24:52', null, 'ks7.jpg', null);
INSERT INTO `hotels` VALUES ('155', 'Khách sạn Royal Dalat', 'Số 80a, Nguyễn Chí Thanh, Phường 1, tp. Đà Lạt, Lâm Đồng, Việt Nam', '063 3832 177', 'Royal Dalat Hotel cung cấp các phòng và suite máy lạnh với Wi-Fi miễn phí ở thành phố Đà Lạt. Khách sạn có nhà hàng riêng, lễ tân 24 giờ và chỗ đỗ xe riêng miễn phí.\r\nKhách sạn này nằm cách Hồ Xuân Hương 500 m, cách Vườn Hoa Đà Lạt 1,8 km và cách Thiền viện Trúc Lâm 4,3 km. Sân bay Liên Khương cách đó 42 km.\r\nMỗi phòng và suite tại đây có truyền hình cáp màn hình phẳng, minibar cùng ấm đun nước điện. Phòng còn bao gồm khu vực tiếp khách và phòng tắm riêng với vòi sen, máy sấy tóc cùng đồ vệ sinh cá nhân miễn phí. Các suite tự hào với tầm nhìn ra thành phố và hồ.\r\nDịch vụ cho thuê xe đạp cũng được cung cấp. Các tiện nghi khác bao gồm sảnh khách chung, dịch vụ đặt vé và chỗ để hành lý.\r\n', '', '829812', null, '3', '22', '1', '1', '11.9415960', '108.4341049', '2017-09-22 23:23:29', null, 'ks5.jpg', null);
INSERT INTO `hotels` VALUES ('156', 'Khách sạn Mountain Town', '46 Nguyễn Chí Thanh,\n 1, tp. Đà Lạt, Lâm Đồng, Việt Nam', '063 3551 551\n', 'Tọa lạc ở trung tâm Thành phố Đà Lạt nhìn ra quang cảnh Hồ Xuân Hương yên bình, Mountain Town Hotel cung cấp các phòng đầy đủ tiện nghi với truy cập Wi-Fi miễn phí. Những khách lái xe có thể đỗ xe miễn phí tại đây.\r\nTọa lạc tại một vị trí thuận tiện, khách sạn nằm trong bán kính chỉ 2 km từ các điểm tham quan nổi tiếng như Dinh Bảo Đại và Biệt thự Hằng Nga. Chợ Đà Lạt cũng chỉ cách đó 150 m. Sân bay Liên Khương cách nơi nghỉ này chỉ 20 km.\r\nCác phòng nghỉ tại đây được trang bị két an toàn cá nhân, khu vực tiếp khách và truyền hình cáp màn hình phẳng. Phòng tắm riêng đi kèm với bồn tắm hoặc vòi sen và đồ vệ sinh cá nhân miễn phí.\r\nLễ tân 24 giờ của Mountain Town sẽ sẵn lòng hỗ trợ khách với các dịch vụ giặt là/ủi và thu đổi ngoại tệ. Việc đi tham quan có thể được thu xếp tại bàn đặt tour.\r\nDu khách sẽ được thưởng thức \r\nđủ loại món ăn Á-Âu, bao gồm cả ẩm thực địa phương tại nhà hàng Pho Nui Restaurant. Bữa sáng cũng có thể được phục vụ tại phòng theo yêu cầu của khách.', 'http://www.phonuidalat.com/', '635100', null, '3', '22', '1', '1', '11.9402475', '108.4342499', '2017-09-22 23:26:40', null, 'muongthanh.jpg', null);
INSERT INTO `hotels` VALUES ('157', 'Khánh Lâm Tourist Villa\n', ' 206 Nguyễn Công \nTrứ, Phường 8, Đà Lạt', '0633 828 526\n', 'Khanh Lam Tourist Villa nằm cách\r\nThung Lũng Tình Yêu 20 phút đi bộ và cung cấp chỗ ở giản dị với tiện nghi phòng tắm riêng và Wi-Fi miễn phí. Biệt thự có bàn đặt tour và cung cấp dịch vụ giữ hành lý cũng như giặt ủi.\r\nKhanh Lam Da Lat Tourist Villa cách vườn hoa Đà Lạt 10 phút đi bộ và cách bến xe bus Đà Lạt 3,5 km. Chợ Đà Lạt và hồ Xuân Hương nằm trong bán kính 2,5 km đi từ biệt thự.\r\nCác phòng đều có sàn lát gạch, TV truyền hình cáp, minibar và khu vực tiếp khách. Trong phòng còn được trang bị bàn làm việc, tủ quần áo và đồ vệ sinh cá nhân miễn phí.\r\nCác địa điểm ăn uống và quán ăn nhỏ tại địa phương phục vụ đồ ăn Việt Nam cũng như phương Tây nằm xung quanh biệt thự.', 'https://www.facebook.com/bietthukhanhlam', '300000', null, '2', '22', '1', '1', '11.9563274', '108.4324417', '2017-09-22 23:20:27', null, 'ks.jpg', null);
INSERT INTO `hotels` VALUES ('158', 'Crazy House', '03 Huynh Thuc Khang, \nĐà Lạt, Việt Nam', '063-3-822-070\n', 'Nổi tiếng với kiến ​​trúc độc đáo,\r\n Crazy House nằm ở thành phố Đà Lạt chỉ cách Ga Đà Lạt 3,1 km. Các phòng được trang trí theo phong cách riêng và mang các chủ đề khác nhau. Du khách cũng được truy cập Wi-Fi miễn phí trong toàn bộ khuôn viên.\r\nNơi nghỉ này cách Biệt thự Hằng Nga 100 m. Cung điện Mùa hè của Vua Bảo Đại nằm trong bán kính 600 m từ chỗ ở này trong khi Hồ Xuân Hương cách đó 2 km. Cách nhà nghỉ mát này 86 km là Sân bay Nha Trang.\r\nPhòng nghỉ tại đây có các chủ đề về động vật khác nhau cho những khách thích lối trang trí khác lạ. Mỗi phòng đều đi kèm khu vực tiếp khách, tủ quần áo và tiện nghi sưởi. Ngoài ra còn có phòng tắm riêng với tiện nghi vòi sen và nhà vệ sinh. Một số phòng nhìn ra khu vườn.\r\nCrazy House có bàn đặt tour có thể hỗ trợ khách sắp xếp việc đi lại.', 'http://www.crazyhouse.vn/', '1023056', null, '2', '22', '3', '1', '11.9346762', '108.4285583', '2017-09-22 23:19:49', null, 'hotel1.jpg', null);
INSERT INTO `hotels` VALUES ('159', 'CamLy Homestay', '62Hoàng Văn Thụ, Phường 5, Đà Lạt, Việt Nam', '0166 533 8143', 'Nằm tại thành phố Đà Lạt, Cam Ly Homestay cung cấp chỗ ở giản dị và thoải mái với truy cập Wi-Fi miễn phí trong toàn bộ khuôn viên. Khách sạn có chỗ đỗ xe miễn phí tại chỗ.\r\nCác phòng nghỉ tại Cam Ly Homestay có sàn lát gạch, quạt điện và bộ khăn trải giường mới giặt. Các phòng nghỉ riêng đi kèm tủ quần áo, khu vực tiếp khách, truyền hình cáp và tiện nghi phòng tắm riêng.\r\nĐội ngũ nhân viên thân thiện tại đây có thể trợ giúp khách với chỗ để hành lý, dịch vụ giặt/ủi và thu xếp tour tham quan. Dịch vụ đưa đón và vận chuyển sân bay có thể được cung cấp theo yêu cầu kèm phụ phí.\r\nChỗ nghỉ này cách Hồ Xuân Hương 2 km và cách Vườn Hoa Đà Lạt 2,7 km. Thiền viện Trúc Lâm nằm trong bán kính 4,2 km từ chỗ nghỉ này trong khi du khách lái xe 35 km là tới Sân bay Liên Khương.', 'https://www.facebook.com/camlyhomestaydalatvietnam', '227346', null, '1', '22', '5', '1', '11.9407883', '108.4200134', '2017-09-22 23:23:45', null, 'ks6.jpg', null);
INSERT INTO `hotels` VALUES ('160', 'Villa Tuấn Phạm', '194 Hai Bà Trưng, Phường\n 6, tp. Đà Lạt, Lâm Đồng, Việt Nam', '(063) 3817 488\n', 'Villa Tuan Pham cung cấp các phòng\r\n thoáng mát đầy đủ tiện nghi với sàn gỗ. Nằm ở thành phố Đà Lạt, nơi nghỉ này có Wi-Fi miễn phí và quán café sân vườn riêng. Chỗ đỗ xe riêng được cung cấp miễn phí cho khách.\r\nVilla Tuan Pham cách Vườn Hoa Đà Lạt và Ngôi nhà Kỳ quái Hằng Nga 2,7 km. Hồ Xuân Hương cách nơi nghỉ này 3 km trong khi Cung điện Mùa hè của Vua Bảo Đại cách đó 3,2 km.\r\nToàn bộ phòng tại đây đều có ban công nhìn ra khu vườn, máy vi tính, truyền hình cáp màn hình phẳng và minibar. Phòng bao gồm khu vực tiếp khách và phòng tắm riêng với vòi sen cùng máy sấy tóc.\r\nVilla Tuan Pham còn có sân hiên và quầy bar. Các tiện nghi khác như sảnh khách chung cũng được cung cấp cho khách.', 'http://villatuanpham.com/', '871644', null, '1', '22', '4', '1', '11.9589663', '108.4242020', '2017-09-22 23:25:03', null, 'ks8.jpg', null);
INSERT INTO `hotels` VALUES ('161', 'aaa', 'b', '123424', 'bcv', 'sgg', '12', '2017-10-14', '2', '1', '1', null, '12.0000000', '12.0000000', null, null, 'muongthanh.jpg', null);

-- ----------------------------
-- Table structure for localactivities
-- ----------------------------
DROP TABLE IF EXISTS `localactivities`;
CREATE TABLE `localactivities` (
  `localactivity_id` int(11) NOT NULL AUTO_INCREMENT,
  `activity_id` int(11) DEFAULT NULL,
  `place_id` int(11) DEFAULT NULL,
  PRIMARY KEY (`localactivity_id`),
  KEY `activity_destination` (`place_id`),
  KEY `activity_detail` (`activity_id`),
  CONSTRAINT `activity_local` FOREIGN KEY (`activity_id`) REFERENCES `activities` (`activity_id`),
  CONSTRAINT `place_local` FOREIGN KEY (`place_id`) REFERENCES `places` (`place_id`)
) ENGINE=InnoDB AUTO_INCREMENT=118 DEFAULT CHARSET=utf8;

-- ----------------------------
-- Records of localactivities
-- ----------------------------
INSERT INTO `localactivities` VALUES ('1', '1', '1');
INSERT INTO `localactivities` VALUES ('2', '2', '1');
INSERT INTO `localactivities` VALUES ('3', '3', '1');
INSERT INTO `localactivities` VALUES ('4', '4', '1');
INSERT INTO `localactivities` VALUES ('5', '5', '1');
INSERT INTO `localactivities` VALUES ('6', '6', '1');
INSERT INTO `localactivities` VALUES ('7', '7', '1');
INSERT INTO `localactivities` VALUES ('8', '8', '1');
INSERT INTO `localactivities` VALUES ('9', '9', '1');
INSERT INTO `localactivities` VALUES ('10', '10', '1');
INSERT INTO `localactivities` VALUES ('11', '11', '2');
INSERT INTO `localactivities` VALUES ('12', '12', '2');
INSERT INTO `localactivities` VALUES ('13', '13', '2');
INSERT INTO `localactivities` VALUES ('14', '14', '2');
INSERT INTO `localactivities` VALUES ('15', '15', '2');
INSERT INTO `localactivities` VALUES ('16', '16', '3');
INSERT INTO `localactivities` VALUES ('17', '17', '3');
INSERT INTO `localactivities` VALUES ('18', '18', '3');
INSERT INTO `localactivities` VALUES ('19', '19', '3');
INSERT INTO `localactivities` VALUES ('20', '20', '3');
INSERT INTO `localactivities` VALUES ('21', '21', '3');
INSERT INTO `localactivities` VALUES ('22', '22', '3');
INSERT INTO `localactivities` VALUES ('23', '23', '3');
INSERT INTO `localactivities` VALUES ('24', '24', '3');
INSERT INTO `localactivities` VALUES ('25', '25', '3');
INSERT INTO `localactivities` VALUES ('26', '26', '4');
INSERT INTO `localactivities` VALUES ('27', '27', '4');
INSERT INTO `localactivities` VALUES ('28', '28', '4');
INSERT INTO `localactivities` VALUES ('29', '29', '4');
INSERT INTO `localactivities` VALUES ('30', '30', '4');
INSERT INTO `localactivities` VALUES ('31', '31', '5');
INSERT INTO `localactivities` VALUES ('32', '32', '5');
INSERT INTO `localactivities` VALUES ('33', '33', '5');
INSERT INTO `localactivities` VALUES ('34', '34', '5');
INSERT INTO `localactivities` VALUES ('35', '35', '5');
INSERT INTO `localactivities` VALUES ('36', '36', '6');
INSERT INTO `localactivities` VALUES ('37', '37', '6');
INSERT INTO `localactivities` VALUES ('38', '38', '6');
INSERT INTO `localactivities` VALUES ('39', '39', '6');
INSERT INTO `localactivities` VALUES ('40', '40', '6');
INSERT INTO `localactivities` VALUES ('41', '41', '6');
INSERT INTO `localactivities` VALUES ('42', '42', '6');
INSERT INTO `localactivities` VALUES ('43', '43', '6');
INSERT INTO `localactivities` VALUES ('44', '44', '6');
INSERT INTO `localactivities` VALUES ('45', '45', '6');
INSERT INTO `localactivities` VALUES ('46', '46', '6');
INSERT INTO `localactivities` VALUES ('47', '47', '6');
INSERT INTO `localactivities` VALUES ('48', '48', '6');
INSERT INTO `localactivities` VALUES ('49', '49', '7');
INSERT INTO `localactivities` VALUES ('50', '50', '7');
INSERT INTO `localactivities` VALUES ('51', '51', '7');
INSERT INTO `localactivities` VALUES ('52', '52', '7');
INSERT INTO `localactivities` VALUES ('53', '53', '7');
INSERT INTO `localactivities` VALUES ('54', '54', '7');
INSERT INTO `localactivities` VALUES ('55', '55', '7');
INSERT INTO `localactivities` VALUES ('56', '56', '7');
INSERT INTO `localactivities` VALUES ('57', '57', '7');
INSERT INTO `localactivities` VALUES ('58', '58', '7');
INSERT INTO `localactivities` VALUES ('59', '59', '7');
INSERT INTO `localactivities` VALUES ('60', '60', '8');
INSERT INTO `localactivities` VALUES ('61', '61', '8');
INSERT INTO `localactivities` VALUES ('62', '62', '8');
INSERT INTO `localactivities` VALUES ('63', '63', '8');
INSERT INTO `localactivities` VALUES ('64', '64', '9');
INSERT INTO `localactivities` VALUES ('65', '65', '9');
INSERT INTO `localactivities` VALUES ('66', '66', '10');
INSERT INTO `localactivities` VALUES ('67', '67', '10');
INSERT INTO `localactivities` VALUES ('68', '68', '11');
INSERT INTO `localactivities` VALUES ('69', '69', '11');
INSERT INTO `localactivities` VALUES ('70', '70', '11');
INSERT INTO `localactivities` VALUES ('71', '71', '11');
INSERT INTO `localactivities` VALUES ('72', '72', '11');
INSERT INTO `localactivities` VALUES ('73', '73', '12');
INSERT INTO `localactivities` VALUES ('74', '74', '12');
INSERT INTO `localactivities` VALUES ('75', '75', '12');
INSERT INTO `localactivities` VALUES ('76', '76', '13');
INSERT INTO `localactivities` VALUES ('77', '77', '13');
INSERT INTO `localactivities` VALUES ('78', '78', '13');
INSERT INTO `localactivities` VALUES ('79', '79', '13');
INSERT INTO `localactivities` VALUES ('80', '80', '13');
INSERT INTO `localactivities` VALUES ('81', '81', '13');
INSERT INTO `localactivities` VALUES ('82', '82', '13');
INSERT INTO `localactivities` VALUES ('83', '83', '13');
INSERT INTO `localactivities` VALUES ('84', '84', '13');
INSERT INTO `localactivities` VALUES ('85', '85', '14');
INSERT INTO `localactivities` VALUES ('86', '86', '14');
INSERT INTO `localactivities` VALUES ('87', '87', '14');
INSERT INTO `localactivities` VALUES ('88', '88', '14');
INSERT INTO `localactivities` VALUES ('89', '89', '14');
INSERT INTO `localactivities` VALUES ('90', '90', '14');
INSERT INTO `localactivities` VALUES ('91', '91', '14');
INSERT INTO `localactivities` VALUES ('92', '92', '15');
INSERT INTO `localactivities` VALUES ('93', '93', '15');
INSERT INTO `localactivities` VALUES ('94', '94', '15');
INSERT INTO `localactivities` VALUES ('95', '95', '15');
INSERT INTO `localactivities` VALUES ('96', '96', '15');
INSERT INTO `localactivities` VALUES ('97', '97', '15');
INSERT INTO `localactivities` VALUES ('98', '98', '15');
INSERT INTO `localactivities` VALUES ('99', '99', '16');
INSERT INTO `localactivities` VALUES ('100', '100', '16');
INSERT INTO `localactivities` VALUES ('101', '101', '17');
INSERT INTO `localactivities` VALUES ('102', '102', '18');
INSERT INTO `localactivities` VALUES ('103', '103', '19');
INSERT INTO `localactivities` VALUES ('104', '104', '19');
INSERT INTO `localactivities` VALUES ('105', '105', '20');
INSERT INTO `localactivities` VALUES ('106', '106', '20');
INSERT INTO `localactivities` VALUES ('107', '107', '20');
INSERT INTO `localactivities` VALUES ('108', '108', '20');
INSERT INTO `localactivities` VALUES ('109', '109', '21');
INSERT INTO `localactivities` VALUES ('110', '110', '22');
INSERT INTO `localactivities` VALUES ('111', '111', '22');
INSERT INTO `localactivities` VALUES ('112', '112', '22');
INSERT INTO `localactivities` VALUES ('113', '113', '22');
INSERT INTO `localactivities` VALUES ('114', '114', '22');
INSERT INTO `localactivities` VALUES ('115', '115', '22');
INSERT INTO `localactivities` VALUES ('116', '116', '22');
INSERT INTO `localactivities` VALUES ('117', '117', '22');

-- ----------------------------
-- Table structure for localdishes
-- ----------------------------
DROP TABLE IF EXISTS `localdishes`;
CREATE TABLE `localdishes` (
  `localdish_id` int(11) NOT NULL AUTO_INCREMENT,
  `localdish_mota` text CHARACTER SET utf8,
  `restaurant_id` int(11) NOT NULL,
  `dish_id` int(11) NOT NULL,
  `localdish_trangthai` tinyint(1) NOT NULL,
  PRIMARY KEY (`localdish_id`),
  KEY `nhahang_monan_diadiemfk` (`restaurant_id`),
  KEY `nhahang_monan_monanfk` (`dish_id`),
  CONSTRAINT `dish_detail` FOREIGN KEY (`dish_id`) REFERENCES `dishes` (`dish_id`),
  CONSTRAINT `restaurant_idfk2` FOREIGN KEY (`restaurant_id`) REFERENCES `restaurants` (`restaurant_id`)
) ENGINE=InnoDB AUTO_INCREMENT=82 DEFAULT CHARSET=latin1;

-- ----------------------------
-- Records of localdishes
-- ----------------------------
INSERT INTO `localdishes` VALUES ('1', '', '1', '1', '1');
INSERT INTO `localdishes` VALUES ('2', '', '1', '2', '1');
INSERT INTO `localdishes` VALUES ('3', '', '3', '3', '1');
INSERT INTO `localdishes` VALUES ('4', '', '3', '4', '1');
INSERT INTO `localdishes` VALUES ('5', '', '5', '5', '1');
INSERT INTO `localdishes` VALUES ('6', '', '5', '6', '1');
INSERT INTO `localdishes` VALUES ('7', '', '6', '7', '1');
INSERT INTO `localdishes` VALUES ('8', '', '6', '8', '1');
INSERT INTO `localdishes` VALUES ('9', '', '7', '6', '1');
INSERT INTO `localdishes` VALUES ('10', '', '8', '9', '1');
INSERT INTO `localdishes` VALUES ('11', '', '8', '10', '1');
INSERT INTO `localdishes` VALUES ('12', '', '8', '11', '1');
INSERT INTO `localdishes` VALUES ('13', '', '8', '12', '1');
INSERT INTO `localdishes` VALUES ('14', '', '9', '13', '1');
INSERT INTO `localdishes` VALUES ('15', '', '9', '14', '1');
INSERT INTO `localdishes` VALUES ('16', '', '10', '11', '1');
INSERT INTO `localdishes` VALUES ('17', '', '10', '14', '1');
INSERT INTO `localdishes` VALUES ('18', '', '11', '15', '1');
INSERT INTO `localdishes` VALUES ('19', '', '12', '16', '1');
INSERT INTO `localdishes` VALUES ('20', '', '13', '17', '1');
INSERT INTO `localdishes` VALUES ('21', '', '13', '18', '1');
INSERT INTO `localdishes` VALUES ('22', '', '14', '15', '1');
INSERT INTO `localdishes` VALUES ('23', '', '15', '15', '1');
INSERT INTO `localdishes` VALUES ('24', '', '16', '6', '1');
INSERT INTO `localdishes` VALUES ('25', '', '16', '15', '1');
INSERT INTO `localdishes` VALUES ('26', '', '17', '15', '1');
INSERT INTO `localdishes` VALUES ('27', '', '18', '19', '1');
INSERT INTO `localdishes` VALUES ('28', '', '18', '20', '1');
INSERT INTO `localdishes` VALUES ('29', '', '21', '8', '1');
INSERT INTO `localdishes` VALUES ('30', '', '22', '21', '1');
INSERT INTO `localdishes` VALUES ('31', '', '22', '22', '1');
INSERT INTO `localdishes` VALUES ('32', '', '23', '23', '1');
INSERT INTO `localdishes` VALUES ('33', '', '23', '24', '1');
INSERT INTO `localdishes` VALUES ('34', '', '24', '25', '1');
INSERT INTO `localdishes` VALUES ('35', '', '24', '26', '1');
INSERT INTO `localdishes` VALUES ('36', '', '24', '27', '1');
INSERT INTO `localdishes` VALUES ('37', '', '24', '28', '1');
INSERT INTO `localdishes` VALUES ('38', '', '24', '29', '1');
INSERT INTO `localdishes` VALUES ('39', '', '24', '61', '1');
INSERT INTO `localdishes` VALUES ('40', '', '25', '28', '1');
INSERT INTO `localdishes` VALUES ('41', '', '26', '30', '1');
INSERT INTO `localdishes` VALUES ('42', '', '27', '25', '1');
INSERT INTO `localdishes` VALUES ('43', '', '27', '28', '1');
INSERT INTO `localdishes` VALUES ('44', '', '27', '31', '1');
INSERT INTO `localdishes` VALUES ('45', '', '27', '32', '1');
INSERT INTO `localdishes` VALUES ('46', '', '27', '33', '1');
INSERT INTO `localdishes` VALUES ('47', '', '27', '34', '1');
INSERT INTO `localdishes` VALUES ('48', '', '28', '35', '1');
INSERT INTO `localdishes` VALUES ('49', '', '28', '62', '1');
INSERT INTO `localdishes` VALUES ('50', '', '29', '36', '1');
INSERT INTO `localdishes` VALUES ('51', '', '29', '37', '1');
INSERT INTO `localdishes` VALUES ('52', '', '29', '38', '1');
INSERT INTO `localdishes` VALUES ('53', '', '30', '6', '1');
INSERT INTO `localdishes` VALUES ('54', '', '30', '8', '1');
INSERT INTO `localdishes` VALUES ('55', '', '31', '6', '1');
INSERT INTO `localdishes` VALUES ('56', '', '32', '39', '1');
INSERT INTO `localdishes` VALUES ('57', '', '32', '40', '1');
INSERT INTO `localdishes` VALUES ('58', '', '33', '6', '1');
INSERT INTO `localdishes` VALUES ('59', '', '34', '41', '1');
INSERT INTO `localdishes` VALUES ('60', '', '35', '6', '1');
INSERT INTO `localdishes` VALUES ('61', '', '36', '42', '1');
INSERT INTO `localdishes` VALUES ('62', '', '37', '6', '1');
INSERT INTO `localdishes` VALUES ('63', '', '38', '6', '1');
INSERT INTO `localdishes` VALUES ('64', '', '39', '6', '1');
INSERT INTO `localdishes` VALUES ('65', '', '40', '43', '1');
INSERT INTO `localdishes` VALUES ('66', '', '41', '44', '1');
INSERT INTO `localdishes` VALUES ('67', '', '42', '45', '1');
INSERT INTO `localdishes` VALUES ('68', '', '42', '46', '1');
INSERT INTO `localdishes` VALUES ('69', '', '43', '47', '1');
INSERT INTO `localdishes` VALUES ('70', '', '44', '48', '1');
INSERT INTO `localdishes` VALUES ('71', '', '44', '49', '1');
INSERT INTO `localdishes` VALUES ('72', '', '44', '50', '1');
INSERT INTO `localdishes` VALUES ('73', '', '44', '51', '1');
INSERT INTO `localdishes` VALUES ('74', '', '45', '47', '1');
INSERT INTO `localdishes` VALUES ('75', '', '46', '52', '1');
INSERT INTO `localdishes` VALUES ('76', '', '46', '53', '1');
INSERT INTO `localdishes` VALUES ('77', '', '46', '54', '1');
INSERT INTO `localdishes` VALUES ('78', '', '47', '47', '1');
INSERT INTO `localdishes` VALUES ('79', '', '48', '47', '1');
INSERT INTO `localdishes` VALUES ('80', '', '49', '55', '1');
INSERT INTO `localdishes` VALUES ('81', '', '49', '56', '1');

-- ----------------------------
-- Table structure for localfoods
-- ----------------------------
DROP TABLE IF EXISTS `localfoods`;
CREATE TABLE `localfoods` (
  `localfood_id` int(11) NOT NULL AUTO_INCREMENT,
  `place_id` int(11) NOT NULL,
  `food_id` int(11) NOT NULL,
  PRIMARY KEY (`localfood_id`),
  KEY `nhahang_monan_diadiemfk` (`place_id`),
  KEY `nhahang_monan_monanfk` (`food_id`),
  CONSTRAINT `nhahang_monan_diadiemfk` FOREIGN KEY (`place_id`) REFERENCES `places` (`place_id`),
  CONSTRAINT `nhahanh_chitiet` FOREIGN KEY (`food_id`) REFERENCES `foods` (`food_id`)
) ENGINE=InnoDB AUTO_INCREMENT=165 DEFAULT CHARSET=latin1;

-- ----------------------------
-- Records of localfoods
-- ----------------------------
INSERT INTO `localfoods` VALUES ('1', '1', '1');
INSERT INTO `localfoods` VALUES ('2', '1', '2');
INSERT INTO `localfoods` VALUES ('3', '1', '3');
INSERT INTO `localfoods` VALUES ('4', '1', '4');
INSERT INTO `localfoods` VALUES ('5', '1', '5');
INSERT INTO `localfoods` VALUES ('6', '1', '6');
INSERT INTO `localfoods` VALUES ('7', '1', '7');
INSERT INTO `localfoods` VALUES ('8', '1', '8');
INSERT INTO `localfoods` VALUES ('9', '1', '9');
INSERT INTO `localfoods` VALUES ('10', '1', '10');
INSERT INTO `localfoods` VALUES ('11', '2', '11');
INSERT INTO `localfoods` VALUES ('12', '2', '12');
INSERT INTO `localfoods` VALUES ('13', '2', '13');
INSERT INTO `localfoods` VALUES ('14', '2', '14');
INSERT INTO `localfoods` VALUES ('15', '2', '15');
INSERT INTO `localfoods` VALUES ('16', '2', '16');
INSERT INTO `localfoods` VALUES ('17', '2', '17');
INSERT INTO `localfoods` VALUES ('18', '2', '18');
INSERT INTO `localfoods` VALUES ('19', '2', '19');
INSERT INTO `localfoods` VALUES ('20', '2', '20');
INSERT INTO `localfoods` VALUES ('21', '3', '21');
INSERT INTO `localfoods` VALUES ('22', '3', '22');
INSERT INTO `localfoods` VALUES ('23', '3', '23');
INSERT INTO `localfoods` VALUES ('24', '3', '24');
INSERT INTO `localfoods` VALUES ('25', '3', '25');
INSERT INTO `localfoods` VALUES ('26', '3', '26');
INSERT INTO `localfoods` VALUES ('27', '3', '27');
INSERT INTO `localfoods` VALUES ('28', '3', '28');
INSERT INTO `localfoods` VALUES ('29', '3', '29');
INSERT INTO `localfoods` VALUES ('30', '3', '30');
INSERT INTO `localfoods` VALUES ('31', '4', '31');
INSERT INTO `localfoods` VALUES ('32', '4', '32');
INSERT INTO `localfoods` VALUES ('33', '4', '33');
INSERT INTO `localfoods` VALUES ('34', '4', '34');
INSERT INTO `localfoods` VALUES ('35', '4', '35');
INSERT INTO `localfoods` VALUES ('36', '4', '36');
INSERT INTO `localfoods` VALUES ('37', '4', '37');
INSERT INTO `localfoods` VALUES ('38', '4', '38');
INSERT INTO `localfoods` VALUES ('39', '4', '39');
INSERT INTO `localfoods` VALUES ('40', '4', '40');
INSERT INTO `localfoods` VALUES ('41', '5', '41');
INSERT INTO `localfoods` VALUES ('42', '5', '42');
INSERT INTO `localfoods` VALUES ('43', '5', '43');
INSERT INTO `localfoods` VALUES ('44', '5', '44');
INSERT INTO `localfoods` VALUES ('45', '5', '45');
INSERT INTO `localfoods` VALUES ('46', '5', '46');
INSERT INTO `localfoods` VALUES ('47', '5', '47');
INSERT INTO `localfoods` VALUES ('48', '5', '48');
INSERT INTO `localfoods` VALUES ('49', '5', '49');
INSERT INTO `localfoods` VALUES ('50', '6', '50');
INSERT INTO `localfoods` VALUES ('51', '6', '51');
INSERT INTO `localfoods` VALUES ('52', '6', '52');
INSERT INTO `localfoods` VALUES ('53', '6', '53');
INSERT INTO `localfoods` VALUES ('54', '6', '54');
INSERT INTO `localfoods` VALUES ('55', '6', '55');
INSERT INTO `localfoods` VALUES ('56', '6', '56');
INSERT INTO `localfoods` VALUES ('57', '7', '57');
INSERT INTO `localfoods` VALUES ('58', '7', '58');
INSERT INTO `localfoods` VALUES ('59', '7', '59');
INSERT INTO `localfoods` VALUES ('60', '7', '60');
INSERT INTO `localfoods` VALUES ('61', '7', '61');
INSERT INTO `localfoods` VALUES ('62', '7', '62');
INSERT INTO `localfoods` VALUES ('63', '7', '63');
INSERT INTO `localfoods` VALUES ('64', '7', '64');
INSERT INTO `localfoods` VALUES ('65', '8', '65');
INSERT INTO `localfoods` VALUES ('66', '8', '66');
INSERT INTO `localfoods` VALUES ('67', '8', '67');
INSERT INTO `localfoods` VALUES ('68', '8', '68');
INSERT INTO `localfoods` VALUES ('69', '8', '69');
INSERT INTO `localfoods` VALUES ('70', '8', '70');
INSERT INTO `localfoods` VALUES ('71', '8', '71');
INSERT INTO `localfoods` VALUES ('72', '9', '72');
INSERT INTO `localfoods` VALUES ('73', '9', '73');
INSERT INTO `localfoods` VALUES ('74', '9', '74');
INSERT INTO `localfoods` VALUES ('75', '9', '75');
INSERT INTO `localfoods` VALUES ('76', '9', '76');
INSERT INTO `localfoods` VALUES ('77', '9', '77');
INSERT INTO `localfoods` VALUES ('78', '9', '78');
INSERT INTO `localfoods` VALUES ('79', '9', '79');
INSERT INTO `localfoods` VALUES ('80', '9', '80');
INSERT INTO `localfoods` VALUES ('81', '9', '81');
INSERT INTO `localfoods` VALUES ('82', '10', '82');
INSERT INTO `localfoods` VALUES ('83', '10', '83');
INSERT INTO `localfoods` VALUES ('84', '10', '84');
INSERT INTO `localfoods` VALUES ('85', '10', '85');
INSERT INTO `localfoods` VALUES ('86', '10', '86');
INSERT INTO `localfoods` VALUES ('87', '10', '87');
INSERT INTO `localfoods` VALUES ('88', '10', '88');
INSERT INTO `localfoods` VALUES ('89', '10', '89');
INSERT INTO `localfoods` VALUES ('90', '10', '90');
INSERT INTO `localfoods` VALUES ('91', '10', '91');
INSERT INTO `localfoods` VALUES ('92', '11', '92');
INSERT INTO `localfoods` VALUES ('93', '11', '93');
INSERT INTO `localfoods` VALUES ('94', '11', '94');
INSERT INTO `localfoods` VALUES ('95', '11', '95');
INSERT INTO `localfoods` VALUES ('96', '11', '96');
INSERT INTO `localfoods` VALUES ('97', '12', '97');
INSERT INTO `localfoods` VALUES ('98', '12', '98');
INSERT INTO `localfoods` VALUES ('99', '12', '99');
INSERT INTO `localfoods` VALUES ('100', '12', '137');
INSERT INTO `localfoods` VALUES ('101', '12', '100');
INSERT INTO `localfoods` VALUES ('102', '12', '101');
INSERT INTO `localfoods` VALUES ('103', '12', '141');
INSERT INTO `localfoods` VALUES ('104', '12', '102');
INSERT INTO `localfoods` VALUES ('105', '12', '103');
INSERT INTO `localfoods` VALUES ('106', '12', '104');
INSERT INTO `localfoods` VALUES ('107', '13', '105');
INSERT INTO `localfoods` VALUES ('108', '13', '109');
INSERT INTO `localfoods` VALUES ('109', '13', '106');
INSERT INTO `localfoods` VALUES ('110', '13', '107');
INSERT INTO `localfoods` VALUES ('111', '13', '108');
INSERT INTO `localfoods` VALUES ('112', '13', '109');
INSERT INTO `localfoods` VALUES ('113', '13', '110');
INSERT INTO `localfoods` VALUES ('114', '14', '111');
INSERT INTO `localfoods` VALUES ('115', '14', '112');
INSERT INTO `localfoods` VALUES ('116', '14', '113');
INSERT INTO `localfoods` VALUES ('117', '14', '114');
INSERT INTO `localfoods` VALUES ('118', '14', '115');
INSERT INTO `localfoods` VALUES ('119', '14', '116');
INSERT INTO `localfoods` VALUES ('120', '14', '117');
INSERT INTO `localfoods` VALUES ('121', '14', '118');
INSERT INTO `localfoods` VALUES ('122', '14', '119');
INSERT INTO `localfoods` VALUES ('123', '14', '120');
INSERT INTO `localfoods` VALUES ('124', '15', '121');
INSERT INTO `localfoods` VALUES ('125', '15', '122');
INSERT INTO `localfoods` VALUES ('126', '15', '123');
INSERT INTO `localfoods` VALUES ('127', '15', '124');
INSERT INTO `localfoods` VALUES ('128', '15', '125');
INSERT INTO `localfoods` VALUES ('129', '15', '126');
INSERT INTO `localfoods` VALUES ('130', '15', '127');
INSERT INTO `localfoods` VALUES ('131', '15', '128');
INSERT INTO `localfoods` VALUES ('132', '16', '129');
INSERT INTO `localfoods` VALUES ('144', '16', '130');
INSERT INTO `localfoods` VALUES ('145', '16', '131');
INSERT INTO `localfoods` VALUES ('146', '16', '132');
INSERT INTO `localfoods` VALUES ('147', '16', '133');
INSERT INTO `localfoods` VALUES ('148', '17', '137');
INSERT INTO `localfoods` VALUES ('149', '18', '137');
INSERT INTO `localfoods` VALUES ('150', '19', '134');
INSERT INTO `localfoods` VALUES ('151', '19', '135');
INSERT INTO `localfoods` VALUES ('152', '19', '136');
INSERT INTO `localfoods` VALUES ('153', '20', '137');
INSERT INTO `localfoods` VALUES ('154', '21', '138');
INSERT INTO `localfoods` VALUES ('155', '22', '139');
INSERT INTO `localfoods` VALUES ('156', '22', '140');
INSERT INTO `localfoods` VALUES ('157', '22', '141');
INSERT INTO `localfoods` VALUES ('158', '22', '142');
INSERT INTO `localfoods` VALUES ('159', '22', '143');
INSERT INTO `localfoods` VALUES ('160', '22', '144');
INSERT INTO `localfoods` VALUES ('161', '22', '145');
INSERT INTO `localfoods` VALUES ('162', '22', '146');
INSERT INTO `localfoods` VALUES ('163', '22', '147');
INSERT INTO `localfoods` VALUES ('164', '22', '148');

-- ----------------------------
-- Table structure for localgifts
-- ----------------------------
DROP TABLE IF EXISTS `localgifts`;
CREATE TABLE `localgifts` (
  `localgift_id` int(11) NOT NULL AUTO_INCREMENT,
  `place_id` int(11) DEFAULT NULL,
  `gift_id` int(11) DEFAULT NULL,
  PRIMARY KEY (`localgift_id`),
  KEY `gift_place` (`place_id`),
  KEY `gift_detail` (`gift_id`),
  CONSTRAINT `gift_detail` FOREIGN KEY (`gift_id`) REFERENCES `gifts` (`gift_id`),
  CONSTRAINT `gift_place` FOREIGN KEY (`place_id`) REFERENCES `places` (`place_id`)
) ENGINE=InnoDB AUTO_INCREMENT=87 DEFAULT CHARSET=utf8;

-- ----------------------------
-- Records of localgifts
-- ----------------------------
INSERT INTO `localgifts` VALUES ('1', '1', '1');
INSERT INTO `localgifts` VALUES ('2', '1', '2');
INSERT INTO `localgifts` VALUES ('3', '1', '3');
INSERT INTO `localgifts` VALUES ('4', '1', '4');
INSERT INTO `localgifts` VALUES ('5', '1', '5');
INSERT INTO `localgifts` VALUES ('6', '1', '6');
INSERT INTO `localgifts` VALUES ('7', '1', '7');
INSERT INTO `localgifts` VALUES ('8', '1', '8');
INSERT INTO `localgifts` VALUES ('9', '1', '9');
INSERT INTO `localgifts` VALUES ('10', '1', '10');
INSERT INTO `localgifts` VALUES ('11', '2', '11');
INSERT INTO `localgifts` VALUES ('12', '2', '12');
INSERT INTO `localgifts` VALUES ('13', '2', '13');
INSERT INTO `localgifts` VALUES ('14', '3', '14');
INSERT INTO `localgifts` VALUES ('15', '3', '15');
INSERT INTO `localgifts` VALUES ('16', '3', '16');
INSERT INTO `localgifts` VALUES ('17', '3', '17');
INSERT INTO `localgifts` VALUES ('18', '3', '18');
INSERT INTO `localgifts` VALUES ('19', '3', '19');
INSERT INTO `localgifts` VALUES ('20', '3', '20');
INSERT INTO `localgifts` VALUES ('21', '4', '21');
INSERT INTO `localgifts` VALUES ('22', '4', '22');
INSERT INTO `localgifts` VALUES ('23', '4', '23');
INSERT INTO `localgifts` VALUES ('24', '4', '24');
INSERT INTO `localgifts` VALUES ('25', '4', '25');
INSERT INTO `localgifts` VALUES ('26', '5', '26');
INSERT INTO `localgifts` VALUES ('27', '5', '27');
INSERT INTO `localgifts` VALUES ('28', '5', '28');
INSERT INTO `localgifts` VALUES ('29', '5', '29');
INSERT INTO `localgifts` VALUES ('30', '5', '30');
INSERT INTO `localgifts` VALUES ('31', '5', '31');
INSERT INTO `localgifts` VALUES ('32', '5', '32');
INSERT INTO `localgifts` VALUES ('33', '5', '33');
INSERT INTO `localgifts` VALUES ('34', '5', '34');
INSERT INTO `localgifts` VALUES ('35', '6', '35');
INSERT INTO `localgifts` VALUES ('36', '7', '36');
INSERT INTO `localgifts` VALUES ('37', '7', '37');
INSERT INTO `localgifts` VALUES ('38', '7', '38');
INSERT INTO `localgifts` VALUES ('39', '7', '39');
INSERT INTO `localgifts` VALUES ('40', '8', '40');
INSERT INTO `localgifts` VALUES ('41', '8', '41');
INSERT INTO `localgifts` VALUES ('42', '8', '42');
INSERT INTO `localgifts` VALUES ('43', '8', '43');
INSERT INTO `localgifts` VALUES ('44', '8', '44');
INSERT INTO `localgifts` VALUES ('45', '11', '45');
INSERT INTO `localgifts` VALUES ('46', '11', '46');
INSERT INTO `localgifts` VALUES ('47', '11', '47');
INSERT INTO `localgifts` VALUES ('48', '11', '48');
INSERT INTO `localgifts` VALUES ('49', '11', '49');
INSERT INTO `localgifts` VALUES ('50', '11', '50');
INSERT INTO `localgifts` VALUES ('51', '12', '51');
INSERT INTO `localgifts` VALUES ('52', '12', '52');
INSERT INTO `localgifts` VALUES ('53', '12', '53');
INSERT INTO `localgifts` VALUES ('54', '12', '54');
INSERT INTO `localgifts` VALUES ('55', '12', '55');
INSERT INTO `localgifts` VALUES ('56', '12', '56');
INSERT INTO `localgifts` VALUES ('57', '12', '57');
INSERT INTO `localgifts` VALUES ('58', '13', '58');
INSERT INTO `localgifts` VALUES ('59', '13', '59');
INSERT INTO `localgifts` VALUES ('60', '13', '60');
INSERT INTO `localgifts` VALUES ('61', '13', '61');
INSERT INTO `localgifts` VALUES ('62', '14', '62');
INSERT INTO `localgifts` VALUES ('63', '14', '63');
INSERT INTO `localgifts` VALUES ('64', '14', '64');
INSERT INTO `localgifts` VALUES ('65', '14', '65');
INSERT INTO `localgifts` VALUES ('66', '14', '66');
INSERT INTO `localgifts` VALUES ('67', '14', '56');
INSERT INTO `localgifts` VALUES ('68', '14', '67');
INSERT INTO `localgifts` VALUES ('69', '15', '68');
INSERT INTO `localgifts` VALUES ('70', '16', '69');
INSERT INTO `localgifts` VALUES ('71', '16', '70');
INSERT INTO `localgifts` VALUES ('72', '16', '71');
INSERT INTO `localgifts` VALUES ('73', '16', '72');
INSERT INTO `localgifts` VALUES ('74', '17', '57');
INSERT INTO `localgifts` VALUES ('75', '18', '57');
INSERT INTO `localgifts` VALUES ('76', '19', '61');
INSERT INTO `localgifts` VALUES ('77', '20', '57');
INSERT INTO `localgifts` VALUES ('78', '21', '57');
INSERT INTO `localgifts` VALUES ('79', '22', '73');
INSERT INTO `localgifts` VALUES ('80', '22', '74');
INSERT INTO `localgifts` VALUES ('81', '22', '75');
INSERT INTO `localgifts` VALUES ('82', '22', '76');
INSERT INTO `localgifts` VALUES ('83', '22', '77');
INSERT INTO `localgifts` VALUES ('84', '22', '78');
INSERT INTO `localgifts` VALUES ('85', '22', '79');
INSERT INTO `localgifts` VALUES ('86', '22', '80');

-- ----------------------------
-- Table structure for months
-- ----------------------------
DROP TABLE IF EXISTS `months`;
CREATE TABLE `months` (
  `month_id` int(11) NOT NULL AUTO_INCREMENT,
  `month_thang` varchar(255) DEFAULT NULL,
  PRIMARY KEY (`month_id`)
) ENGINE=InnoDB AUTO_INCREMENT=25 DEFAULT CHARSET=utf8;

-- ----------------------------
-- Records of months
-- ----------------------------
INSERT INTO `months` VALUES ('1', 'Tháng Giêng');
INSERT INTO `months` VALUES ('2', 'Tháng Hai');
INSERT INTO `months` VALUES ('3', 'Tháng Ba');
INSERT INTO `months` VALUES ('4', 'Tháng Tư');
INSERT INTO `months` VALUES ('5', 'Tháng Năm');
INSERT INTO `months` VALUES ('6', 'Tháng Sáu');
INSERT INTO `months` VALUES ('7', 'Tháng Bảy');
INSERT INTO `months` VALUES ('8', 'Tháng Tám');
INSERT INTO `months` VALUES ('9', 'Tháng Chín');
INSERT INTO `months` VALUES ('10', 'Tháng Mười');
INSERT INTO `months` VALUES ('11', 'Tháng Mười Một');
INSERT INTO `months` VALUES ('12', 'Tháng Mười Hai');
INSERT INTO `months` VALUES ('13', 'Tháng Giêng (âm lịch)');
INSERT INTO `months` VALUES ('14', 'Tháng Hai (âm lịch)');
INSERT INTO `months` VALUES ('15', 'Tháng Ba (âm lịch)');
INSERT INTO `months` VALUES ('16', 'Tháng Tư (âm lịch)');
INSERT INTO `months` VALUES ('17', 'Tháng Năm (âm lịch)');
INSERT INTO `months` VALUES ('18', 'Tháng Sáu (âm lịch)');
INSERT INTO `months` VALUES ('19', 'Tháng Bảy (âm lịch)');
INSERT INTO `months` VALUES ('20', 'Tháng Tám (âm lịch)');
INSERT INTO `months` VALUES ('21', 'Tháng Chín (âm lịch)');
INSERT INTO `months` VALUES ('22', 'Tháng Mười (âm lịch)');
INSERT INTO `months` VALUES ('23', 'Tháng Mười Một (âm lịch)');
INSERT INTO `months` VALUES ('24', 'Tháng Mười Hai (âm lịch)');

-- ----------------------------
-- Table structure for nations
-- ----------------------------
DROP TABLE IF EXISTS `nations`;
CREATE TABLE `nations` (
  `nation_id` int(11) NOT NULL AUTO_INCREMENT,
  `nation_ten` varchar(255) NOT NULL,
  `continent_id` int(11) NOT NULL,
  `nation_trangthai` tinyint(1) NOT NULL,
  PRIMARY KEY (`nation_id`),
  KEY `chau_id` (`continent_id`),
  CONSTRAINT `chau_idfk1` FOREIGN KEY (`continent_id`) REFERENCES `continents` (`continent_id`)
) ENGINE=InnoDB AUTO_INCREMENT=11 DEFAULT CHARSET=utf8 ROW_FORMAT=COMPACT;

-- ----------------------------
-- Records of nations
-- ----------------------------
INSERT INTO `nations` VALUES ('1', 'VIỆT NAM', '1', '0');
INSERT INTO `nations` VALUES ('2', 'THÁI LAN', '1', '0');
INSERT INTO `nations` VALUES ('3', 'TÂY BAN NHA', '2', '0');
INSERT INTO `nations` VALUES ('4', 'ĐỨC', '2', '0');
INSERT INTO `nations` VALUES ('5', 'CỘNG HÒA NAM PHI', '3', '0');
INSERT INTO `nations` VALUES ('6', 'NEGERIA', '3', '0');
INSERT INTO `nations` VALUES ('7', 'HOA KỲ', '4', '0');
INSERT INTO `nations` VALUES ('8', 'BRAZIL', '4', '0');
INSERT INTO `nations` VALUES ('9', 'GUAM', '5', '0');
INSERT INTO `nations` VALUES ('10', 'NAURU', '5', '0');

-- ----------------------------
-- Table structure for places
-- ----------------------------
DROP TABLE IF EXISTS `places`;
CREATE TABLE `places` (
  `place_id` int(11) NOT NULL AUTO_INCREMENT,
  `place_ten` varchar(255) NOT NULL,
  `province_id` int(11) DEFAULT NULL,
  `place_thongtin` text NOT NULL,
  `place_hinhanh` varchar(255) CHARACTER SET latin1 NOT NULL,
  `place_trangthai` tinyint(1) DEFAULT NULL,
  `place_ngaytao` timestamp NULL DEFAULT NULL ON UPDATE CURRENT_TIMESTAMP,
  `place_review` int(11) DEFAULT NULL,
  PRIMARY KEY (`place_id`),
  KEY `tinh_idfk3` (`province_id`),
  CONSTRAINT `povincefk` FOREIGN KEY (`province_id`) REFERENCES `provinces` (`province_id`)
) ENGINE=InnoDB AUTO_INCREMENT=26 DEFAULT CHARSET=utf8;

-- ----------------------------
-- Records of places
-- ----------------------------
INSERT INTO `places` VALUES ('1', 'BẾN TRE', '55', 'Bến Tre là một tỉnh thuộc vùng đồng bằng sông Cửu Long, tiếp giáp với biển Đông, có bờ biển dài 60 km. Phía bắc giáp Tiền Giang, phía tây và tây nam giáp Vĩnh Long, phía nam giáp Trà Vinh. Thị xã Bến Tre cách Thành phố Hồ Chí Minh 85 km.', 'createtour.jpg', '1', '2017-10-16 21:52:47', '265');
INSERT INTO `places` VALUES ('2', 'TÂY NINH', '45', 'Cách TP HCM chưa đầy 100 km và có thể đi về trong ngày, du lịch Tây Ninh là điểm đến thú vị cuối tuần cho các gia đình cũng như các bạn trẻ ưa khám phá.', 'ncbt.jpg', '1', '2017-10-15 01:30:34', '350');
INSERT INTO `places` VALUES ('3', 'SA PA', '8', 'Sa Pa với khí hậu mát mẻ quanh năm, là điểm nghỉ mát hấp dẫn dành cho những ai yêu thiên núi rừng và muốn trải nghiệm nét hoang sơ kỳ thú vùng Tây Bắc.', 'bnk3.jpg', '1', '2017-10-15 01:32:53', '153');
INSERT INTO `places` VALUES ('4', 'PHAN THIẾT', '46', 'Phan Thiết là thành phố biển, trung tâm kinh tế và văn hóa của tỉnh Bình Thuận. Với các địa danh nổi tiếng như Mũi Né và Mũi Kê Gà, Phan Thiết là điểm đến lý tưởng cho những người mê du lịch biển.', 'banner.jpg', '1', '2017-09-25 10:54:04', '456');
INSERT INTO `places` VALUES ('5', 'HUẾ', '3', 'Huế là một trong ba vùng du lịch lớn nhất của Việt nam. Đến với Huế bạn sẽ đến với một vùng danh lam thắng cảnh kì thú hữu tình, với con sông Hương quyến rũ, hiền hòa bên ngọn Ngự Bình hùng vĩ.', 'bg.jpg', '1', '2017-09-25 10:54:15', '451');
INSERT INTO `places` VALUES ('6', 'ĐÀ NẴNG', '4', 'Đà Nẵng là một thành phố thuộc trung ương từ năm 1997, nằm trong vùng Nam Trung Bộ, Việt Nam, là trung tâm lớn về kinh tế, chính trị, văn hoá, xã hội, giáo dục và đào tạo, khoa học và công nghệ, y tế chuyên sâu của khu vực miền Trung - Tây Nguyên và cả nước. Đà Nẵng là một trong 5 thành phố trực thuộc Trung ương ở Việt Nam, đô thị loại 1 trung tâm cấp quốc gia, cùng với Hải Phòng và Cần Thơ.', '09.jpg', '1', '2017-10-15 01:35:23', '134');
INSERT INTO `places` VALUES ('7', 'NINH BÌNH', '26', 'Ninh Bình là một tỉnh nằm ở cửa ngõ cực nam miền Bắc Việt Nam, thuộc khu vực đồng bằng sông Hồng dù chỉ có 2 huyện duyên hải là Yên Khánh và Kim Sơn có địa hình bằng phẳng. Quy hoạch xây dựng phát triển kinh tế xếp Ninh Bình vào vùng duyên hải Bắc Bộ. Vùng đất Ninh Bình xưa là kinh đô của Việt Nam giai đoạn 968 - 1010 với 3 triều đại Đinh, Tiền Lê, Tiền Lý và cũng là địa bàn quan trọng về quân sự qua các thời kỳ lịch sử. Với vị trí đặc biệt về giao thông, địa hình, lịch sử văn hóa đồng thời sở hữu 2 khu vực là di sản thế giới và khu dự trữ sinh quyển thế giới, Ninh Bình hiện là một trung tâm du lịch có tiềm năng phong phú và đa dạng. Năm 2015, Ninh Bình là tỉnh đầu tiên của đồng bằng sông Hồng có 2 thành phố trực thuộc tỉnh (Ninh Bình, Tam Điệp).', 'banner.jpg', '1', '2017-10-15 01:33:17', '236');
INSERT INTO `places` VALUES ('8', 'HÀ NỘI', '1', 'Hà Nội là thủ đô của nước Cộng hoà xã hội chủ nghĩa Việt Nam và cũng là kinh đô của hầu hết các vương triều phong kiến Việt trước đây. Do đó, lịch sử Hà Nội gắn liền với sự thăng trầm của lịch sử Việt Nam qua các thời kỳ. Hà Nội là thành phố lớn nhất Việt Nam về diện tích với 3328,9 km2 sau đợt mở rộng hành chính năm 2008, đồng thời cũng là địa phương đứng thứ nhì về dân số với 7.500.000 người (năm 2015). Hiện nay, thủ đô Hà Nội và thành phố Hồ Chí Minh là đô thị loại đặc biệt của Việt Nam.', 'banner.jpg', '1', '2017-10-15 01:35:43', '568');
INSERT INTO `places` VALUES ('9', 'TP.HCM', '2', 'Thành phố Hồ Chí Minh nghe  (vẫn còn phổ biến với tên gọi cũ là Sài Gòn) là thành phố lớn nhất Việt Nam, đồng thời cũng là một trong những trung tâm kinh tế và văn hóa, giáo dục quan trọng nhất của nước này. Hiện nay, thành phố Hồ Chí Minh là thành phố trực thuộc Trung ương được xếp loại đô thị loại đặc biệt của Việt Nam (cùng với thủ đô Hà Nội).', 'bnk3.jpg', '1', '2017-09-25 10:54:53', '325');
INSERT INTO `places` VALUES ('10', 'CÀ MAU', '60', 'Cà Mau là tỉnh ven biển ở cực nam của Việt Nam, nằm trong khu vực Đồng bằng sông Cửu Long. Cà Mau là một vùng đất trẻ, mới được khai phá khoảng trên 300 năm. Vùng đất Cà Mau ngày xưa được Mạc Cửu dẫn người Hoa đến khai phá. Sau khi Mạc Cửu dâng toàn đất này thần phục nhà Nguyễn, Mạc Thiên Tứ con của Mạc Cửu đã vâng lệnh triều đình chúa Nguyễn lập ra đạo Long Xuyên. Qua nhiều lần thay đổi về hành chính, mãi đến ngày 1 tháng 1 năm 1997, tỉnh Cà Mau được tái lập theo Nghị quyết của Quốc hội khóa IX, kỳ họp thứ 10. Ngày 6 tháng 11 năm 1996 về việc điều chỉnh địa giới hành chính, chia tách tỉnh Minh Hải thành tỉnh Cà Mau và tỉnh Bạc Liêu.', 'place3.jpg', '1', '2017-10-15 01:36:41', '13');
INSERT INTO `places` VALUES ('11', 'CẦN THƠ', '54', 'Cần Thơ là thành phố lớn, hiện đại và phát triển nhất ở Đồng bằng sông Cửu Long,\r\n đồng thời là một đô thị loại 1, thành phố trực thuộc Trung ương, nằm bên hữu ngạn của sông Hậu, thuộc vùng đồng bằng sông Cửu Long. Lớn thứ 2 ở miền Nam sau TP.Hồ Chí Minh.', 'float.jpg', '1', '2017-10-15 01:36:59', '0');
INSERT INTO `places` VALUES ('12', 'BÀ RỊA VŨNG TÀU', '51', 'à Rịa - Vũng Tàu là một tỉnh ven biển thuộc vùng Đông Nam Bộ Việt Nam. Nằm trong \nvùng kinh tế trọng điểm phía Nam, ở vị trí cửa ngõ ra biển Đông của các tỉnh trong khu vực miền Đông Nam Bộ, Bà Rịa - Vũng Tàu kết nối thuận lợi với thành phố Hồ Chí Minh và các địa phương khác bằng đường bộ, đường không, đường thủy và đường sắt.', 'createtour.jpg', '1', '2017-10-01 22:09:39', '0');
INSERT INTO `places` VALUES ('13', 'VỊNH HẠ LONG', '17', 'Vịnh Hạ Long (vịnh nơi rồng đáp xuống) là một vịnh nhỏ thuộc phần bờ tây vịnh Bắc Bộ tại khu vực biển Đông Bắc Việt Nam, bao gồm vùng biển đảo thuộc thành phố Hạ Long, thành phố Cẩm Phả và một phần huyện đảo Vân Đồn của tỉnh Quảng Ninh.', 'aboutus-dl.jpg', '1', '2017-10-15 01:37:27', '0');
INSERT INTO `places` VALUES ('14', 'PHÚ QUỐC', '53', 'Phú Quốc, còn được mệnh danh là Đảo Ngọc, là hòn đảo lớn nhất của Việt Nam, cũng là đảo lớn nhất trong quần thể 22 đảo tại đây, nằm trong vịnh Thái Lan. Đảo Phú Quốc cùng với các đảo khác tạo thành huyện đảo Phú Quốc trực thuộc tỉnh Kiên Giang. ', 'float.jpg', '1', '2017-10-01 22:09:32', '0');
INSERT INTO `places` VALUES ('15', 'ĐẢO NAM DU', '53', 'Quần đảo Nam Du là một quần đảo nằm về phía đông nam đảo Phú Quốc trong vịnh Thái Lan, cách bờ biển Rạch Giá 65 hải lý. Quần đảo nằm dưới sự quản lý của xã An Sơn và xã Nam Du thuộc huyện Kiên Hải, tỉnh Kiên Giang.', '05.jpg', '1', '2017-10-15 01:37:13', '0');
INSERT INTO `places` VALUES ('16', 'HÀ TIÊN', '53', 'Hà Tiên là thị xã nhỏ nằm ở phía tây bắc của tỉnh Kiên Giang (trước đây nằm trong huyện Hà Tiên thuộc tỉnh Rạch Giá và sau đó thuộc tỉnh Kiên Giang). Bắc giáp Campuchia với đường biên giới dài 13,7 km, Đông và Nam giáp huyện Kiên Lương, Tây giáp vịnh Thái Lan với đường bờ biển dài 26 km.', 'hue.jpg', '1', '2017-10-15 01:37:55', '0');
INSERT INTO `places` VALUES ('17', 'ĐẢO HẢI TẶC', '53', 'Quần đảo Hà Tiên nằm trong vịnh Thái Lan, ở về phía tây bắc của quần đảo Bà Lụa, cách bờ biển Hà Tiên và đất liền lần lượt là 11 hải lý (27,5 km) và 7 hải lý (18 km) về phía tây, cách đảo Phú Quốc 16 hải lý (40 km) về phía đông. Các đảo nằm gần nhau với độ cao dưới 100 mét, trong đó hòn Đốc (tức hòn Tre Lớn) là đảo lớn nhất. Tổng diện tích của quần đảo là 1.100 ha, rải ra trên vùng biển rộng 5 km và dài 7 km. Các đảo được cấu tạo chủ yếu từ đá phiến và cát kết Creta. Nước ngọt khá hiếm.', '05.jpg', '1', '2017-10-01 22:09:20', '0');
INSERT INTO `places` VALUES ('18', 'HÒN TRE', '53', 'Hòn Tre là một xã đảo thuộc huyện Kiên Hải, phía tây tỉnh Kiên Giang, Việt Nam. Đây là nơi đặt trụ sở hành chính của huyện Kiên Hải.', '09.jpg', '1', '2017-10-01 22:09:15', '0');
INSERT INTO `places` VALUES ('19', 'RẠCH GIÁ', '53', 'Rạch Giá là thành phố trực thuộc tỉnh Kiên Giang (trước đó là tỉnh Rạch Giá), đồng thời cũng là thành phố biển của Đồng bằng Sông Cửu Long. Rạch Giá có nhiều lợi thế về giao thông đường thủy, đường biển, đường bộ và đường hàng không nhằm kết nối với các trung tâm lớn trong nước và khu vực Đông Nam Á...', 'aboutus-dl.jpg', '1', '2017-10-01 22:09:11', '0');
INSERT INTO `places` VALUES ('20', 'ĐẢO BÀ LỤA', '53', 'Quần đảo Bà Lụa (thời Pháp thuộc gọi là cụm Bình Trị) là một quần đảo nằm dưới sự quản lý của xã Sơn Hải, huyện Kiên Lương, tỉnh Kiên Giang, Việt Nam. Trung tâm của quần đảo cách mũi Hòn Chông khoảng 6 km về phía tây. Nhóm đảo này còn được mệnh danh là \"Tiểu Hạ Long\" của phương Nam.', 'banner.jpg', '1', '2017-10-01 22:09:07', '0');
INSERT INTO `places` VALUES ('21', 'VƯỜN QUỐC GIA U MINH THƯỢNG', '53', 'Vườn quốc gia U Minh Thượng là một vườn quốc gia của Việt Nam, được nâng cấp từ khu bảo tồn thiên nhiên U Minh Thượng lên thành vườn quốc gia theo Quyết định số 11/2002/QĐ-TTG ngày 14 tháng 1 năm 2002 của Thủ tướng chính phủ Cộng hòa Xã hội chủ nghĩa Việt Nam.', 'bg.jpg', '1', '2017-10-01 22:09:03', '0');
INSERT INTO `places` VALUES ('22', 'ĐÀ LẠT', '41', 'Thành phố Đà Lạt là tỉnh lỵ của tỉnh Lâm Đồng, nằm trên cao nguyên Lâm Viên, thuộc vùng Tây Nguyên, Việt Nam. Từ xa xưa, vùng đất này vốn là địa bàn cư trú của những cư dân người Lạch, người Chil và người Srê thuộc dân tộc Cơ Ho. ', 'place2.jpg', '1', '2017-10-15 01:38:38', '1');
INSERT INTO `places` VALUES ('23', 'Tràm Chim', '54', 'Là nơi cư trú của nhiều loài chim quý hiếm, được Unesco công nhận là Di sản văn hóa ', '04.jpg', '1', '2017-10-15 15:19:01', '23');
INSERT INTO `places` VALUES ('25', 'Khu du lịch Xẻo Quýt', '49', 'Có nhiều món ăn dân dã mang đậm chất Nam bộ', 'hdv.png', null, null, null);

-- ----------------------------
-- Table structure for pricehotels
-- ----------------------------
DROP TABLE IF EXISTS `pricehotels`;
CREATE TABLE `pricehotels` (
  `pricehotel_id` int(11) NOT NULL AUTO_INCREMENT,
  `hotel_id` int(11) NOT NULL,
  `typeroom_id` int(11) NOT NULL,
  `pricehotel_gia` int(11) NOT NULL,
  `pricehotel_ghichu` varchar(255) CHARACTER SET utf8 DEFAULT NULL,
  `pricehotel_ngayapdung` date NOT NULL,
  `pricehotel_ngayketthuc` date DEFAULT NULL,
  `pricehotel_trangthai` tinyint(1) NOT NULL,
  PRIMARY KEY (`pricehotel_id`),
  KEY `loaiphong_idfk` (`typeroom_id`),
  KEY `khachsan_idfkk` (`hotel_id`),
  CONSTRAINT `khachsan_idfkk` FOREIGN KEY (`hotel_id`) REFERENCES `hotels` (`hotel_id`),
  CONSTRAINT `loaiphong_idfk` FOREIGN KEY (`typeroom_id`) REFERENCES `typerooms` (`typeroom_id`)
) ENGINE=InnoDB DEFAULT CHARSET=latin1;

-- ----------------------------
-- Records of pricehotels
-- ----------------------------

-- ----------------------------
-- Table structure for provinces
-- ----------------------------
DROP TABLE IF EXISTS `provinces`;
CREATE TABLE `provinces` (
  `province_id` int(11) NOT NULL AUTO_INCREMENT,
  `province_ten` varchar(255) NOT NULL,
  `nation_id` int(11) NOT NULL,
  `province_trangthai` tinyint(1) NOT NULL,
  PRIMARY KEY (`province_id`),
  KEY `quocgia_idfk2` (`nation_id`),
  CONSTRAINT `nationfk` FOREIGN KEY (`nation_id`) REFERENCES `nations` (`nation_id`)
) ENGINE=InnoDB AUTO_INCREMENT=64 DEFAULT CHARSET=utf8;

-- ----------------------------
-- Records of provinces
-- ----------------------------
INSERT INTO `provinces` VALUES ('1', 'HÀ NỘI', '1', '0');
INSERT INTO `provinces` VALUES ('2', 'HỒ CHÍ MINH', '1', '0');
INSERT INTO `provinces` VALUES ('3', 'HẢI PHÒNG', '1', '0');
INSERT INTO `provinces` VALUES ('4', 'ĐÀ NẴNG', '1', '0');
INSERT INTO `provinces` VALUES ('5', 'HÀ GIANG', '1', '0');
INSERT INTO `provinces` VALUES ('6', 'CAO BẰNG', '1', '0');
INSERT INTO `provinces` VALUES ('7', 'LAI CHÂU', '1', '0');
INSERT INTO `provinces` VALUES ('8', 'LÀO CAI', '1', '0');
INSERT INTO `provinces` VALUES ('9', 'TUYÊN QUANG', '1', '0');
INSERT INTO `provinces` VALUES ('10', 'LẠNG SƠN', '1', '0');
INSERT INTO `provinces` VALUES ('11', 'BẮC KẠN', '1', '0');
INSERT INTO `provinces` VALUES ('12', 'THÁI NGUYÊN', '1', '0');
INSERT INTO `provinces` VALUES ('13', 'YÊN BÁI', '1', '0');
INSERT INTO `provinces` VALUES ('14', 'SƠN LA', '1', '0');
INSERT INTO `provinces` VALUES ('15', 'PHÚ THỌ', '1', '0');
INSERT INTO `provinces` VALUES ('16', 'VĨNH PHÚC', '1', '0');
INSERT INTO `provinces` VALUES ('17', 'QUẢNG NINH', '1', '0');
INSERT INTO `provinces` VALUES ('18', 'BẮC GIANG', '1', '0');
INSERT INTO `provinces` VALUES ('19', 'BẮC NINH', '1', '0');
INSERT INTO `provinces` VALUES ('20', 'HẢI DƯƠNG', '1', '0');
INSERT INTO `provinces` VALUES ('21', 'HƯNG YÊN', '1', '0');
INSERT INTO `provinces` VALUES ('22', 'HOÀ BÌNH', '1', '0');
INSERT INTO `provinces` VALUES ('23', 'HÀ NAM', '1', '0');
INSERT INTO `provinces` VALUES ('24', 'NAM ĐỊNH', '1', '0');
INSERT INTO `provinces` VALUES ('25', 'THÁI BÌNH', '1', '0');
INSERT INTO `provinces` VALUES ('26', 'NINH BÌNH', '1', '0');
INSERT INTO `provinces` VALUES ('27', 'THANH HOÁ', '1', '0');
INSERT INTO `provinces` VALUES ('28', 'NGHỆ AN', '1', '0');
INSERT INTO `provinces` VALUES ('29', 'HÀ TĨNH', '1', '0');
INSERT INTO `provinces` VALUES ('30', 'QUẢNG BÌNH', '1', '0');
INSERT INTO `provinces` VALUES ('31', 'QUẢNG TRỊ', '1', '0');
INSERT INTO `provinces` VALUES ('32', 'THỪA THIÊN HUẾ', '1', '0');
INSERT INTO `provinces` VALUES ('33', 'QUẢNG NAM', '1', '0');
INSERT INTO `provinces` VALUES ('34', 'QUẢNG NGÃI', '1', '0');
INSERT INTO `provinces` VALUES ('35', 'KONTUM', '1', '0');
INSERT INTO `provinces` VALUES ('36', 'BÌNH ĐỊNH', '1', '0');
INSERT INTO `provinces` VALUES ('37', 'GIA LAI', '1', '0');
INSERT INTO `provinces` VALUES ('38', 'PHÚ YÊN', '1', '0');
INSERT INTO `provinces` VALUES ('39', 'ĐĂK LĂK', '1', '0');
INSERT INTO `provinces` VALUES ('40', 'KHÁNH HOÀ', '1', '0');
INSERT INTO `provinces` VALUES ('41', 'LÂM ĐỒNG', '1', '0');
INSERT INTO `provinces` VALUES ('42', 'BÌNH PHƯỚC', '1', '0');
INSERT INTO `provinces` VALUES ('43', 'BÌNH DƯƠNG', '1', '0');
INSERT INTO `provinces` VALUES ('44', 'NINH THUẬN', '1', '0');
INSERT INTO `provinces` VALUES ('45', 'TÂY NINH', '1', '0');
INSERT INTO `provinces` VALUES ('46', 'BÌNH THUẬN', '1', '0');
INSERT INTO `provinces` VALUES ('47', 'ĐỒNG NAI', '1', '0');
INSERT INTO `provinces` VALUES ('48', 'LONG AN', '1', '0');
INSERT INTO `provinces` VALUES ('49', 'ĐỒNG THÁP', '1', '0');
INSERT INTO `provinces` VALUES ('50', 'AN GIANG', '1', '0');
INSERT INTO `provinces` VALUES ('51', 'BÀ RỊA-VŨNG TÀU', '1', '0');
INSERT INTO `provinces` VALUES ('52', 'TIỀN GIANG', '1', '0');
INSERT INTO `provinces` VALUES ('53', 'KIÊN GIANG', '1', '0');
INSERT INTO `provinces` VALUES ('54', 'CẦN THƠ', '1', '0');
INSERT INTO `provinces` VALUES ('55', 'BẾN TRE', '1', '0');
INSERT INTO `provinces` VALUES ('56', 'VĨNH LONG', '1', '0');
INSERT INTO `provinces` VALUES ('57', 'TRÀ VINH', '1', '0');
INSERT INTO `provinces` VALUES ('58', 'SÓC TRĂNG', '1', '0');
INSERT INTO `provinces` VALUES ('59', 'BẠC LIÊU', '1', '0');
INSERT INTO `provinces` VALUES ('60', 'CÀ MAU', '1', '0');
INSERT INTO `provinces` VALUES ('61', 'ĐIỆN BIÊN', '1', '0');
INSERT INTO `provinces` VALUES ('62', 'DĂK NÔNG', '1', '0');
INSERT INTO `provinces` VALUES ('63', 'HẬU GIANG', '1', '0');

-- ----------------------------
-- Table structure for rentimages
-- ----------------------------
DROP TABLE IF EXISTS `rentimages`;
CREATE TABLE `rentimages` (
  `rentimage_id` int(11) NOT NULL AUTO_INCREMENT,
  `rantimage_hinhanh` varchar(255) CHARACTER SET latin1 DEFAULT NULL,
  `rentservice_id` int(11) DEFAULT NULL,
  PRIMARY KEY (`rentimage_id`),
  KEY `rent_image` (`rentservice_id`),
  CONSTRAINT `rent_image` FOREIGN KEY (`rentservice_id`) REFERENCES `rentservices` (`rentlservice_id`)
) ENGINE=InnoDB DEFAULT CHARSET=utf8;

-- ----------------------------
-- Records of rentimages
-- ----------------------------

-- ----------------------------
-- Table structure for rentservices
-- ----------------------------
DROP TABLE IF EXISTS `rentservices`;
CREATE TABLE `rentservices` (
  `rentlservice_id` int(11) NOT NULL AUTO_INCREMENT,
  `rentservice_ten` varchar(255) DEFAULT NULL,
  `rentservice_mota` text,
  `rentservice_diachi` varchar(255) DEFAULT NULL,
  `rentservice_sdt` varchar(20) CHARACTER SET latin1 DEFAULT NULL,
  `rentservice_website` varchar(255) CHARACTER SET latin1 DEFAULT NULL,
  `place_id` int(11) DEFAULT NULL,
  PRIMARY KEY (`rentlservice_id`),
  KEY `rent_place` (`place_id`),
  CONSTRAINT `rent_place` FOREIGN KEY (`place_id`) REFERENCES `places` (`place_id`)
) ENGINE=InnoDB DEFAULT CHARSET=utf8;

-- ----------------------------
-- Records of rentservices
-- ----------------------------

-- ----------------------------
-- Table structure for restaurantimages
-- ----------------------------
DROP TABLE IF EXISTS `restaurantimages`;
CREATE TABLE `restaurantimages` (
  `restaurantimage_id` int(11) NOT NULL AUTO_INCREMENT,
  `restaurantimage_hinhanh` varchar(255) DEFAULT NULL,
  `restaurant_id` int(11) DEFAULT NULL,
  PRIMARY KEY (`restaurantimage_id`),
  KEY `restaurant_image` (`restaurant_id`),
  CONSTRAINT `restaurant_idfk1` FOREIGN KEY (`restaurant_id`) REFERENCES `restaurants` (`restaurant_id`)
) ENGINE=InnoDB DEFAULT CHARSET=utf8;

-- ----------------------------
-- Records of restaurantimages
-- ----------------------------

-- ----------------------------
-- Table structure for restaurants
-- ----------------------------
DROP TABLE IF EXISTS `restaurants`;
CREATE TABLE `restaurants` (
  `restaurant_id` int(11) NOT NULL AUTO_INCREMENT,
  `restaurant_ten` varchar(255) NOT NULL,
  `restaurant_diachi` varchar(255) NOT NULL,
  `restaurant_sdt` varchar(20) CHARACTER SET latin1 NOT NULL,
  `restaurant_website` varchar(255) CHARACTER SET latin1 DEFAULT NULL,
  `place_id` int(11) DEFAULT NULL,
  `restaurant_hinhanh` varchar(255) CHARACTER SET latin1 NOT NULL,
  `restaurant_thongtin` text,
  `restaurant_trangthai` tinyint(1) DEFAULT NULL,
  `restaurant_latitude` float(11,7) NOT NULL,
  `restaurant_longitude` float(11,7) NOT NULL,
  `restaurant_ngaytao` timestamp NULL DEFAULT NULL ON UPDATE CURRENT_TIMESTAMP,
  `restaurant_review` int(11) DEFAULT NULL,
  `restaurant_dtb` float DEFAULT NULL,
  PRIMARY KEY (`restaurant_id`),
  KEY `diadiem_idfk3` (`place_id`),
  KEY `restaurant_id` (`restaurant_id`,`place_id`),
  CONSTRAINT `place_idfk12` FOREIGN KEY (`place_id`) REFERENCES `places` (`place_id`)
) ENGINE=InnoDB AUTO_INCREMENT=146 DEFAULT CHARSET=utf8;

-- ----------------------------
-- Records of restaurants
-- ----------------------------
INSERT INTO `restaurants` VALUES ('1', 'Nhà hàng Nam Sơn', '40 Phan Ngọc Tòng, TP. Bến Tre', '0275 3822 873', '', '1', 'banhbeo.jpg', 'Là một nhà hàng với thiết kế dân dã nhưng không kém phần sang trọng, không gian rộng và thoáng mát', '1', '10.2362661', '106.3761673', '2017-10-17 21:06:50', '62', '4');
INSERT INTO `restaurants` VALUES ('2', 'Nhà hàng Trúc Giang', '36 Lê Đại Hành, TP.Bến Tre', '0275 3829520', '', '1', 'banhcong.jpg', 'Nhà hàng được thiết kế rộng và thoáng mát, nằm trên con đường nhiều cây xanh mát mẻ', '1', '10.2374296', '106.3721542', '2017-10-14 14:33:16', '14', null);
INSERT INTO `restaurants` VALUES ('3', 'Nhà hàng nổi Bến Tre', 'công viên Hùng Vương, phường 5, TP.Bến Tre;', '02753 822492', '', '1', 'banhxeo.jpg', 'Nhà hàng nổi Bến Tre là nơi hội tụ các món ngon phản anh sự phong phú và đa dạng của văn hóa ẩm thực miệt vườn trong không gian lộng gió sông Mekong.', '1', '10.2326574', '106.3653946', '2017-10-15 01:16:24', '2', null);
INSERT INTO `restaurants` VALUES ('4', 'Nhà hàng Đông Châu', '58 Hùng Vương, phường 2, TP.Bến Tre', '0275 3822 416', '', '1', 'banhxeo.jpg', 'Nhà hàng Đông Châu chuyên phục vụ các món ăn Á Âu, thủy hải sản và đặc biệt là các món ăn dân dã làng quê Nam Bộ.', '1', '10.2347031', '106.3762131', '2017-10-05 14:39:45', '7', null);
INSERT INTO `restaurants` VALUES ('5', 'Chuồn chuồn ớt', '17A, quốc lộ 60, khu phố Bình Khởi, phường 6, TP.Bến Tre', '0275 2240889', '', '1', 'bunrieu.jpg', 'Vườn ẩm thực Chuồn Chuồn Ớt - nơi hội tụ các món đặc sản cùng với không gian thoáng mát, thanh tĩnh.', '1', '10.2452278', '106.3529282', '2017-10-10 20:24:07', '6', null);
INSERT INTO `restaurants` VALUES ('6', 'Vườn ẩm thực Út An', 'Số 8 khu phố Bình Khởi, phường 6, TP.Bến Tre', '0907 710910', '', '1', 'banhxeo.jpg', 'Một lối kiến trúc cổ điển nhưng vẫn mang phong cách hiện đại với nhiều món ăn ngon.', '1', '0.0000000', '0.0000000', '2017-09-30 22:19:03', '0', null);
INSERT INTO `restaurants` VALUES ('7', 'Nhà hàng hải sản Mekong River', '555 ấp An Thới, xã An Khánh, huyện Châu Thành, TP.Bến Tre', '075 3869 555', '', '1', 'laumam.jpg', 'Mekong River nằm trong chuỗi nhà hàng và khu du lịch sinh thái nghĩ dưỡng cao cấp của Forever Green Resort.', '1', '0.0000000', '0.0000000', '2017-10-05 10:54:25', '3', null);
INSERT INTO `restaurants` VALUES ('8', 'Nhà hàng sông nước miền Tây', '52-53 số 18, ấp 3, xã Tân Thạch, huyện Châu Thành, TP.Bến Tre', '075 3860 828', '', '1', 'vitnauchao.jpg', 'Khám phá những món ăn đặc sản đồng quê đậm chất Tây Nam Bộ trong không gian ẩm thực miền Tây', '1', '10.3312349', '106.3751297', '2017-09-30 22:18:52', '0', null);
INSERT INTO `restaurants` VALUES ('9', 'Lan Vương', 'đường tỉnh 887, xã Phú Nhuận, TP.Bến Tre', '075 3838 030', 'http://lanvuong.com/', '1', 'nhahang.jpg', 'Lan Vương - thiên đường vui chơi mới được nhiều bạn trẻ yêu thích, trải nghiệm vùng sông nước Bến Tre', '1', '0.0000000', '0.0000000', '2017-10-05 10:53:56', '3', null);
INSERT INTO `restaurants` VALUES ('10', 'Cồn Phụng', 'Ấp 10, xã Tân Thạch, huyện Châu Thành, TP.Bến Tre', '(0275)3822198', 'http://conphungtourist.com/', '1', 'nhahang2.jpg', 'Cồn Phụng không chỉ là địa điểm vui chơi mà còn là nơi tập nhiều nhiều món đặc sản của Bến Tre mà bạn không thể bỏ lỡ.', '1', '10.3362827', '106.3672714', '2017-09-30 21:58:47', '0', null);
INSERT INTO `restaurants` VALUES ('11', 'Bò Tơ Tây Ninh Năm\nSánh', 'quốc lộ 22, dốc Hiệp Trường, Hiệp Tân, Hòa Thành, tỉnh Tây Ninh', '066 6518988', '', '2', 'nhahang3.jpg', 'Quán ăn', '1', '0.0000000', '0.0000000', '2017-09-30 22:00:14', '0', null);
INSERT INTO `restaurants` VALUES ('12', 'Bánh canh Trảng Bàng Năm Dung', '90 Nguyễn Văn Rốp, Trảng Bàng, Tây Ninh', '(066) 3 880 317', '', '2', 'nhahang6.jpg', 'Quán ăn', '1', '11.0335026', '106.3572311', '2017-09-30 22:00:15', '0', null);
INSERT INTO `restaurants` VALUES ('13', 'Nhà hàng Tây Bắc', '248 Huỳnh Công Giản, phường 3, tỉnh Tây Ninh', '0914 777 113', '', '2', 'banhbeo.jpg', 'Món ăn sang trọng đối lập với giá cả bình dân, Tây Bắc hứa hẹn sẽ mang đến cho quý khách sự hài lòng tuyệt đối', '1', '0.0000000', '0.0000000', '2017-09-30 22:00:16', '0', null);
INSERT INTO `restaurants` VALUES ('14', 'Khu giải trí ẩm thực\nVăn Minh', 'quốc lộ 22B, thành phố Tây Ninh', '', '', '2', 'banhcong.jpg', 'Vườn ẩm thực', '1', '0.0000000', '0.0000000', '2017-09-30 22:00:17', '0', null);
INSERT INTO `restaurants` VALUES ('15', 'Du Nam Bistro', '68 Nguyễn Thái Học, thành phố Tây Ninh', '', '', '2', 'banhxeo.jpg', 'Du Nam Bistro mang một phong cách châu Âu cổ điển và sang trọng, tạo nên một sự bất ngờ thú vị cho những ai lần đầu ghé qua.', '1', '11.3063316', '106.0998154', '2017-09-30 22:00:17', '0', null);
INSERT INTO `restaurants` VALUES ('16', 'Nhà hàng sinh thái câu cá Tây Ninh', 'Quốc lộ 22B, xã Hiệp Tân, thành phố\nTây Ninh', '0931 537 068', '', '2', 'nemnuong.jpg', 'Đến với nhà hàng sinh thái câu cấ Tây Ninh chắc chắn bạn sẽ có cảm giác vô cùng thú vị khi chính tay mình câu được cá. Vừa câu bạn vừa có thẻ yêu cầu đầu bến chế biến ngay chiến lợi phẩm của mình thành những món ăn ngon và hấp dẫn.', '1', '11.2774954', '106.1020813', '2017-09-30 22:00:18', '0', null);
INSERT INTO `restaurants` VALUES ('17', 'Nhà hàng Lạc Viên', '482 Điện Biên Phủ, khu phố Hiệp Thành, phường Hiệp Ninh, thành phố Tây Ninh.', '0989 082277', '', '2', 'vitnauchao.jpg', 'Ấn tượng đầu tiên khi bước vào Lạc Viên đó là một không gian đẹp và trang nhã đến từng centimet.', '1', '11.3188829', '106.1279449', '2017-09-30 22:00:19', '0', null);
INSERT INTO `restaurants` VALUES ('18', 'Khu ẩm thực sinh thái Long Trung', 'đường số 17, Thượng Thâu Thanh, tổ 7, ấp Long Trung, xã Long Thành Trung, Hòa Thành, Tây Ninh', '0919 150552', '', '2', 'banhxeo.jpg', 'Khu ẩm thực Long Trung ra đời nhằm đáp ứng nuyện vọng được về với cội nguồn sau thời gian căng thẳng với công việc, giúp bạn có khoảng không bình yên, nhẹ nhàng như được về với quê hương, xứ sở.', '1', '0.0000000', '0.0000000', '2017-09-30 22:00:19', '0', null);
INSERT INTO `restaurants` VALUES ('19', 'Nhà hàng sân vườn Lan Phương', '1369 Cách mạng Tháng Tám, phường Ninh Thạnh, thành phố Tây Ninh', '(066) 3 825 430', '', '2', 'banhcong.jpg', '', '1', '11.3054724', '106.1341553', '2017-09-30 22:00:20', '0', null);
INSERT INTO `restaurants` VALUES ('20', 'Nhà hàng sân vườn Thiên Phúc Khang', '3C Nguyễn Trãi, phường 4, thành phố\nTây Ninh', '(066) 3 621 556', '', '2', 'banhbeo.jpg', '', '1', '0.0000000', '0.0000000', '2017-09-30 22:00:21', '0', null);
INSERT INTO `restaurants` VALUES ('21', 'Khu Đồ Nướng Sapa', 'Phố Cầu Mây, Sa Pa, Lào Cai', '', '', '3', 'banhxeo.jpg', 'Ở thị trấn Sapa, đồ nướng được bày bán gần như ở khắp mọi nơi, từ chợ đến trước cổng nhà thờ, thậm chí là cả những con hẻm nhỏ. Chỉ một chiếc bàn con con, dăm ba cái ghế nhựa và một bếp than hồng cũng đã đủ để gọi là “quán nướng”.', '1', '0.0000000', '0.0000000', '2017-10-13 00:09:50', '3', null);
INSERT INTO `restaurants` VALUES ('22', 'Nhà hàng Lepho', '018 Đường Phạm Xuân Huân, Sa Pa, Lào Cai', '(+84-20)873439', '', '3', 'nhahang.jpg', 'Nhà hàng này tọa lạc ở 1 nơi yên tĩnh của trung tâm thị trấn.  Phía bên phải là đường lên Núi Hàm Rồng. Đây là nhà hàng duy nhất phục vụ hai món ăn mang đậm hương vị Việt Nam: Phở và Nem tại Sa Pa.', '1', '22.3349419', '103.8397903', '2017-09-30 22:00:22', '0', null);
INSERT INTO `restaurants` VALUES ('23', 'Nhà hàng Anh Dũng', '69 Xuân Viên, Thị trấn Sa Pa. Huyện Sapa. Lào Cai', '', '', '3', 'nemnuong.jpg', 'Quán Anh Dũng này nằm trên phố Xuân Viên, gần bến xe, rất đông khách. Đồ ăn ở đây khá ngon, giá cả lại phù hợp nên quán có vẻ đông khách hơn các quán xung quanh.', '1', '22.3362942', '103.8416595', '2017-09-30 22:00:23', '0', null);
INSERT INTO `restaurants` VALUES ('24', 'Nhà hàng Xưa và Nay', 'Số 031 – Tổ 7 – Phố Cầu Mây – Thị trấn Sapa – Tỉnh Lào Cai', '', '', '3', 'banhxeo.jpg', 'Xưa và Nay có khuân viên cao ráo, rộng rãi và thoáng mát. Nhà hàng có hai tầng, chuyên phục vụ các món ăn địa phương, Á và Âu với diện tích chứa đến 180 chỗ ngồi. ', '1', '22.3337593', '103.8401108', '2017-09-30 22:00:23', '0', null);
INSERT INTO `restaurants` VALUES ('25', 'Nhà hàng Chapa', '40 Cầu Mây, Sapa', '020 3871245', '', '3', 'nhahang2.jpg', 'Chapa là nhà hàng ở Sapa đầu tiên mở ra cho khách du lịch. Chất lượng món ăn rất tốt và rất đặc trưng của Sa Pa.', '1', '22.2497177', '103.9586182', '2017-09-30 22:00:24', '0', null);
INSERT INTO `restaurants` VALUES ('26', 'Nhà hàng thắng cố A Quỳnh', 'số 15 Thạch Sơn thị trấn Sapa', '02 03 871 555', '', '3', 'vitnauchao.jpg', 'Đây là nhà hàng nổi tiếng nhất với món thắng cố- Một trong những món ăn đặc sản độc đáo của các đồng bào Tây Bắc và đây cũng là món ăn mà du khách không nên bỏ qua trong hành trình du lịch Sapa của mình.', '1', '22.3360367', '103.8419876', '2017-09-30 22:00:24', '0', null);
INSERT INTO `restaurants` VALUES ('27', 'Nhà hàng Red Dao', '4B Thác Bạc', '020 387 2927', '', '3', 'nhahang6.jpg', 'Không gian bên trong của nhà hàng được trang trí bởi màu đỏ đúng như tên gọi của nhà hàng nên nếu bạn đến đây vào những ngày lạnh thì bạn sẽ thấy ấm áp vô cùng. Nhà hàng có đội ngũ nhân viên phục vụ chu đáo, nhiệt tình nên khi tới đây bạn sẽ thấy vô cùng ', '1', '22.3362160', '103.8375931', '2017-09-30 22:00:25', '0', null);
INSERT INTO `restaurants` VALUES ('28', 'Sapa Lotus', '34 Cầu Mây', '020 628 5789', '', '3', 'banhbeo.jpg', 'Đây là nhà hàng chuyên phục vụ các món ăn nướng lẩu truyền thống của người Sapa. Khi đến đây bạn không chỉ được thưởng thức những món ăn ngon mà bạn còn có cơ hội hiểu thêm về văn hóa ẩm thực Sapa.', '1', '22.3363609', '103.8415985', '2017-09-30 22:00:26', '0', null);
INSERT INTO `restaurants` VALUES ('29', 'Nhà hàng Maison de Sapa', '18 đường Thác Bạc, thị trấn Sapa, Huyện Sapa, Tỉnh Lào Cai', '0984 353577', '', '3', 'nemnuong.jpg', 'Nhà hàng Maison de Sapa nằm trong tòa biệt thự đẹp,cổ kính tại Sapa, khuôn viên rộng tới 1.200 m vuông bao gồm sân đỗ xe rộng, vườn cây trong khuôn viên đẹp thơ mộng, cùng cà phê ngon, các món ăn ngon truyền thống Sapa, món ăn Nhật và các mòn ăn nhẹ phươn', '1', '22.3355484', '103.8347626', '2017-09-30 22:00:26', '0', null);
INSERT INTO `restaurants` VALUES ('30', 'Nhà Hàng Gia Bảo', 'Số 01, Phố Võ Thị Sáu, Sapa', '0168 666.7878', '', '3', 'nhahang3.jpg', 'Với không gian rộng rãi, thoáng mát, cùng với thời tiết se lạnh của SAPA sẽ khiến bạn có 1 bữa ăn thực sự tuyệt vời.', '1', '0.0000000', '0.0000000', '2017-09-30 22:00:27', '0', null);
INSERT INTO `restaurants` VALUES ('31', 'Quán Xuân Vàng', '02 Phạm Văn Đồng, TP. Phan Thiết (bờ kè sông Cà Ty)', '062 3700814', '', '4', 'banhxeo.jpg', 'Với lợi thế nằm bên bờ sông Cà Ty lộng gió nên đây được xem như là một trong những địa điểm lý tưởng để thưởng thức hải sản Phan Thiết với những món ngon khó cưỡng như: Lẩu Ghẹ, Cá Bò Hòm, Tôm Mũ Ni,… ', '1', '0.0000000', '0.0000000', '2017-09-30 22:00:28', '0', null);
INSERT INTO `restaurants` VALUES ('32', 'Quán 49', '49 Phạm Văn Đồng, TP. Phan Thiết (bờ kè sông Cà Ty)', '0977 189 163', '', '4', 'nemnuong.jpg', 'Đây là địa chỉ được yêu thích của không chỉ du khách mà còn của những thực khách địa phương khi nổi tiếng với giá cả rẻ nhất khu vực. Cũng như quán Xuân Vàng, quán này cũng nằm bên dòng sông Cà Ty và chuyên phục vụ các món hải sản: Ghẹ ram me, hàu nướng p', '1', '0.0000000', '0.0000000', '2017-09-30 22:00:28', '0', null);
INSERT INTO `restaurants` VALUES ('33', 'Nhà hàng Rừng Forest', '65A đường Nguyễn Đình Chiểu, phường Hàm Tiến, Mũi Né', '062 384 7589', '', '4', 'nhahang2.jpg', 'Nhà hàng Rừng lại mang một phong cách riêng biệt khá ấn tượng theo đúng như tên gọi của mình với kiểu thiết kế tường gạch giản dị, cây cỏ um tùm, các bàn ăn được làm bằng thân gỗ to lớn và bộ sưu tập bình gốm, khung cửi dệt gợi nhớ đến hình ảnh các buôn l', '1', '10.9466801', '108.1978989', '2017-09-30 22:00:29', '0', null);
INSERT INTO `restaurants` VALUES ('34', 'Nhà hàng Ocean Vista', 'khu phố 1, Hàm Tiến, Phan Thiet, Bình Thuận Province, Vietnam', '062 3719111', '', '4', 'nhahang6.jpg', 'Với khuôn viên nhà hàng nằm trong khu resort The Cliff xinh đẹp nên ngoài việc được thưởng thức những món ngon được chế biến qua bàn tay tài hoa của các đầu bếp lâu năm thì thực khách khi dùng bữa tại đây còn được ngắm cảnh biển khá thơ mộng. Tất cả hòa q', '1', '10.9466791', '108.1913300', '2017-09-30 22:00:30', '0', null);
INSERT INTO `restaurants` VALUES ('35', 'Nhà hàng Seahorse Bistro', 'Km số 11, đường Nguyễn Đình Chiều, TP. Phan Thiết.', '062 384 7507', '', '4', 'banhxeo.jpg', 'Với không gian thoáng đãng và sang trọng, nhà hàng Seahorse Bistro là địa điểm tuyệt vời để có thể thưởng thức các món hải sản nướng phong phú của phố biển.', '1', '10.9428129', '108.1912537', '2017-09-30 22:00:30', '0', null);
INSERT INTO `restaurants` VALUES ('36', 'Nhà hàng Việt Nam Home', '125A, đường Nguyễn Đình Chiểu, phường Hàm Tiến, Mũi Né', '062 3847 687', '', '4', 'banhbeo.jpg', 'Tọa lạc trên cung đường nhộn nhịp bậc nhất của Mũi Né, nhà hàng Việt Nam Home là một trong số ít những nhà hàng đầu tiên khai phá dịch vụ du lịch Phan Thiết. ', '1', '10.9526386', '108.2120590', '2017-09-30 22:00:31', '0', null);
INSERT INTO `restaurants` VALUES ('37', 'Cây Bàng - Hải Sản Phan Thiết', '2 - 4 Nguyễn Đình Chiểu, P. Phú Hài,  Tp. Phan Thiết, Bình Thuận', '(062) 3 847 009', '', '4', 'banhcong.jpg', 'Nhà hàng Cây Bàng nằm sát cạnh biển chuyên phục vụ hải sản theo kiểu Việt với thực đơn phong phú và được chế biến hoàn hảo.', '1', '10.9368095', '108.2177353', '2017-09-30 22:00:31', '0', null);
INSERT INTO `restaurants` VALUES ('38', 'Ngọc Sương Mũi Né - Nguyễn Đình Chiểu', '94 Nguyễn Đình Chiểu,  Tp. Phan Thiết, Bình Thuận', '(062) 3 847 515', '', '4', 'nhahang6.jpg', 'Nhà hàng nằm ngay sát biển, quang cảnh đẹp, thoáng mát. Bạn có thể ngồi ăn mà nghe sóng biển vỗ rì rào rất thú vị. Khuôn viên khá rộng rãi, sát bên cạnh có bãi đỗ xe ôtô rất tiện lợi.', '1', '10.9370518', '108.1863785', '2017-09-30 22:00:32', '0', null);
INSERT INTO `restaurants` VALUES ('39', 'Hoa Viên Brauhaus - Phan Thiết', '2A Nguyễn Đình Chiểu, Mũi Né,  Tp. Phan Thiết, Bình Thuận', '0252 3741 383', '', '4', 'nhahang.jpg', 'Nhà hàng Hoa Viên Mũi Né được thiết kế và trang trí hài hòa với những chất liệu gỗ, đồng kết hợp với nắng, gió & nước, mang đến cho Quý khách cảm giác rất gần gũi với thiên nhiên tại vùng biển Mũi Né nổi tiểng và trong lành.', '1', '10.9336271', '108.1089630', '2017-09-30 22:00:33', '0', null);
INSERT INTO `restaurants` VALUES ('40', 'Love Sushi Lounge Cafe - Tôn Đức Thắng', '169 - 171 Tôn Đức Thắng,  Tp. Phan Thiết, Bình Thuận', '01223 004 437', '', '4', 'nemnuong.jpg', 'Quán cafe thư giãn, không gian thoáng mát. Chuyên phục vụ cafe các loại và sushi. Menu đa dạng chế biến thơm ngon hấp dẫn.', '1', '16.4731178', '107.5826035', '2017-09-30 22:00:33', '0', null);
INSERT INTO `restaurants` VALUES ('41', 'Tịnh Gia Viên', '7K/28 Lê Thánh Tôn, Tp. Huế', '(0234) 522 243', 'http://tinhgiavien.com.vn/', '5', 'banhbeo.jpg', 'Là một trong những nhà hàng phục vụ các món ăn chế biến cho Hoàng tộc vua chúa khi xưa, Tịnh Gia Viên là nơi có các món ăn được nấu bởi nghệ nhân gia truyền là con cháu của Hoàng tộc. Không gian sang trọng và ấm cúng như một Cung đình, Tịnh Gia Viên là mộ', '1', '16.4690933', '107.5824432', '2017-09-30 22:00:34', '0', null);
INSERT INTO `restaurants` VALUES ('42', 'Geylang Huế', '07 Đinh Tiên Hoàng, thành phố Huế', '0907 938 251', '', '5', 'banhcong.jpg', 'GeyLang Huế là một địa chỉ khá mới mẻ tại Huế nhưng chất lượng các món ăn cũng như sự phục vụ thì không hề thua kém. GeyLang Huế chuyên về các món như Cháo ếch, Xôi ếch Singapore và dimsum (xíu mại, há cảo, hoành thánh), Ốc Sài Gòn, Trà sữa và các món lẩu', '1', '16.4695778', '107.5721207', '2017-09-30 22:00:35', '0', null);
INSERT INTO `restaurants` VALUES ('43', 'Nhà hàng Phố Cổ', 'Nguyễn Đình Chiểu, Vĩnh Ninh, Tp. Huế, Thừa Thiên Huế, Vietnam', '(84) 234 35 90 902', '', '5', 'banhxeo.jpg', 'Hơn cả một nhà hàng, Huế Cổ là một quần thế văn hóa nghệ thuật mà du khách không thể nào bỏ qua khi đến Huế. Đến với Huế Cổ, quý khách sẽ có cơ hội chiêm nghiệm những nét văn hóa đặc trưng riêng của một nhà hàng vườn cổ, đặc biệt các món ăn mang phong các', '1', '16.4577827', '107.5789642', '2017-09-30 22:00:35', '0', null);
INSERT INTO `restaurants` VALUES ('44', 'Ngự Uyển 1', '3 Điện Biên Phủ, Vĩnh Ninh, Tp. Huế, Thừa Thiên Huế, Vietnam', '(0234) 3 626 533', '', '5', 'vitnauchao.jpg', 'Phục vụ các món ăn truyền thống Huế. Đặc biệt nhất là món bún thịt nướng và bánh khoái, nem lụi, bún bò Huế, Ngự Uyển chắc chắn sẽ là nơi đem lại cho bạn sự hài lòng về chất lượng món ăn lẫn cung cách phục vụ.', '1', '16.4804916', '107.5937271', '2017-09-30 22:00:36', '0', null);
INSERT INTO `restaurants` VALUES ('45', 'Quỳnh Hương - Đậm Đà Ẩm Thực Huế', '133 Nguyễn Sinh Cung, P. Vĩ Dạ, Tp. Huế', '(0234) 3 822 890', '', '5', 'banhxeo.jpg', 'Nằm bên cạnh sông nên hưởng gió mát trong lành. Thích hợp để thư giãn với không gian rộng rãi, ngắm cảnh sông Hương êm đềm. Thực đơn phong phú các món ăn đặc trưng Huế, hương vị thơm ngon, hấp dẫn', '1', '16.4697876', '107.5937119', '2017-09-30 22:00:37', '0', null);
INSERT INTO `restaurants` VALUES ('46', 'Số 1 Hàng Me', '12 Võ Thị Sáu, Tp. Huế', '0905 190 680', '', '5', 'nhahang3.jpg', 'Không gian thoáng mát sạch sẽ, đây là nơi lui tới thường xuyên của đông đảo người dân Huế. Quán phục vụ các loại bánh bèo, bánh nậm, bánh bột lọc đậm đà hương vị Huế.', '1', '16.4697876', '107.5937119', '2017-09-30 22:00:37', '0', null);
INSERT INTO `restaurants` VALUES ('47', 'Khải Hoàn', '90 - 94 Lê Lợi, Tp. Huế', '(0234) 3 837 827', '', '5', 'nemnuong.jpg', 'Du khách sẽ được dịp hoá thân thành vua, quan và hoàng hậu để cùng nhau thưởng thức các món đặc sản xứ Huế, Cơm Niêu cùng các món ăn Âu, Á.', '1', '16.4345512', '107.5741043', '2017-09-30 22:00:38', '0', null);
INSERT INTO `restaurants` VALUES ('48', 'Nhà hàng, cà phê Chân Đồi', '65/16 Lê Ngô Cát, Tp. Huế', '(0234) 3 886 296', '', '5', 'banhbeo.jpg', 'Khung cảnh của núi rừng cây cối xanh mát, nép mình bên ngọn đồi thơ mộng. Nhà hàng chân đồi là nơi lý tưởng cho các buổi tiệc liên hoan, sinh nhật, hẹn hò... Phục vụ chu đáo và nhiệt tình', '1', '16.4472160', '107.5794907', '2017-09-30 22:00:39', '0', null);
INSERT INTO `restaurants` VALUES ('49', 'Không Gian Xưa', '98 Điện Biên Phủ, Trường An, Tp. Huế, Thừa Thiên Huế, Vietnam', '(0234) 886 788', 'http://www.khonggianxuahue.com/', '5', 'banhcong.jpg', 'Đến với Không Gian Xưa, bạn sẽ được tận hưởng một không gian sang trọng, cổ điển. Không Gian Xưa đã trở thành 1 trong những địa điểm thư giãn quen thuộc của người dân miền Trung và du khách.', '1', '16.4472160', '107.5794907', '2017-09-30 22:00:39', '0', null);
INSERT INTO `restaurants` VALUES ('50', 'Little Italy - Phong Cách Ẩm Thực Ý', ' 10 Nguyễn Thái Học, Phú Hội, Huế, Thừa Thiên–Huế, Vietnam', '(0234) 3 826 928', '', '5', 'nhahang2.jpg', 'Không gian nhà hàng rộng rãi, thoáng mát, lịch sự. Thực đơn phong phú các món ăn mang hương vị Ý, ngoài ra còn có các món ăn Á - Âu khác. Nhân viên phục vụ nhanh nhẹn, chu đáo', '1', '16.4680424', '107.5933609', '2017-09-30 22:00:40', '0', null);
INSERT INTO `restaurants` VALUES ('51', 'Le Bambino', '122/11 Quang Trung | Quận Hải Châu, Đà Nẵng, Việt Nam\n\n', '845113896386', 'http://www.lebambino.com/', '6', 'nhahang6.jpg', 'Kiểu Pháp, Phù hợp với người ăn chay', '1', '16.0744705', '108.2144318', '2017-09-30 22:00:41', '0', null);
INSERT INTO `restaurants` VALUES ('52', 'La Maison 1888', 'Intercontinental Sun Peninsula Resort | Bai Bac, Son Tra Peninsula, Đà Nẵng , Việt Nam', '84 5113938888', 'http://www.danang.intercontinental.com/la-maison-1888', '6', 'banhxeo.jpg', ' Kiểu Pháp, Kiểu Âu, Tùy chọn đồ ăn không có gluten', '1', '16.0668030', '108.2225876', '2017-09-30 22:00:41', '0', null);
INSERT INTO `restaurants` VALUES ('53', 'SUSHI-Bê', '156 Bạch Đằng, Hải Châu 1, Đà Nẵng 550000, Việt Nam\n\n', '845113987990', 'https://www.facebook.com/sushibe.vn', '6', 'nhahang6.jpg', ' Kiểu Nhật Sushi Hải sản Phù hợp với người ăn chay', '1', '0.0000000', '0.0000000', '2017-09-30 22:00:42', '0', null);
INSERT INTO `restaurants` VALUES ('54', 'Fine Wine Paris', '33 Bis Phố Morrison | Quận Sơn Trà, Đà Nẵng, Việt Nam\n\n', '841634218955', 'https://www.facebook.com/finewineparis/', '6', 'banhxeo.jpg', ' Kiểu Pháp, Quầy rượu vang, Phù hợp với người ăn chay', '1', '0.0000000', '0.0000000', '2017-09-30 22:00:42', '0', null);
INSERT INTO `restaurants` VALUES ('55', 'Nhà Hàng Beach House', 'Đường Trường Sa, P. Hòa Hải, Q. Ngũ Ngành Sơn | Khu nghỉ dưỡng Hyatt Resort Đà Nẵng, Đà Nẵng, Việt Nam', '845113981234', 'https://danang.regency.hyatt.com/en/hotel/dining/BeachHouse.html', '6', 'nhahang2.jpg', ' Kiểu Á, Hải sản, Thịt nướng', '1', '16.0136681', '108.2616272', '2017-09-30 22:00:43', '0', null);
INSERT INTO `restaurants` VALUES ('56', 'Canadian Lobster', '380 Võ Hành Sơn, Q. Ngũ Hành Sơn | Opposit of Premire Village Resort, Đà Nẵng, Việt Nam\n\n', '821099044185', 'null', '6', 'nemnuong.jpg', 'Kiểu Trung Quốc, Hải sản, Kiểu Địa Trung Hải', '1', '16.0431938', '108.2457809', '2017-09-30 22:00:44', '0', null);
INSERT INTO `restaurants` VALUES ('57', 'Cafe Indochine', 'Furama Resort Danang | 105 Vo Nguyen Giap Street, Khue My Ward, Ngu Hanh Son District, Đà Nẵng, Việt Nam\n\n', '845116519999', 'http://www.furamavietnam.com/en/restaurants-and-bars/', '6', 'vitnauchao.jpg', ' Hải sản, Kiểu Á, Kiểu Việt', '1', '16.0431938', '108.2304611', '2017-09-30 22:00:44', '0', null);
INSERT INTO `restaurants` VALUES ('58', 'Don Cipriani\'s', 'Vo Nguyen Giap Street, Khue My Ward, Ngu Hanh Son District | Vo Nguyen Giap Street, Ngu Hanh Son District, Đà Nẵng  Việt Nam\n\n', '845116519999', 'https://www.facebook.com/italianrestaurantfurama', '6', 'banhxeo.jpg', ' Kiểu Ý, Pizza, Kiểu Âu', '1', '16.0394554', '108.2476196', '2017-09-30 22:00:45', '0', null);
INSERT INTO `restaurants` VALUES ('59', 'Nhà Hàng Hanatei', '01-03 Đống Đa, Đà Nẵng, Việt Nam\n\n', '845113833311', 'http://www.grandvriocitydanang.com/', '6', 'banhbeo.jpg', ' Kiểu Nhật, Đặc sản, Quán rượu', '1', '16.0823975', '108.2194824', '2017-09-30 22:00:46', '0', null);
INSERT INTO `restaurants` VALUES ('60', 'Bar & Lounge Tokyo Passion', '252 Võ Nguyên Giáp | Tầng 21, Khách Sạn Grand Tourane, Quận Sơn Trà, Đà Nẵng, Việt Nam', '845113550998', 'http://tokyo-passion.com/', '6', 'banhcong.jpg', 'Quầy bar, Quán rượu', '1', '0.0000000', '0.0000000', '2017-09-30 22:00:47', '0', null);
INSERT INTO `restaurants` VALUES ('61', 'Nhà Hàng Trung Tuyết', '14 Hoàng Hoa Thám | Trung Sơn, Thanh Bình, Ninh Bình  Việt Nam\n\n', '84949358885', 'https://www.facebook.com/huyenchang1986/', '7', 'nhahang.jpg', 'Cà phê, Kiểu Việt, Pizza', '1', '20.2516422', '105.9765015', '2017-09-30 22:00:48', '0', null);
INSERT INTO `restaurants` VALUES ('62', 'Chookie\'s', '17 Lương Văn Tụy, Ninh Bình  Việt Nam\n\n', '84948346026', 'https://www.facebook.com/chookiesninhbinh', '7', 'nhahang2.jpg', 'Kiểu Úc, Cà phê, Món kết hợp', '1', '20.2568245', '105.9691925', '2017-09-30 22:00:49', '0', null);
INSERT INTO `restaurants` VALUES ('63', 'Quán Cà Phê Phong & Fast Food', '27 Lê Hồng Phong | Đông Thành, Ninh Bình  Việt Nam\n\n', '84982023320', 'https://www.facebook.com/CoffeePhong/', '7', 'nhahang6.jpg', 'Pizza, Cà phê, Đồ ăn nhanh', '1', '20.6615887', '105.3393478', '2017-09-30 22:00:50', '0', null);
INSERT INTO `restaurants` VALUES ('64', 'Minh Toan Restaurant Father Cooking', 'Văn Lâm - Ninh Hải - Hoa Lư - Ninh Bình | Tam Cốc, Bích Động, Ninh Bình , Việt Nam\n', '841684167388', 'null', '7', 'nemnuong.jpg', ' Kiểu Á, Kiểu Việt, Phù hợp với người ăn chay\n\n', '1', '20.2165585', '105.9356766', '2017-09-30 22:00:50', '0', null);
INSERT INTO `restaurants` VALUES ('65', 'Nhà hàng Bảo Anh', '15 Hoàng Hoa Thám, Ninh Bình , Việt Nam\n', '84976660213', 'https://www.facebook.com/Bao-Anh-Restaurant-Ninh-Binh-1526088997696905/', '7', 'nhahang3.jpg', ' Kiểu Á, Kiểu Việt, Bữa tối', '1', '0.0000000', '0.0000000', '2017-09-30 22:00:51', '0', null);
INSERT INTO `restaurants` VALUES ('66', 'Chookie\'s Beer Garden', 'Tam Cốc - Bícch Động | 700m from the boat station, Ninh Bình , Việt Nam', '84948346026', 'null', '7', 'banhxeo.jpg', 'Quầy bar, Quán rượu, Kiểu Việt', '1', '20.2364883', '105.9341888', '2017-09-30 22:00:52', '0', null);
INSERT INTO `restaurants` VALUES ('67', 'Bamboo Bar and Restaurant', 'Van Lam | Tam Coc, Ninh Bình 030, Việt Nam\n\n', '84986350433', 'http://bamboorestauranttamcoc.wevina.vn/', '7', 'banhbeo.jpg', 'Kiểu Á, Đặc sản, Kiểu Việt', '1', '20.2166901', '105.9378128', '2017-09-30 22:00:52', '0', null);
INSERT INTO `restaurants` VALUES ('68', 'Duclinh Restaurant', 'Khu du lich, Ninh Bình , Việt Nam\n', '84987801132', 'null', '7', 'banhcong.jpg', ' Kiểu Á, Kiểu Việt, Phù hợp với người ăn chay', '1', '20.2166023', '105.9359360', '2017-09-30 22:00:53', '0', null);
INSERT INTO `restaurants` VALUES ('69', 'Restaurant Đức Nhật', '12 Hoàng Hoa Thám, Quận Thanh Bình, Ninh Bình, Việt Nam\n\n', '84918765649', 'https://www.facebook.com/Restaurant-Duc-Nhat-1128159233918845/', '7', 'nhahang6.jpg', ' Kiểu Á, Pizza, Kiểu Việt', '1', '0.0000000', '0.0000000', '2017-09-30 22:00:53', '0', null);
INSERT INTO `restaurants` VALUES ('70', 'Nhà hàng Thảo Linh', 'Thôn Nga 3, Cúc Phương, Huyện Nho Quan, Ninh Bình , Việt Nam\n\n', '1252283788', 'null', '7', 'banhxeo.jpg', ' Kiểu Á, Kiểu Việt, Phù hợp với người ăn chay', '1', '22.5713253', '100.5002823', '2017-09-30 22:00:54', '0', null);
INSERT INTO `restaurants` VALUES ('71', 'French Grill', '8 Đỗ Đức Dục | JW Marriott Hanoi, Hà Nội , Việt Nam\n\n', '842438335588', 'http://frenchgrill.restaurantsnapshot.com/', '8', 'nhahang2.jpg', ' Hải sản, Kiểu Pháp, Kiểu Âu', '1', '21.0074158', '105.7807083', '2017-09-30 22:00:54', '0', null);
INSERT INTO `restaurants` VALUES ('72', 'Hanoi Food Culture', '60 Phất Lộc | Khu Pháp, Hà Nội, Việt Nam\n', '84988945460', 'http://www.hanoifoodculture.com/', '8', 'vitnauchao.jpg', ' Kiểu Á, Kiểu Việt, Phù hợp với người ăn chay', '1', '21.0341053', '105.8516541', '2017-09-30 22:00:55', '0', null);
INSERT INTO `restaurants` VALUES ('73', 'Jacksons Steakhouse', '23 Hai Bà Trưng, Hà Nội , Việt Nam\n\n', '84439388388', 'null', '8', 'banhbeo.jpg', ' Kiểu Mỹ, Kiểu Úc, Nhà hàng bít tết', '1', '21.0240707', '105.8510056', '2017-09-30 22:00:55', '0', null);
INSERT INTO `restaurants` VALUES ('74', 'Grill 63', '54 Lieu Giai Street, Ba Dinh District | 63rd Floor, Lotte Hotel Hanoi, Hà Nội  Việt Nam\n\n', '84433331000', 'http://www.lottehotel.com/hanoi/en/dining/resturants.asp?type=RE', '8', 'banhcong.jpg', ' Nhà hàng bít tết, Kiểu Âu, Thịt nướng', '1', '21.0322952', '105.8104553', '2017-09-30 22:00:56', '0', null);
INSERT INTO `restaurants` VALUES ('75', 'Crystal Jade Palace', '8 Đỗ Đức Dục | Mễ Trì, Nam Từ Liêm, Hà Nội , Việt Nam\n\n', '8438335588', 'http://jwmarriotthanoilife.com/en/dining/crystal-jade-palace', '8', 'nhahang2.jpg', ' Kiểu Trung Quốc, Kiểu Á, Phù hợp với người ăn chay', '1', '21.0265980', '105.8409958', '2017-09-30 22:00:56', '0', null);
INSERT INTO `restaurants` VALUES ('76', 'La Badiane restaurant', '10 Nam Ngư | Hoàn Kiếm, Hà Nội, Việt Nam\n', '84439424509', 'http://labadiane-hanoi.com/', '8', 'nhahang6.jpg', ' Kiểu Pháp, Kiểu Âu, Quốc tế', '1', '21.0265884', '105.8081665', '2017-09-30 22:00:57', '0', null);
INSERT INTO `restaurants` VALUES ('77', 'El Gaucho - Argentinian Steakhouse', 'Số 1 Tràng Tiền, Phường Tràng Tiền, Quận Hoàn Kiếm, Hà Nội , Việt Nam\n', '84438247280', 'http://elgaucho.asia/', '8', 'banhxeo.jpg', ' Nhà hàng bít tết, Kiểu Âu, Kiểu Argentina', '1', '21.0454884', '105.8239365', '2017-09-30 22:00:57', '0', null);
INSERT INTO `restaurants` VALUES ('78', 'Green Tangerine', '48 Hang Be, Hà Nội, Việt Nam\n\n', '84438251286', 'http://greentangerinehanoi.com/vi/', '8', 'nemnuong.jpg', ' Kiểu Pháp, Kiểu Âu, Kiểu Á', '1', '21.0327435', '105.8515472', '2017-09-30 22:00:58', '0', null);
INSERT INTO `restaurants` VALUES ('79', 'Bamboo Bar', '15, Ngô Quyền, Phường Tràng Tiền, Quận Hoàn Kiếm | Sofitel Metropole Hanoi, Hà Nội, Việt Nam\n\n', '84438266919', 'http://www.sofitel-legend.com/hanoi/en/bars-restaurants/bamboo-bar.shtml', '8', 'nhahang6.jpg', 'Quầy bar, Quốc tế, Quán rượu', '1', '21.0251732', '105.8530807', '2017-09-30 22:00:58', '0', null);
INSERT INTO `restaurants` VALUES ('80', 'Club Opera Novel', '17 Tràng Tiền | Hoàn Kiếm, Hà Nội, Việt Nam\n\n', '84439728001', 'null', '8', 'banhbeo.jpg', ' Kiểu Á, Kiểu Việt, Phù hợp với người ăn chay', '1', '21.0244770', '105.8542480', '2017-09-30 22:00:59', '0', null);
INSERT INTO `restaurants` VALUES ('81', 'Nhà Hàng Noir.', '178 Hai Bà Trưng, Phường Đa Kao, Quận 1 | At the left at the end of the lane next to the bread shop, Thành phố Hồ Chí Minh , Việt Nam', '84862632525', 'http://www.noirdininginthedark.com/', '9', 'banhcong.jpg', ' Kiểu Âu, Kiểu Á, Kiểu Việt', '1', '10.7864017', '106.6924744', '2017-09-30 22:00:59', '0', null);
INSERT INTO `restaurants` VALUES ('82', 'La Villa French Restaurant', '14 Ngo Quang Huy | Thao Dien Ward, District 2, Thành phố Hồ Chí Minh , Việt Nam', '84838982082', 'http://lavilla-restaurant.com.vn/', '9', 'banhxeo.jpg', 'Kiểu Pháp, Tùy chọn ăn chay, Phù hợp với người ăn chay', '1', '10.8039637', '106.7306366', '2017-09-30 22:01:00', '0', null);
INSERT INTO `restaurants` VALUES ('83', 'El Gaucho - Argentinian Steakhouse', '74 Hai Bà Trưng, Phường Bến Nghé, Quận 1, Thành phố Hồ Chí Minh , Việt Nam\n\n', '84838272090', 'http://elgaucho.asia/', '9', 'nhahang.jpg', ' Nhà hàng bít tết, Kiểu Argentina, Kiểu Nam Mỹ', '1', '10.7781277', '106.7013626', '2017-09-30 22:01:00', '0', null);
INSERT INTO `restaurants` VALUES ('84', 'Nhà hàng Shri', '72-74 Nguyễn Thị Minh Khai, Q.3 | Tầng 23 Toà Nhà Centec, Thành phố Hồ Chí Minh , Việt Nam\n\n', '84838279631', 'http://shri.vn/', '9', 'banhxeo.jpg', 'Quầy bar, Kiểu Âu, Kiểu Á', '1', '10.7825756', '106.6954269', '2017-09-30 22:01:01', '0', null);
INSERT INTO `restaurants` VALUES ('85', 'Xu Restaurant Lounge', '71-75 Hai Ba Trung Street, District 1 | Near Hyatt, Caravelle, Sheraton & Intercontinental Hotels, Thành phố Hồ Chí Minh, Việt Nam\n\n', '84838248468', 'http://www.xusaigon.com/', '9', 'nemnuong.jpg', '  Kiểu Á, Kiểu Việt, Phù hợp với người ăn chay', '1', '10.7768993', '106.7023087', '2017-09-30 22:01:01', '0', null);
INSERT INTO `restaurants` VALUES ('86', 'Nhà Hàng Trois Gourmands', '39 Trần Ngọc Diện | Thảo Điền, Quận 2, Thành phố Hồ Chí Minh , Việt Nam\n\n', '84837444585', 'http://3gourmandsaigon.com/index.php?lang=en', '9', 'nhahang6.jpg', ' Kiểu Pháp, Kiểu Âu, Phù hợp với người ăn chay', '1', '10.8060942', '106.7385483', '2017-09-30 22:01:02', '0', null);
INSERT INTO `restaurants` VALUES ('87', 'The Deck Saigon', '38 Nguyen U Di | Thao Dien, Thành phố Hồ Chí Minh District 2, Việt Nam\n\n', '84837446632', 'http://www.thedecksaigon.com/', '9', 'banhbeo.jpg', ' Kiểu Á, Món kết hợp, Phù hợp với người ăn chay', '1', '10.8070660', '106.7423325', '2017-09-30 22:01:03', '0', null);
INSERT INTO `restaurants` VALUES ('88', 'NAMO Tuscan Grill', '146-148 Pasteur | Phường Bến Nghé, Quận 1, Thành phố Hồ Chí Minh , Việt Nam\n\n', '84838221431', 'http://www.namogrill.com/', '9', 'banhcong.jpg', ' Kiểu Ý, Nhà hàng bít tết, Thịt nướng', '1', '10.7754507', '106.6985092', '2017-09-30 22:01:03', '0', null);
INSERT INTO `restaurants` VALUES ('89', 'Sushi REI', '10 Nguyễn Thị Minh Khai, Đa Kao, Thành phố Hồ Chí Minh , Việt Nam\n\n', '841264424653', 'https://www.facebook.com/sushirei.tsukiji/', '9', 'vitnauchao.jpg', ' Kiểu Nhật, Sushi, Hải sản', '1', '10.7887239', '106.7002869', '2017-09-30 22:01:04', '0', null);
INSERT INTO `restaurants` VALUES ('90', 'Stoker Woodfired Grill & Bar', '44 Mac thi Buoi, Thành phố Hồ Chí Minh , Việt Nam\n\n', '84907292725', 'http://stokerwoodfiredgrill.com/', '9', 'nhahang3.jpg', ' Nhà hàng bít tết, Quầy bar, Thịt nướng', '1', '10.7755289', '106.7025375', '2017-09-30 22:01:04', '0', null);
INSERT INTO `restaurants` VALUES ('91', 'Nhà hàng Quán Lá', '126 Phan Ngọc Hiển, TP. Cà Mau', ' 3835183', 'null', '10', 'banhxeo.jpg', 'null', '1', '9.1811371', '105.1201096', '2017-09-30 22:01:05', '0', null);
INSERT INTO `restaurants` VALUES ('92', 'Nhà hàng Sơn Nam', '38 quốc lộ 1A, ấp Bà Điều, TP. Cà Mau', '3818204', 'null', '10', 'nhahang2.jpg', 'null', '1', '9.1526041', '105.1202774', '2017-09-30 22:01:05', '0', null);
INSERT INTO `restaurants` VALUES ('93', 'Nhà hàng Phố Xưa', '239 Phan Ngọc Hiển, TP. Cà Mau', '3566666', 'null', '10', 'banhbeo.jpg', 'null', '1', '9.1841326', '105.1427612', '2017-09-30 22:01:05', '0', null);
INSERT INTO `restaurants` VALUES ('94', 'Nhà hàng Hội Quán Thế kỷ', '70 Trần Văn Thời, TP. Cà Mau', '3561222', 'null', '10', 'banhcong.jpg', 'null', '1', '9.1776648', '105.1575928', '2017-09-30 22:01:06', '0', null);
INSERT INTO `restaurants` VALUES ('95', 'Nhà Hàng Hải Sản Quạt Mo  ', '14-16 Bùi Thị Trường, P.5, Cà Mau, Việt Nam\n\n', '84919969965', 'https://sites.google.com/site/nhahanghaisanquatmotaicamau/hai-san-quat-mo-ca-mau', '10', 'nhahang6.jpg', 'null', '1', '9.1786060', '105.1541519', '2017-09-30 22:01:06', '0', null);
INSERT INTO `restaurants` VALUES ('96', 'Danny Dinh  ', '108 Ha Huy Tap , Nam Long 1 , PMH | 108 Ha Huy Tap , Nam Long 1 , PMH, Cà Mau , Việt Nam', '84968036803', 'http://www.kimfoodcourt.com/', '10', 'banhxeo.jpg', ' Kiểu Trung Quốc, Kiểu Mỹ, Kiểu Thái', '1', '0.0000000', '0.0000000', '2017-09-30 22:01:07', '0', null);
INSERT INTO `restaurants` VALUES ('97', 'Nhà hàng Bình Thủy Quán', ' 93 đường Cách Mạng Tháng 8 , Cần Thơ', ' (84-292) 3889 889', '', '11', 'nemnuong.jpg', '', '1', '10.0732107', '105.7304535', '2017-09-30 22:01:07', '0', null);
INSERT INTO `restaurants` VALUES ('98', 'Nhà hàng Bốn Mùa Hải Sản', '2 Đường Nguyễn Trãi, phường Cái Khế, quận Ninh Kiều, Cần Thơ', ' (84-292) 3769 096', '', '11', 'vitnauchao.jpg', '', '1', '10.0164518', '105.7621918', '2017-09-30 22:01:08', '0', null);
INSERT INTO `restaurants` VALUES ('99', 'Nhà hàng Ninh Kiều', '2 đường Hai Bà Trưng, quận Bình Thủy, Cần Thơ', ' (84-292) 3821 171', '', '11', 'banhbeo.jpg', '', '1', '10.0369740', '105.7877045', '2017-09-30 22:01:09', '0', null);
INSERT INTO `restaurants` VALUES ('100', 'Nhà hàng Cây Bưởi', '2 đường Trần Đại Nghĩa, quận Ninh Kiều, Cần Thơ', ' (84-292) 3684 999', '', '11', 'banhcong.jpg', '', '1', '10.0189266', '105.7826385', '2017-09-30 22:01:09', '0', null);
INSERT INTO `restaurants` VALUES ('101', 'Nhà hàng Nam Bộ', '1 đường Ngô Quyền, quận Ninh Kiều, Cần Thơ', '(84-292) 3823 908', '', '11', 'nhahang6.jpg', '', '1', '10.0336885', '105.7861176', '2017-09-30 22:01:10', '0', null);
INSERT INTO `restaurants` VALUES ('102', 'Nhà hàng Phương Nam', '48 đường Hai Bà Trưng, quận  Ninh Kiều, Cần Thơ', '(84-292) 3812 077', '', '11', 'banhxeo.jpg', '', '1', '10.2899599', '105.5132980', '2017-09-30 22:01:10', '0', null);
INSERT INTO `restaurants` VALUES ('103', 'Nhà hàng Hoa Cau', '4 đường Hai Bà Trưng, quận Ninh Kiều, Cần Thơ', '(84-292) 3822 218', '', '11', 'nhahang2.jpg', '', '1', '10.0348911', '105.7867432', '2017-09-30 22:01:11', '0', null);
INSERT INTO `restaurants` VALUES ('104', 'Nhà hàng Hoa Sứ', 'phường Cái Khế, quận Ninh Kiều, Cần Thơ', '(84-292) 3820 717', '', '11', 'banhxeo.jpg', '', '1', '10.0392475', '105.7897873', '2017-09-30 22:01:11', '0', null);
INSERT INTO `restaurants` VALUES ('105', 'Nhà hàng Mekong', '2/2 đường Nguyễn Trãi, quận Ninh Kiều, Cần Thơ', '(84-292) 3821 646', '', '11', 'banhbeo.jpg', '', '1', '10.0392475', '105.7832184', '2017-09-30 22:01:12', '0', null);
INSERT INTO `restaurants` VALUES ('106', 'Nhà hàng Hoàng Cung', '55 đường Phan Đình Phùng, quận Ninh Kiều, Cần Thơ', '(84-292) 3814 691', '', '11', 'banhcong.jpg', '', '1', '10.0325146', '105.7847214', '2017-09-30 22:01:12', '0', null);
INSERT INTO `restaurants` VALUES ('107', 'Nhà hàng Oasis', '1 đường Lê Lợi ,\n TP Vũng Tàu', '(84-254) 3858 088', '', '12', 'nhahang6.jpg', '', '1', '10.5708656', '106.6762924', '2017-09-30 22:01:13', '0', null);
INSERT INTO `restaurants` VALUES ('108', 'Nhà hàng Thái\n Bình Dương', '1 đường Lê Lợi ,\n TP Vũng Tàu', '(84-254) 3810 418', '', '12', 'nhahang.jpg', '', '1', '0.0000000', '0.0000000', '2017-09-30 22:01:13', '0', null);
INSERT INTO `restaurants` VALUES ('109', 'Nhà hàng Palace', '11 đường Nguyễn Trãi ,\n TP Vũng Tàu', ' (84-254) 3856 265', '', '12', 'banhxeo.jpg', '', '1', '10.3430119', '107.0737152', '2017-09-30 22:01:14', '0', null);
INSERT INTO `restaurants` VALUES ('110', 'Nhà hàng Hòn \nNgọc Biển Đông', '205 Lê Hồng Phong,\nTP Vũng Tàu', '(84-254) 3858 871', '', '12', 'nhahang3.jpg', '', '1', '10.3523102', '107.0863190', '2017-09-30 22:01:14', '0', null);
INSERT INTO `restaurants` VALUES ('111', 'Nhà hàng Lotteria \nVũng Tàu', '9 Hạ Long, TP \nVũng Tàu', '(84-254) 2253 360', '', '12', 'banhbeo.jpg', '', '1', '10.3516560', '107.0791550', '2017-09-30 22:01:15', '0', null);
INSERT INTO `restaurants` VALUES ('112', 'Nhà hàn Sao Biển', 'Resort Biển Đông, 8 đường Thùy Vân,\nTP Vũng Tàu', '(84-254) 3522 187', '', '12', 'banhcong.jpg', '', '1', '10.3505268', '107.0498810', '2017-09-30 22:01:15', '0', null);
INSERT INTO `restaurants` VALUES ('113', 'Nhà hàng Lan\n Rừng', '3 đường Hạ Long,\nTP Vũng Tàu', ' (84-254) 3526 010', '', '12', 'nhahang.jpg', '', '1', '10.3269787', '107.0787964', '2017-09-30 22:01:16', '0', null);
INSERT INTO `restaurants` VALUES ('114', 'Nhà hàng Cây\n Bàng', '69 đường Trần Phú,TP Vũng Tàu', '(84-254) 3838 522', '', '12', 'nhahang6.jpg', '', '1', '10.6527376', '106.8799210', '2017-09-30 22:01:16', '0', null);
INSERT INTO `restaurants` VALUES ('115', 'Nhà hàng Gành\n Hào 2', '9 đường Hạ Long,\nTP Vũng Tàu', '(84-254) 3577 777', '', '12', 'banhxeo.jpg', '', '1', '10.3391991', '107.0688477', '2017-09-30 22:01:17', '0', null);
INSERT INTO `restaurants` VALUES ('116', 'Nhà hàng Gành\n Hào', '3 đường Trần Phú,TP Vũng Tàu', '(84-254) 3550 909', '', '12', 'banhbeo.jpg', '', '1', '10.3599195', '107.0580292', '2017-09-30 22:01:17', '0', null);
INSERT INTO `restaurants` VALUES ('117', 'Quan Hai Lau\n Restaurant', 'đường Bãi Cháy, Thành phố Hạ Long', '(84-203) 3847 037', '', '13', 'banhcong.jpg', '', '1', '0.0000000', '0.0000000', '2017-09-30 22:01:18', '0', null);
INSERT INTO `restaurants` VALUES ('118', 'Nhà hàng nổi Bưng Mo', '35 đường Bến Tàu, Thành phố Hạ Long', '(84-203) 3828 951', '', '13', 'nhahang2.jpg', '', '1', '0.0000000', '0.0000000', '2017-09-30 22:01:18', '0', null);
INSERT INTO `restaurants` VALUES ('119', 'Nhà hàng Tuyết Tuyết', 'Khu 8, thị trấn Cái Rồng, huyện Vân Đồn', ' (84-203) 3874 256', '', '13', 'nhahang3.jpg', '', '1', '21.0708065', '107.4226151', '2017-09-30 22:01:19', '0', null);
INSERT INTO `restaurants` VALUES ('120', 'Nhà hàng Hồng Kông', 'đường Hạ Long, Thành phố Hạ Long', '(84-203) 3847 591', '', '13', 'nhahang6.jpg', '', '1', '20.9530983', '107.0269241', '2017-09-30 22:01:19', '0', null);
INSERT INTO `restaurants` VALUES ('121', 'Nhà hàng Ha Long Wonder', '98 Bến Tầu Hòn Gai, Thành phố Hạ Long', '(84-203) 3811 279', '', '13', 'banhxeo.jpg', '', '1', '15.8978548', '101.9342880', '2017-09-30 22:01:20', '0', null);
INSERT INTO `restaurants` VALUES ('122', 'Anh Duong Restaurant', 'Tổ 6, phường\n Yết Kiều, thành phố Hạ Long', '(84-203) 6293 666', '', '13', 'nhahang2.jpg', '', '1', '20.9545956', '107.0747147', '2017-09-30 22:01:20', '0', null);
INSERT INTO `restaurants` VALUES ('123', 'Phu Dong Restaurant', '6A đường Lê\n Thánh Tông, Thành phố Hạ Long', '(84-203) 3656 339', '', '13', 'banhbeo.jpg', '', '1', '20.9528389', '106.7642288', '2017-09-30 22:01:21', '0', null);
INSERT INTO `restaurants` VALUES ('124', 'Nhà hàng Công Đoàn', 'Trung tâm du lịch\n Bãi Cháy, thành phố Hạ Long', '(84-203) 3846 780', '', '13', 'banhcong.jpg', '', '1', '20.9342918', '105.9229126', '2017-09-30 22:01:21', '0', null);
INSERT INTO `restaurants` VALUES ('125', 'Nhà hàng Sâm Lợi', 'Bãi biển Trà Cổ,\n thành phố Móng Cái', ' (84-203) 3883 081', '', '13', 'nhahang3.jpg', '', '1', '21.4808292', '108.0225220', '2017-09-30 22:01:22', '0', null);
INSERT INTO `restaurants` VALUES ('126', 'Nhà hàng chay Nàng Tấm', 'Trạm truyền tin\n Yên Tử, thành phố Uông Bí', '(84-203) 3661 027', '', '13', 'banhxeo.jpg', '', '1', '0.0000000', '0.0000000', '2017-09-30 22:01:22', '0', null);
INSERT INTO `restaurants` VALUES ('127', 'Nhà hàng 6 Minh', '3A (B, C, D, E), Cách Mạng Tháng 8, thành phố Rạch Giá', '(84-297) 3864 362 ', '', '14', 'nhahang6.jpg', '', '1', '9.9559107', '105.1202469', '2017-09-30 22:01:23', '0', null);
INSERT INTO `restaurants` VALUES ('128', 'Nhà hàng Gió Biển', '271 Nguyễn An Ninh,\n Thành Phố Rạch Giá', ' (84-297) 3850 345', '', '14', 'banhcong.jpg', '', '1', '9.9966288', '105.0803680', '2017-09-30 22:01:23', '0', null);
INSERT INTO `restaurants` VALUES ('129', 'Nhà hàng Hải Vân', '116 Lam Sơn, Bình San, Thành Phố Rạch Giá, tỉnh Kiên Giang, Vietnam', ' (84-297) 3850 345', '', '14', 'banhbeo.jpg', '', '1', '10.3821669', '104.4840088', '2017-09-30 22:01:24', '0', null);
INSERT INTO `restaurants` VALUES ('130', 'Nhà hàng Hương Biển', '1 Võ Thị Sáu, Khu 1, Dương Đông, Phú Quốc, tỉnh Kiên Giang, Vietnam', '(84-297) 3846 113 ', '', '14', 'banhcong.jpg', '', '1', '10.2143507', '103.9563980', '2017-09-30 21:57:01', '0', null);
INSERT INTO `restaurants` VALUES ('131', 'Nhà hàng Lê Giang', 'Số 7,, Trần Hưng Đạo, Khu phố 7, tt. Dương Đông, Phú Quốc, tỉnh Kiên Giang, Vietnam', ' (84-297) 3846 444', '', '14', 'nhahang2.jpg', '', '1', '10.2008162', '103.9632645', '2017-09-30 22:01:25', '0', null);
INSERT INTO `restaurants` VALUES ('132', 'Nhà hàng Sài Gòn', 'Trần Hưng Đạo, Khu 1, tt. Dương Đông, Tp. Phú Quốc, tỉnh Kiên Giang, Vietnam', '(84-297) 3846 999 ', '', '15', 'banhxeo.jpg', '', '1', '10.2083874', '103.9588699', '2017-09-30 22:01:26', '0', null);
INSERT INTO `restaurants` VALUES ('133', 'Nhà hàng Hòa Bình Zen', 'Ba Mươi Tháng Tư, Khu 1, tt. Dương Đông, Tp. Phú Quốc, tỉnh Kiên Giang, Vietnam', ' (84-297) 399 4555', '', '15', 'nhahang6.jpg', '', '1', '10.2083874', '103.9523010', '2017-09-30 22:01:26', '0', null);
INSERT INTO `restaurants` VALUES ('134', 'Nhà hàng Anh Vũ', ' 79 Nguyễn Trung Trực, tt. Dương Đông, Phú Quốc, tỉnh Kiên Giang, Vietnam', '(84-297) 3846 363', '', '15', 'banhbeo.jpg', '', '1', '10.2210941', '103.9593887', '2017-09-30 22:01:27', '0', null);
INSERT INTO `restaurants` VALUES ('135', 'Nhà hàng Hương Biển', '169 Mạc Thiên Tích, Pháo Đài, Tx. Hà Tiên, tỉnh Kiên Giang, Vietnam', ' (84-297) 3852 072', '', '15', 'banhcong.jpg', '', '1', '10.3787794', '104.4809723', '2017-09-30 22:01:27', '0', null);
INSERT INTO `restaurants` VALUES ('136', 'Nhà hàng Paradise', 'Rạch Giá, 65 Tôn Đức Thắng, Vĩnh Lạc, Tp. Rạch Giá, tỉnh Kiên Giang, Vietnam', '(84-297) 3991 333', '', '15', 'nhahang2.jpg', '', '1', '9.9913483', '105.0829697', '2017-09-30 22:01:28', '0', null);
INSERT INTO `restaurants` VALUES ('137', 'Nhà hàng Long Hoa', '6, đường 3/2, \nThành phố Đà Lạt', ' (84-263) 3822 934', '', '22', 'banhxeo.jpg', '', '1', '11.9430294', '108.4331665', '2017-09-30 22:01:29', '0', null);
INSERT INTO `restaurants` VALUES ('138', 'Nhà hàng Red Sun', '14C đường Hà Huy\n Tập, thành phố Đà Lạt', ' (84-263) 3531 576', '', '22', 'banhxeo.jpg', '', '1', '11.9346647', '108.4389191', '2017-09-30 22:01:29', '0', null);
INSERT INTO `restaurants` VALUES ('139', 'Nhà hàng Hồng Loan', '08, Lê Hồng Phong, Tp. Đà Lạt, Lâm Đồng, Vietnam', ' (84-263) 3837 734', '', '22', 'nhahang3.jpg', '', '1', '11.9334173', '108.4270554', '2017-09-30 22:01:30', '0', null);
INSERT INTO `restaurants` VALUES ('140', 'Nhà hàng Phương Hoàng', ' 81 Phan Đình Phùng Thành Phố Đà Lạt, Phường 2, Tp. Đà Lạt, Lâm Đồng, Vietnam', '(84-263) 3822 773', '', '22', 'banhbeo.jpg', '', '1', '11.9504194', '108.4319687', '2017-09-30 22:01:30', '0', null);
INSERT INTO `restaurants` VALUES ('141', 'Com Nieu Như Ngọc', '19 Hồ Tùng Mậu, 10, Tp. Đà Lạt, Lâm Đồng, Vietnam', ' (84-263) 3833 777', '', '22', 'banhcong.jpg', '', '1', '11.9376326', '108.4361191', '2017-09-30 22:01:31', '0', null);
INSERT INTO `restaurants` VALUES ('142', 'Nhà hàng Thanh Thuy', '02 Nguyễn Thái Học, Phường 1, Đà Lạt, Lâm Đồng 670000, Vietnam', ' (84-263) 3531 668', '', '22', 'nhahang2.jpg', '', '1', '11.9416943', '108.4372101', '2017-09-30 22:01:31', '0', null);
INSERT INTO `restaurants` VALUES ('145', 'Nhà hàng Nam Cần Thơ', '3/2 Cần Thơ', '0986346747', 'cantho@yahoo.com', '11', 'screenshot (156).png', 'Là một nhà hàng đẹp', null, '10.3207998', '106.2353592', null, null, null);

-- ----------------------------
-- Table structure for roles
-- ----------------------------
DROP TABLE IF EXISTS `roles`;
CREATE TABLE `roles` (
  `role_id` int(11) NOT NULL AUTO_INCREMENT,
  `role_tenrole` varchar(255) NOT NULL,
  `role_trangthai` tinyint(1) NOT NULL,
  PRIMARY KEY (`role_id`)
) ENGINE=InnoDB AUTO_INCREMENT=4 DEFAULT CHARSET=utf8;

-- ----------------------------
-- Records of roles
-- ----------------------------
INSERT INTO `roles` VALUES ('1', 'admin', '0');
INSERT INTO `roles` VALUES ('2', 'khách hàng', '1');
INSERT INTO `roles` VALUES ('3', 'a', '0');

-- ----------------------------
-- Table structure for roomhotels
-- ----------------------------
DROP TABLE IF EXISTS `roomhotels`;
CREATE TABLE `roomhotels` (
  `roomhotel_id` int(11) NOT NULL AUTO_INCREMENT,
  `hotel_id` int(11) DEFAULT NULL,
  `typeroom_id` int(11) DEFAULT NULL,
  `roomhotel_soluong` int(11) DEFAULT NULL,
  `roomhotel_mota` varchar(255) DEFAULT NULL,
  `roomhotel_trangthai` varchar(255) DEFAULT NULL,
  PRIMARY KEY (`roomhotel_id`),
  KEY `hotel_id_fkn` (`hotel_id`),
  KEY `typeroom_id_fkn` (`typeroom_id`),
  CONSTRAINT `hotel_id_fkn` FOREIGN KEY (`hotel_id`) REFERENCES `hotels` (`hotel_id`),
  CONSTRAINT `typeroom_id_fkn` FOREIGN KEY (`typeroom_id`) REFERENCES `typerooms` (`typeroom_id`)
) ENGINE=InnoDB DEFAULT CHARSET=utf8;

-- ----------------------------
-- Records of roomhotels
-- ----------------------------

-- ----------------------------
-- Table structure for scores
-- ----------------------------
DROP TABLE IF EXISTS `scores`;
CREATE TABLE `scores` (
  `score_id` int(11) NOT NULL AUTO_INCREMENT,
  `score_diem` int(5) DEFAULT NULL,
  PRIMARY KEY (`score_id`)
) ENGINE=InnoDB AUTO_INCREMENT=6 DEFAULT CHARSET=utf8;

-- ----------------------------
-- Records of scores
-- ----------------------------
INSERT INTO `scores` VALUES ('1', '1');
INSERT INTO `scores` VALUES ('2', '2');
INSERT INTO `scores` VALUES ('3', '3');
INSERT INTO `scores` VALUES ('4', '4');
INSERT INTO `scores` VALUES ('5', '5');

-- ----------------------------
-- Table structure for services
-- ----------------------------
DROP TABLE IF EXISTS `services`;
CREATE TABLE `services` (
  `service_id` int(11) NOT NULL AUTO_INCREMENT,
  `facilitie_id` int(11) DEFAULT NULL,
  `hotel_id` int(11) DEFAULT NULL,
  `service_trangthai` tinyint(1) DEFAULT NULL,
  PRIMARY KEY (`service_id`),
  KEY `hotelfk` (`hotel_id`),
  KEY `facilitiefk` (`facilitie_id`),
  CONSTRAINT `facilitiefk` FOREIGN KEY (`facilitie_id`) REFERENCES `facilities` (`facility_id`),
  CONSTRAINT `hotelfk` FOREIGN KEY (`hotel_id`) REFERENCES `hotels` (`hotel_id`)
) ENGINE=InnoDB DEFAULT CHARSET=utf8;

-- ----------------------------
-- Records of services
-- ----------------------------

-- ----------------------------
-- Table structure for typehotels
-- ----------------------------
DROP TABLE IF EXISTS `typehotels`;
CREATE TABLE `typehotels` (
  `typehotel_id` int(11) NOT NULL AUTO_INCREMENT,
  `typehotel_ten` varchar(255) CHARACTER SET utf8 NOT NULL,
  `typehotel_trangthai` tinyint(1) NOT NULL,
  PRIMARY KEY (`typehotel_id`)
) ENGINE=InnoDB AUTO_INCREMENT=7 DEFAULT CHARSET=latin1;

-- ----------------------------
-- Records of typehotels
-- ----------------------------
INSERT INTO `typehotels` VALUES ('1', 'Hotel', '1');
INSERT INTO `typehotels` VALUES ('2', 'Resort', '1');
INSERT INTO `typehotels` VALUES ('3', 'Apartment', '1');
INSERT INTO `typehotels` VALUES ('4', 'Villa', '1');
INSERT INTO `typehotels` VALUES ('5', 'Homestay', '1');
INSERT INTO `typehotels` VALUES ('6', 'Du thuyền', '1');

-- ----------------------------
-- Table structure for typerooms
-- ----------------------------
DROP TABLE IF EXISTS `typerooms`;
CREATE TABLE `typerooms` (
  `typeroom_id` int(11) NOT NULL AUTO_INCREMENT,
  `typeroom_tenloai` varchar(255) NOT NULL,
  `typeroom_giuongcaocap` tinyint(1) DEFAULT NULL,
  `typeroom_giuongthuong` tinyint(1) DEFAULT NULL,
  `typeroom_giuongdon` tinyint(1) DEFAULT NULL,
  `typeroom_giuongdoi` tinyint(1) DEFAULT NULL,
  `typeroom_trangthai` tinyint(1) NOT NULL,
  PRIMARY KEY (`typeroom_id`)
) ENGINE=InnoDB AUTO_INCREMENT=3 DEFAULT CHARSET=utf8;

-- ----------------------------
-- Records of typerooms
-- ----------------------------
INSERT INTO `typerooms` VALUES ('1', 'Bình Thường', '1', '1', '1', '1', '0');
INSERT INTO `typerooms` VALUES ('2', 'Cao Cấp', '0', '0', '0', '0', '0');

-- ----------------------------
-- Table structure for users
-- ----------------------------
DROP TABLE IF EXISTS `users`;
CREATE TABLE `users` (
  `user_id` int(11) NOT NULL AUTO_INCREMENT,
  `email` varchar(255) NOT NULL,
  `password` varchar(255) NOT NULL DEFAULT '',
  `user_trangthaiduyet` tinyint(1) DEFAULT NULL,
  `user_trangthai` tinyint(1) DEFAULT NULL,
  `role_id` int(11) DEFAULT NULL,
  `user_ho` varchar(20) NOT NULL,
  `user_gioitinh` int(1) NOT NULL,
  `user_ngaysinh` date NOT NULL,
  `user_cmnd` varchar(10) DEFAULT NULL,
  `user_sdt` varchar(20) DEFAULT NULL,
  `user_diachi` varchar(255) DEFAULT NULL,
  `user_ten` varchar(255) NOT NULL,
  `user_hinhanh` varchar(255) CHARACTER SET latin1 NOT NULL,
  `user_passkey` varchar(13) DEFAULT NULL,
  `user_timeout` timestamp NULL DEFAULT NULL ON UPDATE CURRENT_TIMESTAMP,
  PRIMARY KEY (`user_id`),
  KEY `role_fkn` (`role_id`),
  CONSTRAINT `role_fkn` FOREIGN KEY (`role_id`) REFERENCES `roles` (`role_id`)
) ENGINE=InnoDB AUTO_INCREMENT=16 DEFAULT CHARSET=utf8;

-- ----------------------------
-- Records of users
-- ----------------------------
INSERT INTO `users` VALUES ('1', 'tram@gmail.com', '$2y$10$gw781olrAPZtXFhckIx.feQY4ontIntD4liqZhKmYhi6k8CETuYi2', '1', '1', '2', 'Nguyễn Thị', '0', '1994-07-30', '12345', '0123456', 'Đồng Tháp', ' Ngọc Trâm', 'naeun.jpg', '59e48390b8e58', '2017-10-17 17:01:52');
INSERT INTO `users` VALUES ('2', 'ngoc@gmail.com', '$2y$10$hJy5OToX2qfBI5XT8OEz4uhX1vrMxjgRXySpYGXKanWh6PAYBWQzW', '1', '1', '1', 'Trần', '1', '1990-03-01', '12345', '0908709', 'cần thơ', 'ngọc', 'about-01.jpg', null, null);
INSERT INTO `users` VALUES ('3', 'quan@gmail.com', '$2y$10$hJy5OToX2qfBI5XT8OEz4uhX1vrMxjgRXySpYGXKanWh6PAYBWQzW', '1', '1', '2', 'Đỗ', '1', '1995-10-12', '12345', '0908676789', 'Đồng Tháp', 'Thành Quân', 'about-01.jpg', null, null);
INSERT INTO `users` VALUES ('4', 'trung@gmail.com', '$2y$10$XpPWRGaLIncaznVeLoG3BuuXdXfhNFaxLIxHLTRRzvEJufmY99my2', null, null, '2', 'Trần', '1', '2012-09-17', '1234567', '0908123456', 'Cần Thơ', 'Trung', '11.jpg', null, null);
INSERT INTO `users` VALUES ('9', 'tam@gmail.com', '$2y$10$NEvyaTg8xX.53mapUorYfu0F7EVZrgpCAsyOrqb8CRyUJwdlP1MGi', null, null, '2', 'Nguyễn', '1', '2012-09-17', '12345', '01234556678', 'Bến Tre', 'Thanh Tâm', 'testimonials-02.png', null, null);
INSERT INTO `users` VALUES ('11', 'tran@gmail.com', '$2y$10$M4hXd5nNn18rDr5PFPfw5uL82Hn0j6exfnGQRLX0BNublyJFjTlke', null, null, '2', 'Huỳnh Ngọc ', '0', '2012-09-18', '95674903', '0908989898', 'Sóc Trăng', 'Trân Trân', 'naeun2.jpg', null, '2017-10-17 20:34:59');
INSERT INTO `users` VALUES ('12', 'tinh@gmail.com', '$2y$10$bqLaEgUDp9l53gDktl7qHukPL0UO7sDjBdgOM.jW0von9PvcF72x.', null, null, '1', 'Trần', '1', '2012-09-19', '1234', '0904898989', 'Vĩnh Long', 'Thanh Tính', '11.jpg', null, null);
INSERT INTO `users` VALUES ('13', 'bt@gmail.com', '$2y$10$3OjwLias2ieOFP6iW38.bO6JkXMOIUfSKj0f5YyP4fvzu5gGYD38S', null, null, '2', 'Nguyễn', '0', '2012-10-14', '12345', '0908989898', 'Cần Thơ', 'Bích Tuyền', 'naeun2.jpg', null, null);
INSERT INTO `users` VALUES ('14', 'bao@gmail.com', '$2y$10$k65nAfT8Jx5DI94cmG4uPuZSUvAFf25ltwPEDg/ZBf36sVDYR.8Le', null, null, '2', 'Trần', '1', '2017-10-14', '12746238', '0908123456', 'Đồng Tháp', 'Bảo Ngọc', 'about-03.jpg', null, null);
INSERT INTO `users` VALUES ('15', 'ntntram3007@gmail.com', '$2y$10$IE3jclkHBzUB5AJp8sWmB.fIurAMjrVkGh6A9YBXmjnfqdnIiO4LW', null, null, '2', 'Nguyễn Thị', '0', '2017-10-16', '341669503', '0963881137', 'Đồng Tháp', 'Bích Tuyền', 'about-02.jpg', '59e49f7ea0183', '2017-10-17 19:01:02');
